source_index,actual,predicted,residual,Scaffold_InChI
1484,6.88606,5.906167984008789,0.9798920159912106,KLIDKQGGBABHRK-UHFFFAOYSA-N
3113,8.38616,6.467782974243164,1.9183770257568362,KLRSIHXKOHRWGL-UHFFFAOYSA-N
45,6.03152,6.897734642028809,-0.8662146420288082,KLSMYIMTXFGOQC-UUSAFJCLSA-N
686,5.96257,8.126245498657227,-2.163675498657226,KLXQFCIXRZUYOM-UHFFFAOYSA-N
2931,5.89963,6.470126628875732,-0.5704966288757323,KMGYPQZJZPNGND-UHFFFAOYSA-N
4105,6.0655,5.834772109985352,0.23072789001464855,KMKOTLZTNMZGJF-UHFFFAOYSA-N
1778,5.211255,5.719377040863037,-0.5081220408630367,KMPKEANIOVTMHB-UHFFFAOYSA-N
3362,5.04096,5.706013202667236,-0.6650532026672362,KNOXUMZPTHELAO-MDZDMXLPSA-N
1447,6.52288,6.039816856384277,0.48306314361572245,KNPXKNFBXUYCEE-UHFFFAOYSA-N
3076,5.18709,6.271844863891602,-1.0847548638916011,KOEQXAIZPKXQOX-UHFFFAOYSA-N
4373,7.4437,5.850109577178955,1.5935904228210447,KONHBRCXLFNLSI-UHFFFAOYSA-N
1538,5.1607,5.974756717681885,-0.8140567176818845,KPAKEDUKXVSIAP-UHFFFAOYSA-N
500,6.16115,6.012273788452148,0.1488762115478517,KPENLIKLNFPEDW-UHFFFAOYSA-N
892,5.55752,6.543017864227295,-0.9854978642272947,KPFQNZTVVGUJNC-UHFFFAOYSA-N
2710,6.1549,5.557991027832031,0.5969089721679683,KPHCBSJHHQUBBB-VAWYXSNFSA-O
2955,8.90309,6.910988807678223,1.992101192321778,KQDHQTOBWNWDSA-UHFFFAOYSA-N
1603,6.92445,7.684072971343994,-0.7596229713439939,KQMHXFQNNKQQBX-UHFFFAOYSA-N
1455,7.69897,7.545799732208252,0.15317026779174814,KQWKYDIWXCLYSS-UHFFFAOYSA-N
252,6.67778,6.58460807800293,0.09317192199707058,KRAMYPMGEFPBRK-UHFFFAOYSA-N
1936,6.36552,8.126119613647461,-1.7605996136474609,KSEVRYJNJWUQGX-WZJLIZBTSA-N
3932,6.28316,6.036182403564453,0.2469775964355465,KSHJDRKPALPTDQ-UHFFFAOYSA-N
3158,9.13668,9.090219497680664,0.04646050231933607,KSYYXMRZAZGDOQ-UHFFFAOYSA-N
4119,5.48945,5.897669792175293,-0.40821979217529325,KTEDBFKQSUUOQJ-UHFFFAOYSA-N
1156,7.19382,7.060769081115723,0.133050918884277,KTJJCDOTNADSQC-UHFFFAOYSA-N
728,5.99443,6.091421604156494,-0.09699160415649377,KUAJKNGLESWEFE-UHFFFAOYSA-N
4374,7.173394999999999,6.7865190505981445,0.38687594940185477,KVANOXIAOYTXBY-ANHUGMMASA-N
3986,7.4437,6.7865190505981445,0.6571809494018552,KVANOXIAOYTXBY-VWERDZHISA-N
3987,7.49485,6.7865190505981445,0.708330949401855,KVANOXIAOYTXBY-ZBWWXOROSA-N
2686,5.45967,7.874815940856934,-2.4151459408569336,KVVAPUNFOVXMRP-UHFFFAOYSA-N
1568,5.04576,5.346108436584473,-0.3003484365844731,KWPBVFQAFVAEQI-UHFFFAOYSA-N
4233,5.94006,5.97223424911499,-0.03217424911499034,KXAKIOXJTOXOFV-UHFFFAOYSA-N
3784,6.19382,6.443742275238037,-0.24992227523803745,KXIBITNVZKITGB-UHFFFAOYSA-N
1850,5.01323,5.641362190246582,-0.628132190246582,KXIMCEQJXLUWHI-UHFFFAOYSA-N
2169,6.04096,5.748972415924072,0.29198758407592784,KXIOXPYBXRMFRW-AMHDBWEISA-N
663,5.72816,5.917416572570801,-0.18925657257080086,KXLZLGLFLZFJND-UHFFFAOYSA-N
4484,6.36653,6.034046649932861,0.3324833500671387,KXPZDBDNEFKDID-UHFFFAOYSA-N
2817,5.07572,5.7303547859191895,-0.6546347859191899,KXQNOWMLPWGWBP-CMZGHENWSA-N
1189,6.09691,7.086481094360352,-0.9895710943603513,KXVMGAJDZLDKQI-UHFFFAOYSA-N
3859,7.45643,5.691591739654541,1.764838260345459,KYZDSNSHJIAEDG-MLGMXDONSA-N
747,8.24795,7.538973808288574,0.7089761917114252,KZBDXZADYXMDAU-UHFFFAOYSA-N
1762,5.13668,5.478331089019775,-0.34165108901977526,KZERSYUYKGQNPJ-UHFFFAOYSA-N
4436,5.31158,5.817908763885498,-0.5063287638854979,KZJOEKCJUWZUDR-UHFFFAOYSA-N
1807,8.3279,6.931124687194824,1.3967753128051754,KZMBWUIEJCJZBV-UHFFFAOYSA-N
1976,8.17393,7.702569961547852,0.4713600384521488,LANUZOXSXLEPKJ-LHHJGKSTSA-N
978,6.17783,6.540860176086426,-0.3630301760864256,LBCGLABVABNEMP-UHFFFAOYSA-N
419,5.42022,5.578842639923096,-0.1586226399230961,LBLJHHKZXXWZDP-UHFFFAOYSA-O
1339,5.17393,6.056982040405273,-0.8830520404052731,LBMKKZJBOCYBME-UHFFFAOYSA-N
3561,5.29243,5.78750467300415,-0.49507467300415,LCDFBLQZHZCJQE-DEDYPNTBSA-N
1186,5.79588,7.0782318115234375,-1.2823518115234371,LCMITKKRKVHZDJ-UHFFFAOYSA-N
185,6.65758,6.39345645904541,0.2641235409545901,LDGDDRDPNUGELX-UHFFFAOYSA-N
1333,6.05061,5.591936111450195,0.4586738885498045,LDGORKJXEGHFBK-UHFFFAOYSA-N
3361,5.16749,5.612616062164307,-0.4451260621643067,LDIIACNKONNAKC-ZHACJKMWSA-N
3046,8.85387,8.870375633239746,-0.01650563323974552,LDRGEOHTADJCMG-UHFFFAOYSA-N
159,5.0,5.833184242248535,-0.8331842422485352,LEOAPPUQLNSKKM-UHFFFAOYSA-O
3707,8.04576,5.9519829750061035,2.093777024993896,LFMPWJJCTJFRIQ-UHFFFAOYSA-N
3489,6.56067,6.64717960357666,-0.08650960357666015,LFWFCHMDFSYISD-UHFFFAOYSA-N
1451,7.09691,6.956360340118408,0.14054965988159207,LGGRUTTWKKNPBL-UHFFFAOYSA-N
742,6.86967,7.388843536376953,-0.519173536376953,LGIYYLQDDURTPC-UHFFFAOYSA-N
1202,8.55284,6.448864936828613,2.1039750631713865,LGXCSHCYSGNVRU-UHFFFAOYSA-N
1337,5.5376,6.426975727081299,-0.8893757270812985,LHEPJLPPJGFRTK-UHFFFAOYSA-N
4250,8.4828,7.547067165374756,0.9357328346252434,LHHRNILYPUULMY-UHFFFAOYSA-N
2313,9.0655,7.6645965576171875,1.4009034423828126,LJASCSHXLYLOCF-UHFFFAOYSA-N
1601,6.18709,6.2576680183410645,-0.07057801834106403,LJFVPOWFRVHVCE-UHFFFAOYSA-N
4247,7.25964,6.038786888122559,1.2208531118774415,LJMKYGLQLOCVOX-UHFFFAOYSA-N
188,9.08619,7.166370391845703,1.919819608154297,LJOHFNXUZYVXKU-GIDUJCDVSA-N
412,7.030094999999999,6.552848815917969,0.47724618408203057,LKLNTTMWFRNYLE-UHFFFAOYSA-N
3128,6.4,7.764965057373047,-1.3649650573730465,LKYPBIDVZVMEJC-UHFFFAOYSA-N
140,6.4437,6.445274353027344,-0.0015743530273439887,LLCXJIQXTXEQID-UHFFFAOYSA-N
1984,5.17393,5.533409595489502,-0.3594795954895016,LLKFJYQNMVLNQH-UHFFFAOYSA-N
1567,5.73283,6.027073860168457,-0.29424386016845716,LLQHPOGBHSQGIS-UHFFFAOYSA-N
1848,5.08619,5.667183876037598,-0.5809938760375974,LMCOXFRMYOOHTQ-UHFFFAOYSA-N
1939,5.819455,6.085168838500977,-0.26571383850097696,LMDWOGWJYVSXEP-UHFFFAOYSA-N
1875,5.30103,6.462913990020752,-1.161883990020752,LMRYKOITXGPOTD-GNQZZEJZSA-P
3721,8.76955,6.010470867156982,2.759079132843018,LNJNVHASYGIIGW-AERCQKQUSA-N
1947,6.697985,5.866857528686523,0.8311274713134766,LNLUVPQAOVPJBA-UHFFFAOYSA-N
4359,5.12321,7.8470988273620605,-2.7238888273620603,LNSQBUNVLVSCFP-UHFFFAOYSA-N
3070,6.14509,6.429234027862549,-0.2841440278625491,LOMLPRNAQQELSF-UHFFFAOYSA-N
4171,5.70333,5.531577110290527,0.1717528897094729,LORLQYHGPSTDNK-UHFFFAOYSA-N
1182,7.88606,7.72361421585083,0.16244578414916955,LORWXMAHQNWARL-UHFFFAOYSA-N
2168,5.00087,5.622787952423096,-0.6219179524230958,LPIFXILUEMBTCX-BKKCBISKSA-N
191,8.52288,6.322831630706787,2.2000483692932136,LPRUNAQVOWSBJG-HPZPYXEMSA-N
2151,6.16115,6.2925567626953125,-0.13140676269531237,LPWVTUMTKDCCNP-UHFFFAOYSA-N
2821,7.52288,6.517083168029785,1.0057968319702146,LQEPEEBJMGRUTB-UHFFFAOYSA-O
3913,6.99482,6.8528056144714355,0.14201438552856427,LRCIAPHTAFIGJP-UHFFFAOYSA-N
1442,7.30103,7.416620254516602,-0.11559025451660165,LRDCLONACLGVJA-UHFFFAOYSA-N
615,6.44,4.709256649017334,1.7307433509826664,LRSCIYPDEMDQMT-UHFFFAOYSA-N
3344,5.24872,5.684484481811523,-0.43576448181152383,LRXKXDGJVHZGBH-UHFFFAOYSA-N
3724,8.59007,7.890286445617676,0.699783554382325,LSFWUJRQMXZSOC-UHFFFAOYSA-N
649,8.34679,7.112597465515137,1.2341925344848637,LSSXTHMZSGISCG-UHFFFAOYSA-N
278,6.69001,6.501400947570801,0.18860905242919923,LSUCCSWVSLIXFS-UHFFFAOYSA-N
282,7.11003,8.07125473022461,-0.9612247302246093,LSUCCSWVSLIXFS-UHFFFAOYSA-P
955,6.26761,5.312629222869873,0.9549807771301273,LTBJYPJFZDDCOG-UHFFFAOYSA-N
2727,6.0,5.98490571975708,0.015094280242919922,LUHTXESUYWNUHX-VQHVLOKHSA-O
1934,7.13966,8.067004203796387,-0.9273442037963866,LULBMSHNEMZDRJ-XAZDILKDSA-N
503,5.88606,5.995026111602783,-0.10896611160278358,LWFQNJAPVYTWRX-UHFFFAOYSA-N
3951,7.0,6.144112586975098,0.8558874130249023,LWVUZOJDTADSJC-UHFFFAOYSA-N
4003,7.5376,7.245548248291016,0.2920517517089847,LWYDBOHLFCMJNH-UHFFFAOYSA-N
3708,5.85574,5.710987091064453,0.14475290893554682,LXDZCXRWZBSWSC-UHFFFAOYSA-N
1784,6.319135,5.6750054359436035,0.6441295640563967,LXGYQONCQFKEMB-UHFFFAOYSA-P
1523,6.50864,7.487546443939209,-0.9789064439392092,LXHLLMBSBHOUQL-UHFFFAOYSA-N
4123,7.95468,7.534512519836426,0.42016748016357397,LXVCDZVNBBFHGI-UHFFFAOYSA-N
1982,5.07058,5.553583145141602,-0.4830031451416019,LXVLXTOGEZKUHJ-UHFFFAOYSA-N
3818,5.41794,6.616004467010498,-1.1980644670104983,LYKSSAAPEDIAHE-UHFFFAOYSA-N
1817,6.09691,6.512480735778809,-0.4155707357788083,LYSYREGAWZUWGY-UHFFFAOYSA-N
3924,7.23657,7.065219402313232,0.17135059768676797,LYTOTCHMODLODP-UHFFFAOYSA-N
2474,6.15366,6.32312536239624,-0.16946536239623988,LZILEQYIQFONPP-UHFFFAOYSA-N
2013,6.48812,6.640741348266602,-0.15262134826660123,LZVYOGAQFAUJQK-UHFFFAOYSA-N
1408,5.4318,6.874241828918457,-1.442441828918457,MAEVORUJDMVVKA-UHFFFAOYSA-N
3476,8.35556,7.486089706420898,0.8694702935791021,MAKIKOJCBLJSBI-XCVCLJGOSA-N
1548,5.8716,5.681443214416504,0.19015678558349602,MANMACDKCIDQAF-OZOXKJRCSA-N
1276,7.6073,7.119650840759277,0.48764915924072305,MAPNJCFFJAFKCI-UHFFFAOYSA-N
4511,8.20066,6.40387487411499,1.796785125885009,MAQLCQISUAKZHH-UHFFFAOYSA-N
669,5.46725,6.860841751098633,-1.3935917510986329,MBLGSNIMYVNSQY-VEILYXNESA-N
2469,6.59346,5.912136554718018,0.6813234452819827,MBQLAHYLZRKMBE-UHFFFAOYSA-N
1471,6.25964,6.6476054191589355,-0.38796541915893545,MBSJCNKRIOGOKH-UHFFFAOYSA-N
3991,9.30103,5.922280788421631,3.37874921157837,MCPRSRMRWSYGJU-UHFFFAOYSA-O
1964,7.84771,7.164237022399902,0.6834729776000978,MCUOPHKNTJOYFP-UHFFFAOYSA-N
2048,7.66555,9.211066246032715,-1.5455162460327152,MCVYJIHCBHZILG-UHFFFAOYSA-N
2088,5.98716,6.249628067016602,-0.2624680670166013,MDQLANNVTYKPHS-UHFFFAOYSA-N
112,7.49485,6.91658878326416,0.5782612167358394,MDZNYKIQTOGKAV-UHFFFAOYSA-O
3576,5.63676,5.644984722137451,-0.008224722137451401,MEQMHNDIDFKKBK-UHFFFAOYSA-N
2479,5.22257,5.6255412101745605,-0.4029712101745604,MFPAWVHAZSTHJT-CCEZHUSRSA-N
2542,5.0,6.492066860198975,-1.4920668601989746,MGCVMPGXEBMMCL-UHFFFAOYSA-N
2592,5.20691,5.710465431213379,-0.5035554312133792,MGELODDGLGDEMO-DTQAZKPQSA-N
1405,6.1549,7.015634536743164,-0.8607345367431645,MGWGQFIVWOEKJL-UHFFFAOYSA-N
2834,5.86646,6.3559160232543945,-0.4894560232543945,MGZGPQCRWVOGFE-UHFFFAOYSA-N
3999,5.72125,4.964949131011963,0.7563008689880375,MHNIYXOAHVKAHP-FHWLQOOXSA-N
1461,5.00877,5.691061019897461,-0.6822910198974608,MIALFBONYMMUFB-UHFFFAOYSA-N
3069,7.02687,6.879434585571289,0.14743541442871066,MIGORCBCNUSMCM-UHFFFAOYSA-N
2709,6.52288,5.775020599365234,0.7478594006347654,MIJXWCITRPAPHN-FMIVXFBMSA-O
845,5.89,6.345341205596924,-0.45534120559692415,MIQLQMAVPHSMFC-UHFFFAOYSA-N
1946,6.664775,5.990329742431641,0.674445257568359,MIQVJQGPYICMPP-UHFFFAOYSA-N
1715,7.92082,5.760860919952393,2.1599590800476074,MJAAADNHPZZOGV-UHFFFAOYSA-N
3917,6.60206,6.146478652954102,0.45558134704589826,MJBVDDUQDWQHJK-UHFFFAOYSA-N
2144,6.30715,5.793194770812988,0.5139552291870118,MJGVCCPVNPTNCM-UHFFFAOYSA-N
2319,6.65365,6.3601813316345215,0.29346866836547836,MJILJJIYWSPFOM-UHFFFAOYSA-N
889,6.48545,6.542943000793457,-0.05749300079345687,MJLRCLAZMGKDEF-UHFFFAOYSA-N
822,6.84164,7.008708953857422,-0.16706895385742193,MJMQVXPRWMGQGF-UHFFFAOYSA-N
2606,5.17457,6.301070213317871,-1.126500213317871,MJYGKWGLRNBBFB-HMAPJEAMSA-N
1005,6.79588,6.795677185058594,0.00020281494140661493,MKBDTZUFCAKILN-UHFFFAOYSA-N
3723,8.61979,7.616873741149902,1.0029162588500977,MKXMFZOCSSEJCV-UHFFFAOYSA-N
3029,5.86012,5.645867347717285,0.21425265228271506,MLCSJKYEAXGMNU-UHFFFAOYSA-N
654,7.26761,6.9524126052856445,0.3151973947143558,MLLIICHDNZVKPP-UHFFFAOYSA-O
1709,5.85,5.679271221160889,0.17072877883911097,MLRBVLBULRUZSF-UHFFFAOYSA-N
3960,6.72125,6.080475807189941,0.640774192810059,MMWUNHFZUYXYTK-UHFFFAOYSA-N
23,5.34679,6.657199382781982,-1.310409382781982,MNFPDDOXBZTXJT-UHFFFAOYSA-N
37,7.39794,6.92728328704834,0.47065671295166034,MNTHQQORHVKLKJ-NRWPOFLRSA-N
4093,5.93554,5.56605339050293,0.3694866094970699,MNUPLPUTMVVFAK-UHFFFAOYSA-N
1338,5.38722,6.321631908416748,-0.9344119084167479,MPAHDNFCERDKSX-UHFFFAOYSA-N
4151,5.05502,6.503028392791748,-1.4480083927917482,MPBUSSAAMDECNY-WIYYLYMNSA-N
4005,6.52288,5.958768844604492,0.5641111553955076,MROACZYPNSACCS-CAPFRKAQSA-N
561,6.3279,6.004249095916748,0.3236509040832516,MSZFXSWPABLXFN-UHFFFAOYSA-N
517,5.4023,5.997951984405518,-0.5956519844055173,MTJZJHKTZWMTHU-UHFFFAOYSA-N
2702,5.11805,5.49246072769165,-0.3744107276916502,MTRFEWTWIPAXLG-UHFFFAOYSA-O
1168,5.52288,6.430410861968994,-0.9075308619689944,MUERHLJABPQYPK-UHFFFAOYSA-N
1414,7.59998,6.763830184936523,0.836149815063477,MUPLQQBSTUZKET-UHFFFAOYSA-N
882,9.0,5.143448829650879,3.856551170349121,MUZIZEZCKKMZRT-UHFFFAOYSA-N
1475,7.61979,6.357017993927002,1.262772006072998,MUZKDLUPRQIISK-UHFFFAOYSA-N
50,6.42022,6.904031276702881,-0.48381127670288127,MUZSOOXIIDEEQA-BDPMCISCSA-N
1562,6.56067,5.7788166999816895,0.7818533000183105,MVTFIBGTSXRDNV-UHFFFAOYSA-N
2773,6.11976,5.889195919036865,0.23056408096313508,MVVYFVDKQLNWKX-UHFFFAOYSA-N
4162,5.55596,5.789204120635986,-0.23324412063598654,MXESMWXWOKCZLG-UHFFFAOYSA-N
2655,5.41794,5.642031669616699,-0.22409166961669946,MXJKOUCXOWLJIZ-SAPNQHFASA-N
3474,8.53165,7.696516990661621,0.8351330093383798,MXSHRGFGPVMCGA-UHFFFAOYSA-N
2589,6.14874,5.723081588745117,0.4256584112548829,MXZTVIGIQSMVJU-OBGWFSINSA-N
4570,8.58336,7.676239013671875,0.9071209863281258,MYJKEHAUGRXSIE-RBJSKKJNSA-N
4149,5.75696,6.632448673248291,-0.8754886732482907,MYKHEWPSSAYWKG-WIYYLYMNSA-N
2950,8.70006,7.823934555053711,0.8761254449462896,MYNBXKYXIYYIKJ-UHFFFAOYSA-O
1107,6.06905,6.962744235992432,-0.8936942359924318,NAMSGSSCIKIOGU-UHFFFAOYSA-N
1130,8.09691,7.322316646575928,0.7745933534240717,NAPQAXMGEIBAJT-UHFFFAOYSA-N
1459,5.25964,5.401221752166748,-0.14158175216674795,NAYIVRUMIMUOGQ-UHFFFAOYSA-N
3725,8.6216,7.551170349121094,1.070429650878907,NAZLILVDVXJSSN-UHFFFAOYSA-N
2468,8.15989,6.323084354400635,1.836805645599366,NBOUWUJDTZZUSY-UHFFFAOYSA-N
838,7.37161,6.146756649017334,1.2248533509826665,NBVVRWCJMBZHFJ-UHFFFAOYSA-N
568,6.74473,5.788512706756592,0.9562172932434079,NCLFIDYLRZOTLC-UHFFFAOYSA-N
502,7.60206,7.709407329559326,-0.10734732955932635,NCTLDXMBTJBAHY-UHFFFAOYSA-O
3952,7.82391,6.010187149047852,1.8137228509521481,NDGGVWHRGGHRQA-GCUVURNUSA-N
873,8.73755,8.665324211120605,0.07222578887939513,NDGYHTJSFXYWDD-UHFFFAOYSA-N
3309,5.65189,6.36790657043457,-0.7160165704345705,NDQJZSGEUOFWGU-VIBAHUMZSA-N
3480,7.30103,5.824558734893799,1.476471265106201,NDTHJEZVTDTZTP-RGEXLXHISA-N
3481,7.92082,5.78427267074585,2.1365473292541504,NDTHJEZVTDTZTP-XMHGGMMESA-N
560,6.21467,5.987975597381592,0.22669440261840812,NDZJPHNYJXXGHH-UHFFFAOYSA-N
55,5.14,5.659934997558594,-0.5199349975585941,NDZRSYYYHXGKLK-UHFFFAOYSA-N
1877,5.04096,5.628304481506348,-0.5873444815063475,NEQSCJKQCVKGAH-FZPOJPDKSA-N
2465,7.05502,6.939775466918945,0.11524453308105453,NEQVUFMZTSBHOS-UHFFFAOYSA-N
1933,6.7167,8.043878555297852,-1.3271785552978512,NFOOIRXYDGCVOJ-VIJSPRBVSA-N
1494,6.20901,6.568209648132324,-0.3591996481323241,NFPBTGUWAVUJPB-VNRATWPSSA-N
1874,5.65758,7.199337005615234,-1.541757005615234,NGMMEVAJJBYSJR-OSHKVUPGSA-P
4101,5.44977,5.415128707885742,0.034641292114257816,NGSSPAPFVVRZPW-UHFFFAOYSA-N
1561,6.72125,5.4672441482543945,1.2540058517456059,NHKNFPREKMFLOR-UHFFFAOYSA-N
1983,6.04576,5.868719100952148,0.17704089904785114,NHTLSLIZIOTGBZ-UHFFFAOYSA-N
3077,7.85387,6.987593650817871,0.8662763491821286,NJVWJGAVTXBCBA-UHFFFAOYSA-N
3420,9.03152,6.682487487792969,2.3490325122070317,NKGAOXISUWKUFF-ZBJSNUHESA-N
4562,6.94692,7.232312202453613,-0.28539220245361285,NLDKFVWWVKTRFG-UHFFFAOYSA-N
749,7.76955,7.435920715332031,0.3336292846679685,NLEDYPRAHQTVMI-UHFFFAOYSA-N
839,6.91009,7.726264476776123,-0.8161744767761228,NMLCLPFJRCRERN-UHFFFAOYSA-N
3816,6.46852,6.258945941925049,0.209574058074951,NMQBEVVOJCHTGM-UHFFFAOYSA-N
333,7.55284,6.597014904022217,0.955825095977783,NMZZPFDEUIAGIT-JDXSOMNQSA-N
4057,5.52288,5.285463333129883,0.23741666687011698,NNIPQCUULGCFDQ-UHFFFAOYSA-N
2991,5.33724,5.290532112121582,0.0467078878784184,NNJPSKCGFBHMTD-UHFFFAOYSA-N
4561,6.17522,7.798973083496094,-1.6237530834960934,NOZRXNPVVANDGJ-UHFFFAOYSA-N
2304,5.16115,5.451601982116699,-0.2904519821166991,NPBDDRBKWFIKJB-BUHFOSPRSA-N
2493,7.52288,6.036075115203857,1.4868048847961424,NPEHZTLUXMYGJZ-UHFFFAOYSA-N
1266,7.42022,7.672691822052002,-0.25247182205200236,NPGXFJUCABRJKY-UHFFFAOYSA-N
352,6.92082,7.620283126831055,-0.6994631268310547,NPZKLBFCTYVTBS-UHFFFAOYSA-N
1745,5.78781,5.757390022277832,0.030419977722168312,NPZNJZOHGWNLBR-UHFFFAOYSA-N
3471,8.36151,7.571089744567871,0.7904202554321298,NQEPTNGZABCQIJ-UHFFFAOYSA-N
994,7.12494,5.429265022277832,1.6956749777221676,NQRYJNQNLNOLGT-UHFFFAOYSA-N
507,6.85699,6.903984069824219,-0.046994069824219054,NQTQALCNECBQOF-UHFFFAOYSA-O
957,8.59007,8.909358024597168,-0.3192880245971672,NQVFOJBHSPODOM-UHFFFAOYSA-N
1798,6.98716,5.917053699493408,1.070106300506592,NQVWJWZAVCEBQE-UHFFFAOYSA-N
1525,6.34199,6.456550598144531,-0.11456059814453123,NQXQNWAFOUTKOY-UHFFFAOYSA-N
952,7.14874,6.605198383331299,0.5435416166687013,NRBYMTNRRBVKNB-UHFFFAOYSA-N
1460,5.05552,6.196742534637451,-1.1412225346374516,NRHMKKHAPYQNPA-UHFFFAOYSA-N
39,7.02228,6.691038131713867,0.3312418682861331,NRNVIJBJWGHRDB-UHFFFAOYSA-N
3359,6.08092,5.932416915893555,0.1485030841064452,NRTUTGBOQZQBMB-UHFFFAOYSA-N
3712,8.40894,5.89602518081665,2.512914819183349,NTIXCYUTHPYLGJ-UHFFFAOYSA-N
1799,6.63639,5.904088020324707,0.7323019796752925,NUKSUTRZZIIMQZ-UHFFFAOYSA-N
3124,8.10002,7.7532453536987305,0.3467746463012702,NVDHFTXROXTURM-UHFFFAOYSA-N
4188,5.71287,6.028697967529297,-0.3158279675292972,NVKSGCKLTHACJP-UHFFFAOYSA-N
1876,5.04576,7.15948486328125,-2.1137248632812504,NWAAXZRILYPEMR-FLKHCGGNSA-O
1335,5.60206,5.616589069366455,-0.01452906936645526,NWEVQURHUSROFY-UHFFFAOYSA-N
3502,8.20551,8.187004089355469,0.018505910644531554,NWHJOPLKLQIUDO-UHFFFAOYSA-N
652,7.04576,7.041257381439209,0.004502618560790594,NWSSBWKPPZRMSC-UHFFFAOYSA-O
2314,8.59176,7.545274257659912,1.0464857423400886,NXDGHZOUZSRCDO-UHFFFAOYSA-N
1960,8.63827,5.967761993408203,2.670508006591797,NXRLTJHVRANPCV-UHFFFAOYSA-P
3897,6.28316,6.407365798950195,-0.12420579895019568,NYDPLXXJKZDBBI-UHFFFAOYSA-N
4092,6.26922,5.792967796325684,0.4762522036743162,NYFCTSGIAUTTNF-UHFFFAOYSA-N
3562,5.49485,5.770149230957031,-0.2752992309570317,NYGPCERXBBZZBX-WOJGMQOQSA-N
1187,7.63827,7.8723344802856445,-0.2340644802856442,NYIRMCGMHBUQGJ-UHFFFAOYSA-N
1396,8.30103,7.382181644439697,0.9188483555603035,NZCUMPHHTZXRCK-UHFFFAOYSA-N
384,5.0,5.937887668609619,-0.9378876686096191,NZYBILDYPCVNMU-UHFFFAOYSA-N
1524,6.58838,7.483935356140137,-0.8955553561401368,OAWQVNVBGWRZNC-UHFFFAOYSA-N
3997,5.52288,6.039809226989746,-0.5169292269897463,OAZTXGCSZTVLGF-UHFFFAOYSA-N
1417,8.01002,7.938942909240723,0.07107709075927815,OCBMJTVTNDLOSK-UHFFFAOYSA-N
2205,6.292,5.664514064788818,0.6274859352111815,OCEQPLIHADUCNO-SVBPBHIXSA-N
2454,6.40894,6.8091020584106445,-0.40016205841064423,OCKJLJDYHVBYBY-UHFFFAOYSA-N
2957,9.36653,7.582242012023926,1.7842879879760734,OCLZDIKTRACRPT-HKUYNNGSSA-N
1332,6.20761,5.691441535949707,0.5161684640502928,OCVMWGNMBKABQP-UHFFFAOYSA-N
780,8.47945,6.534584045410156,1.9448659545898437,OCXLVSDECGGKEI-UHFFFAOYSA-N
1620,7.28651,7.929861068725586,-0.6433510687255861,OCZGACDAHZKCBW-UHFFFAOYSA-N
3842,6.84771,6.137439727783203,0.7102702722167971,ODPBEOCHSYLAAK-UHFFFAOYSA-N
2492,5.29243,5.92794942855835,-0.6355194285583492,OFDRJSHFLHELOP-UHFFFAOYSA-N
3862,6.30103,8.201484680175781,-1.9004546801757813,OFFDPPCITSWXJK-UHFFFAOYSA-N
3493,7.95861,7.7202467918396,0.23836320816040057,OFJCZKWVZBQZJZ-UHFFFAOYSA-N
1849,5.17393,5.039831638336182,0.13409836166381872,OFOSJBGHHQNQQX-UHFFFAOYSA-N
4435,5.51713,6.209793567657471,-0.6926635676574708,OFQUOYFZCOZNTR-UHFFFAOYSA-N
250,7.5817,7.662785530090332,-0.08108553009033237,OGIHDCJXZFCUKI-UHFFFAOYSA-N
4538,5.23582,5.464589595794678,-0.22876959579467737,OGYIZKLYBCRMRK-UHFFFAOYSA-N
3926,9.284,6.328272819519043,2.9557271804809577,OHCXCKFPUPWCHV-DIBXZPPDSA-N
83,6.79588,5.912225246429443,0.883654753570557,OHIZMLPSIULFCV-ZZEZOPTASA-N
1744,5.75449,6.021297454833984,-0.2668074548339847,OHVKBQOWWXAVSU-UHFFFAOYSA-N
314,8.4437,9.356222152709961,-0.9125221527099612,OICRNZHKHYSUOP-UHFFFAOYSA-N
2090,6.56864,6.104207515716553,0.4644324842834475,OIIFCGIQUWUOCD-UKTHLTGXSA-N
2147,5.98422,6.019991874694824,-0.03577187469482457,OIMVBDJSADQAOA-UHFFFAOYSA-N
1270,5.45593,6.148624897003174,-0.6926948970031734,OIOJPGNLLCFCLD-UHFFFAOYSA-N
3555,5.13668,5.5058393478393555,-0.36915934783935533,OJFJSOOTFXSIFD-UHFFFAOYSA-N
3954,7.33724,6.227189540863037,1.1100504591369633,OJSAURWCBVGMDS-HYOGKJQXSA-N
577,6.5376,6.184962272644043,0.35263772735595733,OJWMSGASMSISGJ-UHFFFAOYSA-N
3486,5.67366,5.259555339813232,0.4141046601867675,OKEYDYKIBXQIHJ-PWUYWRBVSA-N
2142,6.18111,5.97235631942749,0.2087536805725101,OLGDXFNGTFBOPC-UHFFFAOYSA-N
290,5.74,6.989505767822266,-1.2495057678222654,OMAOPGJSIGOCIM-KWQFWETISA-O
4291,7.02687,7.314192771911621,-0.28732277191162137,OMSJHFWKMDVZBZ-UHFFFAOYSA-N
3080,5.79588,7.9081130027771,-2.1122330027770992,OOIIDFVKSKEUOD-UHFFFAOYSA-N
732,7.67778,6.262826442718506,1.4149535572814944,OOMXYGUNQHRMPV-UHFFFAOYSA-N
2049,8.16115,9.118902206420898,-0.9577522064208992,OOXWDOKOBHQXBV-UHFFFAOYSA-N
1808,7.76955,6.850509166717529,0.9190408332824704,OPRFDSBJETWBSK-UHFFFAOYSA-N
4323,5.32883,5.758669853210449,-0.42983985321044926,OPSUSLKROLFAJC-WRVBFVOHSA-N
1546,5.33287,5.204828262329102,0.12804173767089821,OQBRDMWGOIOTHX-CZIZESTLSA-N
3103,8.72125,9.030834197998047,-0.3095841979980474,OQCKWLOIPJNBSU-UHFFFAOYSA-N
2363,7.17393,6.061807155609131,1.1121228443908695,OQGIBSRLSMLBRM-UHFFFAOYSA-N
2217,6.44733,7.126630783081055,-0.6793007830810547,OQGWKQPKVGDXCZ-UHFFFAOYSA-N
729,5.87234,6.008482933044434,-0.13614293304443326,ORAUEDBBTFLQSK-UHFFFAOYSA-N
173,6.740745,6.914766311645508,-0.17402131164550738,ORTKISJGJJVTGX-DAFXYXGESA-N
4154,5.48149,5.382266044616699,0.09922395538330075,OSEVWMNUMURESW-UHFFFAOYSA-O
1321,6.74473,7.856044292449951,-1.1113142924499515,OSRZHRCGXXPISD-UHFFFAOYSA-N
3896,5.19511,6.030422687530518,-0.8353126875305179,OSZQGMKOCAROTI-UHFFFAOYSA-N
42,6.55284,6.416742324829102,0.1360976751708982,OTCUCAGXTNHLEI-UHFFFAOYSA-N
3791,7.16749,6.224806308746338,0.942683691253662,OTKHHYSCQTULRO-UHFFFAOYSA-N
3820,5.76955,5.651947975158691,0.11760202484130833,OTKIZSHLVPXZAG-UHFFFAOYSA-N
1281,6.9393,7.255307674407959,-0.31600767440795874,OTTDOZLQGARJRG-UHFFFAOYSA-N
1563,9.62709,5.776650905609131,3.85043909439087,OUCWJFUDEOXQKG-UHFFFAOYSA-N
3151,9.09691,7.614716053009033,1.4821939469909662,OUNZLBTXEMRQQC-UHFFFAOYSA-N
2065,5.07572,6.156454563140869,-1.0807345631408696,OWPNOJPUBBOCFW-UHFFFAOYSA-N
3683,5.06048,5.5880584716796875,-0.5275784716796874,OWZUVXOHWWCLNL-UHFFFAOYSA-N
369,5.58503,5.961978912353516,-0.3769489123535159,OXCFQBATIXKIPU-UHFFFAOYSA-N
3345,6.09151,5.776172637939453,0.3153373620605473,OXTRLWYMOANZPC-JLIAJHNJSA-N
1292,8.31876,7.867581844329834,0.4511781556701653,OYFQRIHSVKLETO-UHFFFAOYSA-N
1550,6.39794,5.913613319396973,0.4843266806030275,OYJDQSXEKOWLQF-UHFFFAOYSA-N
3115,5.82391,5.537559986114502,0.28635001388549775,OZOJQXNQWKXZBF-UHFFFAOYSA-N
2666,7.22185,6.0892014503479,1.1326485496520995,OZRUPLPLEFXKJD-UHFFFAOYSA-N
2994,5.47991,5.7162556648254395,-0.23634566482543917,OZUOWZSPTLGQBC-UHFFFAOYSA-N
950,6.80134,6.636340141296387,0.164999858703613,PAJMAAKTQTUOKT-UHFFFAOYSA-N
2450,5.07988,5.524975776672363,-0.4450957766723631,PBCGIIRIOLOMJH-UHFFFAOYSA-N
1783,6.77258,5.733358383178711,1.0392216168212887,PBMNROLRDROASI-UHFFFAOYSA-P
4481,8.33255,5.756887435913086,2.5756625640869135,PBRBBWKUUQNONR-UHFFFAOYSA-N
2767,5.05306,5.774824142456055,-0.7217641424560544,PCJBJLDGEJNYDK-UHFFFAOYSA-N
3125,7.70006,7.772762775421143,-0.0727027754211429,PDNCNRYLFQRSRY-UHFFFAOYSA-N
1062,6.56864,6.066961765289307,0.5016782347106936,PETLIYIMNMNVTM-UHFFFAOYSA-N
4190,5.2204,5.6572723388671875,-0.4368723388671878,PFDJQURLASUNSB-UHFFFAOYSA-N
1007,6.45593,6.688517093658447,-0.23258709365844688,PFPVREZQKIPQDX-GMAHTHKFSA-N
1944,6.271825,6.03120231628418,0.24062268371582007,PFYRGBJRPBPVMS-UHFFFAOYSA-N
1462,5.06048,5.290496349334717,-0.2300163493347167,PGBNXXDXGXQQRQ-UHFFFAOYSA-N
1445,5.1549,5.648190021514893,-0.493290021514893,PGHUZXCSVQYQGG-AATRIKPKSA-N
4274,6.68867,6.2755889892578125,0.4130810107421876,PHQOLWOIWRSJNI-UHFFFAOYSA-N
4527,5.03953,5.880972862243652,-0.8414428622436523,PHWJALMIXUGHCL-UHFFFAOYSA-N
4133,5.44563,6.797386646270752,-1.3517566462707515,PICDNVODQBODMG-UHFFFAOYSA-N
2046,7.48812,9.209211349487305,-1.7210913494873044,PIWPEZJQNKKJOO-UHFFFAOYSA-N
1557,5.02687,4.986886024475098,0.03998397552490207,PJEXDZXORNEZTE-RURBXUPXSA-N
199,5.92082,6.170416831970215,-0.24959683197021487,PJODGASMTJZTAJ-UHFFFAOYSA-N
1397,8.1549,7.597315788269043,0.5575842117309566,PJYVBMNAFDUKRW-UHFFFAOYSA-N
3905,5.47886,5.546399116516113,-0.06753911651611322,PKWMTTPNRFTHIX-UHFFFAOYSA-N
1235,6.63827,7.346439361572266,-0.7081693615722653,PKWSOCDZCJUUMT-UHFFFAOYSA-N
668,5.16368,6.857456207275391,-1.6937762072753904,PLFYEFVRQHLCEE-VEILYXNESA-N
1400,7.61979,6.263659954071045,1.3561300459289551,PLIHHYGGNHREHS-XPWSMXQVSA-N
3310,6.13077,6.229422569274902,-0.09865256927490229,PLNXUOGYAWTLID-UHFFFAOYSA-N
2681,5.3851,5.862354755401611,-0.4772547554016109,PMPKPQHVSFOKKI-UHFFFAOYSA-N
363,6.49485,5.614657878875732,0.8801921211242671,PMVWXOVLDYBXSN-UHFFFAOYSA-N
501,6.56864,6.46270751953125,0.10593248046875026,POCLLKLLKRLKGI-UHFFFAOYSA-N
4510,5.38091,6.284565448760986,-0.9036554487609862,POEDVRFNACZOFS-VOTSOKGWSA-N
4161,6.49485,7.0488481521606445,-0.553998152160645,POPGUCONQNKJKN-UHFFFAOYSA-N
148,5.20329,6.03772497177124,-0.8344349717712403,PPCLLJMDJVGGHT-UHFFFAOYSA-N
1937,6.79588,7.469327449798584,-0.6734474497985836,PPLHOCSIKGJWTP-UHFFFAOYSA-N
2082,6.65365,7.129948139190674,-0.476298139190674,PPPZECVRUPLQHR-UHFFFAOYSA-N
3470,8.26122,7.521316051483154,0.7399039485168455,PPSUVVPMICBDBR-UHFFFAOYSA-N
1551,6.59176,6.121769428253174,0.469990571746826,PQBUGFNMDQCOKL-UHFFFAOYSA-N
1564,7.5544,6.173281669616699,1.381118330383301,PQOLHMVBABPJAX-UHFFFAOYSA-N
1118,5.50307,6.577531814575195,-1.0744618145751952,PRULHOMNCDTENF-UHFFFAOYSA-N
91,6.95861,7.626371383666992,-0.667761383666992,PSVRONVAUASEPN-UHFFFAOYSA-N
1272,5.67778,7.649754524230957,-1.9719745242309568,PTCACPKCJXNQCA-UHFFFAOYSA-N
4428,5.18376,5.405986785888672,-0.2222267858886715,PTKZMCIWJWMWOR-NRFANRHFSA-N
3826,5.8962,5.530317783355713,0.36588221664428744,PTQTWXRMDHUUQG-UHFFFAOYSA-N
1528,5.0,5.647267818450928,-0.6472678184509277,PUBPSPLUBMSJBN-UHFFFAOYSA-N
969,8.01592,7.873039245605469,0.14288075439453074,PVFISWJLOVZWCE-UHFFFAOYSA-N
1816,6.85387,6.592543125152588,0.2613268748474118,PVKAOBUBUDQDRR-UHFFFAOYSA-N
75,6.12494,5.845144271850586,0.27979572814941367,PVRQAFWHPUDEJT-UHFFFAOYSA-O
2784,6.04769,5.8303022384643555,0.21738776153564476,PWDURETWWMYYPY-UHFFFAOYSA-N
1517,7.46852,7.09274959564209,0.37577040435791,PWPZNYJSIAPFAS-UHFFFAOYSA-N
1802,6.91507,6.650049209594727,0.2650207904052735,PWVCRZKYACFKRV-ZZIIXHQDSA-N
4547,5.78357,5.833377838134766,-0.049807838134765525,PXNRMROQFCCYRI-UHFFFAOYSA-N
1449,5.39794,6.3487772941589355,-0.9508372941589354,PYAUTVAEUKAKHU-UHFFFAOYSA-N
3216,5.00261,5.857099533081055,-0.8544895330810549,PYUXNNYRCHVGKZ-UHFFFAOYSA-N
3726,9.38722,7.999917030334473,1.3873029696655266,PZLDMOAIURCRGS-UHFFFAOYSA-N
446,5.43652,5.527057647705078,-0.09053764770507833,PZRHMLTUOQZGFU-UHFFFAOYSA-N
1897,7.75945,8.054556846618652,-0.29510684661865216,PZRMVJYRXKNQJW-UHFFFAOYSA-N
586,5.11,5.135899543762207,-0.02589954376220671,QADGAAYKGOIFOY-MMADZMRASA-N
2317,6.58503,6.213037490844727,0.37199250915527315,QAFJHMFNIIXQFU-UHFFFAOYSA-N
2143,6.05849,5.960514545440674,0.0979754545593261,QBHHBZZUNCFRDU-UHFFFAOYSA-N
2954,9.02228,7.221686363220215,1.8005936367797855,QCQBZAGGYBUVDF-UHFFFAOYSA-N
3973,6.12494,5.050460338592529,1.0744796614074703,QCWMDCDYHKUILA-UXHICEINSA-N
613,7.22185,5.760266304016113,1.4615836959838866,QDZBPHUUGXQIRE-UHFFFAOYSA-N
2265,5.60206,5.950105667114258,-0.348045667114258,QDZBPHUUGXQIRE-UKJIHQRVSA-N
1510,7.85387,7.601674556732178,0.25219544326782195,QEUYLKZLLHQFAX-JOOKONRKSA-N
1537,6.1549,5.9068756103515625,0.2480243896484371,QFXXWZCOIVFPGL-UHFFFAOYSA-N
4325,6.07988,5.892545700073242,0.18733429992675799,QGAJUSBQTLQGFB-UHFFFAOYSA-N
4445,8.04001,7.00874662399292,1.0312633760070806,QGCJFKITCHBFSD-UHFFFAOYSA-N
160,5.52288,5.414255142211914,0.10862485778808573,QGGZBXOADPVUPN-UHFFFAOYSA-N
1716,7.92082,5.560084819793701,2.360735180206299,QHILPYRVSJIJSN-VJBMBRPKSA-N
592,5.52288,5.792331695556641,-0.26945169555664084,QINVJRRTUSSOEP-UHFFFAOYSA-N
4433,6.09583,5.669301509857178,0.42652849014282257,QIVBXKAFNSVMNC-ODLFYWEKSA-N
3074,6.25259,6.390058517456055,-0.13746851745605504,QJGJBTMGSJXUEK-UHFFFAOYSA-N
4477,5.3279,5.833710193634033,-0.5058101936340336,QJPHENQDZAYGQK-YPKPFQOOSA-N
1011,6.5,7.499889850616455,-0.9998898506164551,QKUKZQWITZMFJH-UHFFFAOYSA-N
3722,8.73993,7.763815879821777,0.976114120178222,QLBIXDIGRIWNRL-UHFFFAOYSA-N
648,8.22185,7.638608932495117,0.5832410675048827,QLPMDTQXZMKPNL-UHFFFAOYSA-N
3349,5.88941,7.553952217102051,-1.664542217102051,QMEYZUVHEHLNEZ-WCWDXBQESA-N
358,7.00436,8.144129753112793,-1.1397697531127928,QMQQOVGCVPEGSA-UHFFFAOYSA-N
1847,5.20066,5.157209873199463,0.04345012680053717,QMRVWNIYVWRACW-UHFFFAOYSA-N
33,6.1549,6.871752738952637,-0.7168527389526371,QOOVLJDEWVRXFI-FQNRMIAFSA-N
4409,5.42829,5.059521675109863,0.36876832489013633,QPIABXAGJULOSK-UHFFFAOYSA-N
650,6.46852,6.822578430175781,-0.3540584301757814,QPMZSAYBBBHOOQ-UHFFFAOYSA-N
1280,6.35655,7.054889678955078,-0.6983396789550778,QQCCOTBRJNQDJR-UHFFFAOYSA-N
4386,5.94692,7.088387489318848,-1.1414674893188472,QQLTXHXQFVTFDN-AFTMWWLOSA-N
2754,7.32003,6.534327030181885,0.7857029698181153,QRKVKQRNWYLVQT-UHFFFAOYSA-N
4132,6.27646,6.830488204956055,-0.5540282049560545,QSGYQUZAEAUBMW-UHFFFAOYSA-N
3079,5.30103,5.989269256591797,-0.688239256591797,QTIFXMRWBZDFPS-UHFFFAOYSA-N
2425,6.03152,6.724753379821777,-0.6932333798217769,QTQIQNGYCKREKA-UHFFFAOYSA-N
94,7.55284,7.23007869720459,0.32276130279540993,QTURXZOMULVQDI-UHFFFAOYSA-O
2853,8.5784,8.188621520996094,0.3897784790039065,QUFGTPYSVLYXQC-UHFFFAOYSA-N
2884,8.38828,8.015617370605469,0.3726626293945312,QUSVCPDTRANDHH-UHFFFAOYSA-N
2540,8.20761,7.715119361877441,0.49249063812255933,QVCWJIWRPGTNSS-UHFFFAOYSA-N
1864,6.06048,5.97212028503418,0.0883597149658204,QVEIQLPSATUGLW-UHFFFAOYSA-N
2538,7.73993,7.670641899108887,0.06928810089111348,QVMOLXHRHHMTTI-UHFFFAOYSA-N
2473,5.92996,6.316381454467773,-0.3864214544677731,QXCYDBYFEDOWQZ-UHFFFAOYSA-N
2588,5.31876,5.7040252685546875,-0.38526526855468735,QXQTWBLTILRINS-SAPNQHFASA-N
2080,7.24413,6.461090564727783,0.783039435272217,QYGREQAQDURQHR-UHFFFAOYSA-N
574,6.67778,5.919713020324707,0.7580669796752932,QYXQNFTXXPGTPJ-UHFFFAOYSA-N
1008,7.30103,6.415561199188232,0.8854688008117675,QZIPJERAEIZSLS-FIBWVYCGSA-N
2362,5.86328,5.789568901062012,0.07371109893798788,QZRBOLHGJBENEV-UHFFFAOYSA-N
1041,6.74473,6.011688709259033,0.7330412907409665,RBZMHPHLDPBECL-MWAVMZGNSA-N
4528,6.4318,5.950900077819824,0.48089992218017574,RCDAJHPCKSOXIC-UHFFFAOYSA-N
929,7.7986,7.048524379730225,0.7500756202697758,RCLFUHIUOQTJOA-UHFFFAOYSA-N
1498,7.36653,7.143960952758789,0.22256904724121096,RCURXEIDTJLNEH-DBUHGEHTSA-N
4292,6.98716,6.2255988121032715,0.7615611878967288,RDCNDXDRJWIAQL-UHFFFAOYSA-N
3503,9.35655,8.255620002746582,1.1009299972534183,RDIMDXPJUTXLON-UHFFFAOYSA-N
3504,9.92082,8.28172492980957,1.6390950701904305,RDQGJUULTYCCOC-UHFFFAOYSA-N
4343,5.71444,5.6504364013671875,0.06400359863281224,REXYZBPHGWETIR-UHFFFAOYSA-N
1114,6.90309,6.344368934631348,0.5587210653686521,RFJFEUOWKIHAMC-UHFFFAOYSA-N
2855,8.64782,8.151773452758789,0.49604654724121033,RFJOKGIIFYOSLX-UHFFFAOYSA-N
935,7.59007,6.548001766204834,1.0420682337951659,RHDRNMKRKSLQTF-UHFFFAOYSA-N
4356,5.52143,6.632884502410889,-1.111454502410889,RHVLYHCTGBXSAL-UHFFFAOYSA-N
2287,8.3363,7.2723002433776855,1.063999756622314,RIANHBYIFUFFHM-UHFFFAOYSA-N
1106,6.94692,6.428637504577637,0.5182824954223637,RJFOSTXNSIGOHV-UHFFFAOYSA-N
67,7.115494999999999,7.089383125305176,0.026111874694823456,RJRFAJLLYUREMK-RGURZIINSA-N
3346,5.17328,6.605645179748535,-1.432365179748535,RJRFAJLLYUREMK-UHFFFAOYSA-N
2731,5.63827,6.010931015014648,-0.3726610150146481,RJVDPGMAANBIGS-PKNBQFBNSA-O
1320,7.74473,8.805011749267578,-1.0602817492675785,RJXMSZGDQQKICG-ISLYRVAYSA-N
4088,5.11862,5.503829479217529,-0.38520947921752935,RJYMXTYQGHBQCH-UHFFFAOYSA-N
1652,5.11407,6.135381698608398,-1.0213116986083985,RJYYOQMBEFFJIP-UHFFFAOYSA-N
820,6.90309,6.770384788513184,0.13270521148681613,RKOBYJYBRDZLHJ-UHFFFAOYSA-N
3953,6.29243,5.846428871154785,0.44600112884521526,RKUHNKMVRIYYJA-GJARRJKISA-N
1336,5.58503,5.963367462158203,-0.3783374621582034,RLDJJXFBAVFUGA-UHFFFAOYSA-N
515,5.74958,5.738428592681885,0.011151407318115147,RLNHUJGJBZYSFV-UHFFFAOYSA-N
2677,6.22185,6.578926086425781,-0.35707608642578137,RLZNCSIUJOYZJJ-UHFFFAOYSA-N
1516,7.78252,7.053092956542969,0.7294270434570311,RMOFGAOSNXMCIZ-UHFFFAOYSA-N
1352,8.1549,6.724951267242432,1.429948732757568,ROBKVGDBQLURAF-UHFFFAOYSA-N
77,6.40894,7.103952884674072,-0.695012884674072,ROPMAAXYACZQBT-UHFFFAOYSA-O
1329,9.1549,8.906847953796387,0.24805204620361287,ROPMBLFOINNFGP-UHFFFAOYSA-N
1472,6.14267,6.816986083984375,-0.6743160839843751,ROUMSDZFMIJNCO-UHFFFAOYSA-N
1968,7.46852,5.821319580078125,1.6472004199218748,ROVPMXATPGCOPQ-UHFFFAOYSA-N
971,7.30103,7.427004814147949,-0.1259748141479493,RPANZTOPYPDHPI-UHFFFAOYSA-N
856,5.41657,5.771844387054443,-0.35527438705444325,RPCMVOUZHVFWHI-NIHWJDNZSA-N
2809,6.67778,5.939484596252441,0.7382954037475589,RPYKRIPGSIAVQS-UHFFFAOYSA-N
351,7.85387,8.385748863220215,-0.5318788632202152,RRYREXCAJLJMCL-UHFFFAOYSA-N
3874,5.71086,6.670513153076172,-0.9596531530761716,RSEVMSVAXAZESV-UHFFFAOYSA-N
1263,6.58336,7.670159816741943,-1.0867998167419435,RSFASIHHCGSKEP-UHFFFAOYSA-N
253,7.66154,8.373045921325684,-0.711505921325684,RSOWWSCKFZEGMT-UHFFFAOYSA-N
3969,6.26761,5.933282852172852,0.3343271478271488,RSYCIJFAJNBHEE-UHFFFAOYSA-N
3904,7.38722,5.565131187438965,1.8220888125610353,RTDRHAQJQZGXSJ-UHFFFAOYSA-N
1128,7.00436,5.597255706787109,1.4071042932128908,RTIIFSJFUWPGNM-UHFFFAOYSA-N
1042,6.05061,6.017624855041504,0.032985144958495916,RTVVBGHSMVVVKR-ZTKZIYFRSA-N
3903,5.40671,5.566163539886475,-0.15945353988647426,RUAKBHPRJUYDHQ-UHFFFAOYSA-N
3127,7.0,7.924185752868652,-0.9241857528686523,RVHZRKHNPYJEEY-UHFFFAOYSA-N
4153,8.09691,7.626721382141113,0.4701886178588861,RVIFLGXSBJINPW-UHFFFAOYSA-N
4186,5.26841,5.516892433166504,-0.24848243316650365,RVNVFDXQOFFQES-UHFFFAOYSA-N
966,7.85387,7.967850685119629,-0.11398068511962922,RVTAKIVGWWKWJK-UHFFFAOYSA-N
2934,5.21396,5.973978042602539,-0.7600180426025389,RVZBUEBWSLHLKO-UHFFFAOYSA-N
944,5.62525,5.724575996398926,-0.09932599639892548,RWCCWEUUXYIKHB-UHFFFAOYSA-N
1823,5.36552,5.80063533782959,-0.4351153378295898,RYYKOJHWHUNLOT-UHFFFAOYSA-N
4252,6.41417,7.175765514373779,-0.7615955143737789,RZGFESDLROXNEK-UHFFFAOYSA-N
2961,5.32606,5.575809001922607,-0.2497490019226074,RZIFWXQCOPSVBA-YYADALCUSA-N
3560,5.88606,5.619906425476074,0.2661535745239254,RZIYGVLPPJAHFK-JJIBRWJFSA-N
580,7.55284,6.625374794006348,0.9274652059936521,RZOSCINHPANHJN-UHFFFAOYSA-N
4185,6.52288,6.473824977874756,0.04905502212524393,RZVHIXYEVGDQDX-UHFFFAOYSA-N
3936,9.67985,8.249944686889648,1.4299053131103516,RZXZUNNYUATLPQ-UHFFFAOYSA-N
370,7.20761,5.989961624145508,1.217648375854492,SAKRLMMAMOUNKR-UHFFFAOYSA-N
819,6.87615,6.763545513153076,0.11260448684692381,SAUVKKAPUZOTHE-UHFFFAOYSA-N
1962,8.68613,7.354206562042236,1.331923437957764,SBANHXFJJRKKMN-UHFFFAOYSA-N
585,6.30103,5.937636852264404,0.3633931477355956,SBILQUBKQUBSRU-UHFFFAOYSA-N
1879,5.63451,6.565130233764648,-0.9306202337646488,SBKBEDMRMXTWFQ-UHFFFAOYSA-N
27,6.08092,6.460474014282227,-0.3795540142822267,SBLDBTJGYINGFN-UHFFFAOYSA-N
4507,6.26761,6.239037036895752,0.028572963104248394,SBWJOUKTWPKMLG-ZHACJKMWSA-N
1331,6.22915,5.971050262451172,0.25809973754882787,SCEVFJUWLLRELN-UHFFFAOYSA-N
4208,5.635015,6.166568756103516,-0.5315537561035155,SCQBDADQAVXTMZ-UHFFFAOYSA-N
3947,5.28432,5.277120113372803,0.007199886627197394,SDKXGQOQSQDQBT-AFUMVMLFSA-N
796,5.50864,6.104920864105225,-0.5962808641052249,SDRSWRQKYSRVAD-UHFFFAOYSA-N
1456,5.22185,5.654232501983643,-0.4323825019836427,SDYUXZXBOSJBHM-AATRIKPKSA-N
1457,5.69897,5.644646167755127,0.05432383224487314,SDYUXZXBOSJBHM-WAYWQWQTSA-N
2424,5.23136,5.80772590637207,-0.5763659063720707,SEZFNTZQMWJIAI-FLIBITNWSA-N
4539,5.09259,5.376352787017822,-0.28376278701782187,SFFRPEOBTXIOJR-UHFFFAOYSA-N
194,8.05061,5.676352500915527,2.3742574990844734,SFSYFLJDJQTPNM-UHFFFAOYSA-N
1614,7.0716,7.487682342529297,-0.41608234252929677,SGCSTIXSMUGSOQ-UHFFFAOYSA-N
3809,6.05552,5.192641735076904,0.8628782649230953,SGGOMSQMONCIIY-UHFFFAOYSA-N
3511,5.14267,5.941013336181641,-0.7983433361816408,SHCYGIJBHRLDQT-UHFFFAOYSA-N
4331,5.36292,6.001757621765137,-0.6388376217651368,SHFCIWCRLOISRA-UHFFFAOYSA-N
3972,5.34199,5.489295482635498,-0.14730548263549803,SHRDVLUJLDYXSO-NSHDSACASA-N
3877,6.56067,6.653783321380615,-0.09311332138061523,SHSAGNIXIDZUQJ-UHFFFAOYSA-N
2992,5.3098,5.571460247039795,-0.26166024703979485,SIMGOTNNVXRWAF-UHFFFAOYSA-N
3311,6.29243,6.1860032081604,0.10642679183960002,SIYCFRXZXWCSIN-UHFFFAOYSA-N
58,5.19,5.620157241821289,-0.43015724182128867,SJCMRPCRFNFHCL-UHFFFAOYSA-N
4229,6.36051,6.052702903747559,0.30780709625244107,SJNZMXPJQGTFGM-UHFFFAOYSA-N
3510,5.42713,5.903017044067383,-0.4758870440673828,SJZOAVOKRIVTGW-UHFFFAOYSA-N
3572,5.31069,5.771574020385742,-0.46088402038574205,SKHKOZVGQSVQQA-DHZHZOJOSA-N
2150,6.72125,6.247568130493164,0.47368186950683633,SKILGDQGSNDMPO-UHFFFAOYSA-N
1353,8.09098,7.043630599975586,1.0473494000244141,SLWUABGTWDNENO-KWQFWETISA-N
662,8.09098,7.0778279304504395,1.0131520695495606,SLWUABGTWDNENO-UHFFFAOYSA-N
1399,7.79588,7.2784833908081055,0.5173966091918949,SLZRUURKUVNJHO-UHFFFAOYSA-N
1477,7.16749,6.614912986755371,0.5525770132446288,SNLGXENXRSMKPZ-UHFFFAOYSA-N
2133,5.61618,5.872738361358643,-0.25655836135864263,SNUUJGQQDVERLM-UHFFFAOYSA-N
1261,7.08092,7.352138519287109,-0.2712185192871095,SOARTDIDZFKTKX-UHFFFAOYSA-N
3880,6.63827,7.336550712585449,-0.6982807125854489,SODDJOOZEVURLA-UHFFFAOYSA-N
1558,5.25181,6.254330158233643,-1.0025201582336427,SPDAGUHXTBGUQT-UHFFFAOYSA-N
3727,9.20066,7.657264709472656,1.543395290527343,SPOAEXCLKJDYCF-UHFFFAOYSA-N
2591,5.57675,5.688584327697754,-0.11183432769775425,SPQFEAQCQQEGLU-UHFFFAOYSA-N
3810,5.0,5.583443641662598,-0.5834436416625977,SPZDHPMAWREVNW-UHFFFAOYSA-N
1296,8.56864,8.354056358337402,0.2145836416625979,SQIANBUOIQPBJW-UHFFFAOYSA-N
2956,7.27572,6.623361110687256,0.6523588893127439,SQIQHULSEGHZJY-UHFFFAOYSA-N
195,6.31876,6.784356594085693,-0.4655965940856932,SQIWVUIDKFUELN-UHFFFAOYSA-N
1446,5.09691,5.995206356048584,-0.8982963560485837,SREHLCDERLVEFU-UHFFFAOYSA-N
4273,6.6332,6.1931986808776855,0.4400013191223149,SSRMKEPFFMWMTN-UHFFFAOYSA-N
3508,6.92082,5.779943466186523,1.1408765338134765,SSSNYUZIEYTSMK-UHFFFAOYSA-N
1717,5.78781,5.94055700302124,-0.1527470030212399,SSWRCTPOIBESLJ-UHFFFAOYSA-N
38,7.09691,6.949880599975586,0.14702940002441434,STKGPMACGGTVAE-UHFFFAOYSA-N
3876,6.18177,6.641742706298828,-0.4599727062988279,STOKSOGOBDVDSS-UHFFFAOYSA-N
4512,9.0655,7.244408130645752,1.8210918693542482,STXASRHDDYKCPI-UHFFFAOYSA-N
4332,5.195735,5.962352275848389,-0.7666172758483887,STZVWDKGDFRNCG-UHFFFAOYSA-N
1466,7.12494,6.650462627410889,0.47447737258911094,SVAAENNVLVWYJB-UHFFFAOYSA-N
3149,7.42022,8.723888397216797,-1.3036683972167973,SVWWISPUCMTYSV-UHFFFAOYSA-N
453,5.89963,6.54193639755249,-0.6423063975524901,SWBGVEITZMQLIH-UHFFFAOYSA-N
1501,7.69897,7.670904159545898,0.028065840454101654,SWCJRPRGZRYPLE-DUOMIRJXSA-N
3466,6.80883,7.666968822479248,-0.8581388224792477,SWDBFIRETZDEPQ-UHFFFAOYSA-N
719,6.21467,6.341714859008789,-0.12704485900878915,SWDWTXRWCMLESV-MHPPCMCBSA-N
718,5.61618,6.341714859008789,-0.7255348590087891,SWDWTXRWCMLESV-OMNKOJBGSA-N
603,6.08092,6.341714859008789,-0.2607948590087892,SWDWTXRWCMLESV-UHFFFAOYSA-N
4078,7.95861,6.114033222198486,1.8445767778015139,SWMZMBJRZBWPHB-UHFFFAOYSA-N
1940,6.647905,6.16990327835083,0.47800172164916965,SWZRIMBMJKPHQJ-UHFFFAOYSA-N
1324,7.33724,8.181553840637207,-0.8443138406372066,SXMKBXWHFCHHJR-UHFFFAOYSA-N
4294,7.02687,5.873575210571289,1.1532947894287107,SXZDYJVLSXAMCA-UHFFFAOYSA-N
3455,6.40494,7.433231353759766,-1.0282913537597658,SYJAYDHVWRLFTK-UHFFFAOYSA-N
4513,7.29158,8.247811317443848,-0.9562313174438479,SYJBLKZHHVCBDQ-UHFFFAOYSA-N
4157,7.046835,7.84158992767334,-0.7947549276733401,SYPPXUDWANGIJA-UHFFFAOYSA-N
1810,6.92082,6.70278263092041,0.21803736907958982,SYTVXSVMKRXYMG-UHFFFAOYSA-N
3768,7.70553,5.524213790893555,2.1813162091064457,SZSFHDVLPHPEGD-CCEZHUSRSA-N
3209,6.39794,6.0248517990112305,0.3730882009887697,TUHIUFIVIUDEFA-UHFFFAOYSA-N
2137,6.5867,6.053197860717773,0.533502139282227,TUNVQFKIOJKAON-UHFFFAOYSA-N
3575,5.38902,5.526996612548828,-0.13797661254882776,TVXNBKDMGAGSDZ-UHFFFAOYSA-N
1814,7.69897,6.72557258605957,0.9733974139404298,TVYZGBBYZJIGGJ-UHFFFAOYSA-N
2320,6.93181,6.46174430847168,0.4700656915283199,TWJOHEVVRIJHJT-UHFFFAOYSA-N
4476,5.34679,5.829029083251953,-0.48223908325195275,TWPRMDZZQGEGAZ-VKAVYKQESA-N
2806,6.0348,6.053657054901123,-0.018857054901123327,TWPTUWWNYBYDOO-UHFFFAOYSA-N
1977,5.08619,5.792113780975342,-0.7059237809753416,TXSRJQSUOUJAIH-UHFFFAOYSA-N
19,5.42022,6.894021034240723,-1.473801034240723,TXXUQZJQPBIWPG-FBMWCMRBSA-N
2604,7.43063,5.950992107391357,1.4796378926086424,TXZWAJSQSQEDHC-ZHZULCJRSA-N
3478,8.97469,7.256831169128418,1.7178588308715828,TYFCWXLBVLQLIM-UHFFFAOYSA-N
683,7.41567,7.788932800292969,-0.3732628002929683,TYGMTYRXRCSMAH-UHFFFAOYSA-N
4002,5.46852,5.97435188293457,-0.5058318829345705,TZGQRNCWGBGNCJ-UHFFFAOYSA-N
2167,5.82391,5.457446098327637,0.366463901672363,TZJWHAZJXQOFMQ-UHFFFAOYSA-N
3840,5.24336,6.24200439453125,-0.99864439453125,TZXNDDPYDWYKHX-PWSUYJOCSA-N
745,8.29414,6.767846584320068,1.5262934156799322,TZZOZGMWCKDXDQ-UHFFFAOYSA-N
581,5.21,5.712372779846191,-0.5023727798461914,UACIBCPNAKBWHX-AGLKQIJISA-N
2015,6.81531,7.135589122772217,-0.3202791227722166,UAFKYYFMUBYEJQ-UHFFFAOYSA-N
769,5.97,5.974023818969727,-0.004023818969726811,UAMDSORUVLSKHS-UHFFFAOYSA-N
1583,6.64397,5.885550022125244,0.7584199778747562,UAUXXZWJGLIYPF-HMAQRAJCSA-N
1584,7.14874,5.705909252166748,1.442830747833252,UAUXXZWJGLIYPF-VGPNNNQLSA-N
2952,5.4828,6.18601655960083,-0.70321655960083,UBTCEVPDFNSJGT-UHFFFAOYSA-N
3355,5.5784,5.921845436096191,-0.34344543609619116,UBXZAJJWBCKVGQ-UHFFFAOYSA-N
203,8.07572,6.442185878753662,1.6335341212463383,UCBDHHISAFCQJE-UKTHLTGXSA-N
3535,6.49485,6.101375579833984,0.3934744201660152,UCTOTJQSJOBAEG-GHRIWEEISA-N
853,6.63676,6.451394081115723,0.18536591888427711,UCWHTIDKHPSLAV-UHFFFAOYSA-N
774,6.77001,6.57748556137085,0.19252443862915047,UDEJACXWCNQNDX-UHFFFAOYSA-N
771,6.91999,8.119732856750488,-1.199742856750488,UDEJACXWCNQNDX-UHFFFAOYSA-P
2782,5.03306,5.860259056091309,-0.8271990560913087,UESKZASDKHIJNH-UHFFFAOYSA-N
1736,5.23582,5.285564422607422,-0.04974442260742151,UEYCLHRCXFFCIS-GJGKFWOUSA-N
2170,5.77211,4.796433925628662,0.9756760743713375,UFYZCGVAWDOVJS-VAJSGBFNSA-N
1967,7.25964,5.8427276611328125,1.4169123388671876,UGBLOPRVCUMQQB-UHFFFAOYSA-N
3137,6.34294,6.870722770690918,-0.5277827706909184,UHCNDWKIQWKBPR-UHFFFAOYSA-N
3843,6.66555,6.151416301727295,0.5141336982727047,UHOTUSHGWTWEAM-UHFFFAOYSA-N
43,5.82391,6.815478801727295,-0.9915688017272952,UHPUGTCWTHYPEQ-UHFFFAOYSA-N
3494,8.10292,7.799994945526123,0.3029250544738762,UHQTYBXIBDVUFQ-UHFFFAOYSA-N
4104,5.14388,5.4472432136535645,-0.3033632136535642,UHZOUSUGNFTACG-UHFFFAOYSA-N
933,5.26201,5.890873908996582,-0.628863908996582,UIEZZUILADFUAR-KYJUHHDHSA-N
934,5.38091,5.890873908996582,-0.509963908996582,UIEZZUILADFUAR-RNPORBBMSA-N
1468,6.20761,6.95589542388916,-0.7482854238891603,UIHMPKAPVFKAFT-UHFFFAOYSA-N
651,6.72125,6.656002044677734,0.06524795532226602,UIRLTPXGFDJICZ-UHFFFAOYSA-O
2303,5.29243,5.610762596130371,-0.3183325961303707,UJOBWOGCFQCDNV-UHFFFAOYSA-N
4080,6.97964,5.952726364135742,1.0269136358642577,UJQBBIXNEJESPI-UHFFFAOYSA-N
239,7.56225,7.656990051269531,-0.09474005126953156,UJVSUYBOENDQMG-UHFFFAOYSA-N
685,7.48545,7.830766677856445,-0.34531667785644515,UJYFHDXYPAFONC-UHFFFAOYSA-N
4074,5.11862,5.68065881729126,-0.5620388172912598,UKCJVDQKFPALJF-UHFFFAOYSA-N
2741,6.05061,6.070938587188721,-0.02032858718872088,UKWXEHXXUCHMTL-UHFFFAOYSA-N
2771,6.18842,5.7804856300354,0.4079343699645994,ULGZOIPRZKQQDU-UHFFFAOYSA-N
1443,7.0,7.534215450286865,-0.5342154502868652,ULIWBOHRWMGXPR-UHFFFAOYSA-N
712,5.25885,7.029541015625,-1.7706910156250002,ULLJVPKUDFDJKB-VYIIXAMBSA-N
678,8.52288,7.894454002380371,0.6284259976196296,UMDZOBWQMNPPGB-UHFFFAOYSA-N
775,7.19997,6.5475311279296875,0.6524388720703129,UMZDDMLTGGDCRB-UHFFFAOYSA-N
1265,8.05552,7.49269962310791,0.5628203768920894,UNVOAAWEEGAXTN-UHFFFAOYSA-N
3304,7.55284,6.25179386138916,1.3010461386108396,UOIAPKXVDOJCGV-MWDXBVQZSA-N
923,9.17393,8.967409133911133,0.20652086608886755,UONYENUNDYAGPQ-UHFFFAOYSA-N
3350,7.35952,7.541329383850098,-0.18180938385009782,UOUHZRIREFJDTJ-OCOZRVBESA-N
1637,5.825555,5.837878227233887,-0.012323227233887124,UPEPSZXXKJZXNG-UHFFFAOYSA-O
3089,5.97881,5.067221164703369,0.911588835296631,UPFUAMRNRBIMEV-FDAWAROLSA-N
3104,8.28819,9.151525497436523,-0.8633354974365233,UPJAFSLAGGYJTO-UHFFFAOYSA-N
310,9.24413,9.208502769470215,0.035627230529785336,UQBAAIYCOXDDQQ-UHFFFAOYSA-N
2301,5.52288,7.156599044799805,-1.633719044799805,UREVBHDPQHAWDN-RXMQYKEDSA-N
1026,5.52288,7.1565985679626465,-1.6337185679626467,UREVBHDPQHAWDN-YFKPBYRVSA-N
2079,7.16115,6.398567199707031,0.7625828002929689,URJMHZSCYSXBGN-UHFFFAOYSA-N
1605,6.85699,7.483400821685791,-0.6264108216857913,URKBFQGIEXVNRN-UHFFFAOYSA-N
3415,7.00745,7.7076005935668945,-0.7001505935668941,URKUVOOMGFZKSL-DARPEHSRSA-N
583,5.88606,6.04005241394043,-0.15399241394043006,URSMDKUSODPTCL-UHFFFAOYSA-N
4474,5.06098,6.073139190673828,-1.0121591906738283,USJXZZZMUUXSBK-UHFFFAOYSA-N
228,5.20066,6.761327266693115,-1.5606672666931152,USUSLYRWRFTFJZ-UHFFFAOYSA-N
1441,7.39794,7.263128757476807,0.13481124252319354,UTOPPHLSAAJWHX-UHFFFAOYSA-N
2605,5.22185,5.970251560211182,-0.7484015602111818,UTSIRBZYENXINM-UYRXBGFRSA-N
1718,7.03152,5.789603233337402,1.241916766662598,UUCWSKIRKUOACE-UHFFFAOYSA-N
832,7.76195,7.310637474060059,0.4513125259399411,UUOHJJYJQPUSRN-UHFFFAOYSA-N
241,8.26761,8.093161582946777,0.17444841705322212,UUQQRPWLTMMCSV-UHFFFAOYSA-N
2086,6.91721,6.655984878540039,0.2612251214599608,UUUBORPVEFCRER-UHFFFAOYSA-N
1509,7.1549,7.597562789916992,-0.4426627899169926,UVALZXJXVIPTBJ-AMKOLVODSA-N
3450,6.77469,7.157623291015625,-0.38293329101562534,UVDYUAKOGXPKCJ-UHFFFAOYSA-N
1949,6.714205,5.801883220672607,0.9123217793273923,UVYNECUSQBZMSD-UHFFFAOYSA-N
679,8.38722,6.813620090484619,1.57359990951538,UWQOEQYFXQZWFM-UHFFFAOYSA-N
3827,6.86967,5.547266483306885,1.3224035166931154,UXCXYERTOFOPQT-UHFFFAOYSA-N
833,8.10846,7.81068229675293,0.2977777032470694,UXFPBXCPHRAGKB-UHFFFAOYSA-N
71,4.97879,5.8385748863220215,-0.8597848863220214,UYDRVNADJTZXEM-UHFFFAOYSA-N
3044,8.60206,8.902419090270996,-0.3003590902709963,UYGGALTZYKSLEI-UHFFFAOYSA-N
4333,5.17914,5.668358325958252,-0.48921832595825165,UZEAVGVQQHZREJ-UHFFFAOYSA-N
229,6.33724,6.8464274406433105,-0.5091874406433101,UZXZPGSLNMHGJV-UHFFFAOYSA-N
1164,6.96658,6.721858024597168,0.24472197540283247,VADVWPCYPUHXIR-UHFFFAOYSA-N
1788,7.1549,6.191409111022949,0.9634908889770504,VAMTXPFDKXGZRO-UHFFFAOYSA-P
874,6.01773,5.315206527709961,0.7025234722900393,VAQPSRCIHJPJEJ-BLLLJJGKSA-N
2453,7.04624,6.917243003845215,0.12899699615478522,VBBFHHDEKPDHJO-UHFFFAOYSA-N
2224,8.1549,8.059149742126465,0.09575025787353475,VBPRQJFLYMCAME-UHFFFAOYSA-P
3185,7.4318,6.808363914489746,0.6234360855102539,VCFKBYXCFDZGGP-UHFFFAOYSA-N
4443,7.55596,6.622254848480225,0.9337051515197752,VDQFJTZEAIFARA-UHFFFAOYSA-N
184,7.02687,7.112379550933838,-0.08550955093383816,VEAQYSZMSCMCGQ-UHFFFAOYSA-N
1431,7.28001,7.528691291809082,-0.24868129180908216,VEEUYGGNXIZQMM-UHFFFAOYSA-N
3414,6.8146,7.741701602935791,-0.9271016029357906,VFERHOUHYWLGSW-YYDJUVGSSA-N
567,5.60206,6.135812282562256,-0.533752282562256,VFJMCRBOTPFVMY-UHFFFAOYSA-N
3937,6.56225,6.738252639770508,-0.17600263977050812,VFKNDVADZLQDOZ-UHFFFAOYSA-N
243,7.08302,7.704493999481201,-0.6214739994812009,VFMMITSTDSXTMO-UHFFFAOYSA-N
1779,6.644945,7.084239959716797,-0.439294959716797,VFRUSWZSBSOJCG-UHFFFAOYSA-O
2564,6.34679,6.536537170410156,-0.18974717041015587,VFSWDJZQQQYTJX-UHFFFAOYSA-N
3078,5.61979,5.702628135681152,-0.08283813568115228,VGGGTYRHDJQAQD-UHFFFAOYSA-N
2813,5.70115,5.850178241729736,-0.14902824172973617,VHNMWLPIWVJYAI-UHFFFAOYSA-N
3961,5.1549,6.897346496582031,-1.7424464965820317,VHWJSSUZKSFJKX-CVRLYYSRSA-N
487,6.92082,6.992907524108887,-0.07208752410888675,VHWMUDXEZYJXAX-UHFFFAOYSA-O
4327,5.439715,6.0085625648498535,-0.5688475648498539,VIKPLMAMOFWNSK-UHFFFAOYSA-N
4202,5.47301,5.700733661651611,-0.22772366165161095,VIWFBBHZWUZKIE-UHFFFAOYSA-N
3048,8.88606,8.756269454956055,0.12979054504394583,VJCSRHPAMHRBGW-UHFFFAOYSA-N
1262,6.75449,7.473381042480469,-0.7188910424804691,VJYJWGAJWFCCLU-UHFFFAOYSA-N
494,7.52288,6.219019889831543,1.3038601101684568,VKEZNBQOJFJFFP-FIXISWKDSA-N
3347,5.59007,6.219019889831543,-0.6289498898315431,VKEZNBQOJFJFFP-UEKVPHQBSA-N
4170,5.85699,5.505318641662598,0.35167135833740204,VKJZYEPEKJWSTQ-UHFFFAOYSA-N
4565,6.37675,5.764313697814941,0.612436302185059,VLDDOTFTMZJIEM-CMDGGOBGSA-N
1811,6.56864,6.626105785369873,-0.05746578536987279,VLINJGAWQXONRY-UHFFFAOYSA-N
3122,8.50004,7.675463676452637,0.8245763235473635,VLLRRLPCMCEADG-UHFFFAOYSA-N
2318,5.98464,6.290815353393555,-0.30617535339355495,VLSZPAALSJTEMI-UHFFFAOYSA-N
1309,5.79317,7.035794258117676,-1.2426242581176759,VMBRWDBCJZPBGV-UHFFFAOYSA-N
2222,5.39794,8.081999778747559,-2.6840597787475584,VNXVTMNYMMXMNG-UHFFFAOYSA-P
2808,6.21467,5.959995746612549,0.2546742533874511,VOPNAWJUQDNWKB-UHFFFAOYSA-N
714,5.0048,6.993536472320557,-1.9887364723205563,VOWHONRMOCHCGC-HTLJXXAVSA-N
340,7.0,7.1265950202941895,-0.12659502029418945,VOWHONRMOCHCGC-LHIURRSHSA-O
3180,6.60206,5.975953102111816,0.6261068978881834,VPTJNXMKLVQWHQ-UHFFFAOYSA-N
2823,7.69897,6.41133975982666,1.28763024017334,VQSJWSIUKJFATQ-UHFFFAOYSA-O
1357,5.36653,5.778552532196045,-0.4120225321960449,VRLUAVDWYSTYDA-UHFFFAOYSA-N
578,5.21,5.3438873291015625,-0.13388732910156254,VSQLMMNJVBKVKP-GFTPRTEMSA-N
563,5.28,5.051353931427002,0.2286460685729983,VSQLMMNJVBKVKP-URMDTBFRSA-N
4427,5.33913,5.166223526000977,0.17290647399902337,VSXPZXKLWOWDGU-NAMNSSPESA-N
244,7.79187,7.652651786804199,0.13921821319580108,VSZCXWFWDSAZPT-UHFFFAOYSA-N
3300,7.7167,6.625179290771484,1.091520709228516,VTDARCCSCBZWAE-MOPGFXCFSA-N
1719,7.36653,6.625179290771484,0.7413507092285156,VTDARCCSCBZWAE-RBUKOAKNSA-N
2068,6.34361,6.3675127029418945,-0.02390270294189456,VTGOBKAEWBZVCF-UHFFFAOYSA-N
779,8.48004,7.408145427703857,1.0718945722961433,VTMJSMRJAMLHBS-UHFFFAOYSA-N
3447,6.76955,6.178374767303467,0.5911752326965329,VTZGYQYDBJMTAJ-UHFFFAOYSA-N
2047,7.76195,9.117018699645996,-1.3550686996459964,VUNRXMPUBAYQMR-UHFFFAOYSA-N
1177,8.65758,8.102992057800293,0.5545879421997064,VVALFDQDPSGUHW-UHFFFAOYSA-N
1632,8.28567,8.024972915649414,0.2606970843505856,VVEOYZDAMLRUQD-UHFFFAOYSA-N
3682,5.65758,6.029849529266357,-0.37226952926635715,VVHSKUVEDZEFPN-UHFFFAOYSA-N
3453,6.5064,7.3016438484191895,-0.7952438484191893,VVVCUWUORGMTNG-UHFFFAOYSA-N
2831,5.08725,5.92579460144043,-0.8385446014404296,VVYRUKLKRCNWHE-UHFFFAOYSA-N
3732,5.39794,5.935168266296387,-0.5372282662963865,VWEJXLMNMJKIFU-FUDKSRODSA-N
3134,7.5376,7.56321907043457,-0.025619070434570013,VWLGZNUAGMXEGX-UHFFFAOYSA-N
2811,6.5376,5.917551040649414,0.6200489593505862,VWPVBOVNWOJLEJ-UHFFFAOYSA-N
2996,6.20761,6.132516384124756,0.07509361587524399,VXFDWXQFBUGSKI-UHFFFAOYSA-N
2418,6.12205,6.035653114318848,0.08639688568115211,VXQFGUJASGKRMS-VXLYETTFSA-N
2077,6.02826,6.520508289337158,-0.4922482893371578,VXRJTAPSRDSAGT-UHFFFAOYSA-N
3559,6.09151,5.979156970977783,0.11235302902221722,VXSJAPYUZPJXON-UHFFFAOYSA-N
154,6.72125,7.012303352355957,-0.29105335235595664,VXTOUZSUPQQPPE-UHFFFAOYSA-N
4569,7.284,7.669459342956543,-0.38545934295654316,VYPWGZVTORLPEM-UHFFFAOYSA-N
3499,7.31966,7.923942565917969,-0.6042825659179689,VYRLFPZCUMWHEQ-UHFFFAOYSA-N
2153,6.10237,5.757997989654541,0.3443720103454586,VZFFUWWWOQZWAL-UHFFFAOYSA-N
4329,5.37479,6.007509231567383,-0.6327192315673829,VZFYGCGGVNFWSP-UHFFFAOYSA-N
134,6.14874,7.099950790405273,-0.9512107904052733,VZIIROIDZAERNQ-UHFFFAOYSA-N
3667,7.64397,6.938305854797363,0.7056641452026371,VZTQBNKNBJPYPH-UHFFFAOYSA-N
1818,6.0,5.955252170562744,0.04474782943725586,WAJVOUALTBWKPV-UHFFFAOYSA-N
56,5.35,5.657537460327148,-0.3075374603271488,WAJXNDIIKZANCA-UHFFFAOYSA-N
4429,5.0,4.4324235916137695,0.5675764083862305,WALUZVFMEKNFCM-UHFFFAOYSA-N
3919,7.88606,8.618486404418945,-0.7324264044189457,WAPSZYCQSRLWDS-UHFFFAOYSA-N
480,7.30103,7.476428031921387,-0.1753980319213868,WBADLUYZHMUYCM-UHFFFAOYSA-O
1790,6.02506,5.826554298400879,0.19850570159912095,WBIBUCGCVLAPQG-UHFFFAOYSA-P
1782,7.134205,5.788910865783691,1.3452941342163083,WBMUVKRVRIBYJE-UHFFFAOYSA-P
3998,5.38722,5.670531749725342,-0.2833117497253417,WCJSIHHWFYNIQC-UHFFFAOYSA-O
928,8.85078,6.857577800750732,1.993202199249268,WDHCJKQGINHUOE-UHFFFAOYSA-N
205,6.081145,5.494367599487305,0.5867774005126956,WDVRHFUZFUWLGS-UHFFFAOYSA-N
727,7.13312,5.75491189956665,1.3782081004333495,WELCDKMCOGDZCK-UHFFFAOYSA-N
1881,8.29757,7.522871494293213,0.7746985057067874,WENTUEGJRGNGKW-UHFFFAOYSA-N
1966,5.20066,5.611893653869629,-0.41123365386962885,WESHYJRNOPTLFY-XLWJZTARSA-N
4362,5.37779,6.231633186340332,-0.853843186340332,WEWUTXFGEVHYIZ-UHFFFAOYSA-N
571,7.13077,5.956760406494141,1.1740095935058594,WFHABXAMFJTSIW-AATRIKPKSA-N
3894,5.59482,6.520014762878418,-0.9251947628784176,WGEJVJPDALKEOC-UHFFFAOYSA-N
490,6.18709,6.1894330978393555,-0.002343097839355046,WGYOPAOYUFZMIS-UHFFFAOYSA-N
3845,6.64782,5.801626205444336,0.8461937945556643,WHVZYWOSAKGOJG-UHFFFAOYSA-N
1294,8.72125,8.143144607543945,0.5781053924560542,WHXABAAQSUQJBY-UHFFFAOYSA-N
943,5.67778,5.7380571365356445,-0.06027713653564426,WHXOOXXOFDWFLD-JXMROGBWSA-N
3672,7.09691,6.334461688995361,0.762448311004639,WIBZBHAULNIINQ-UHFFFAOYSA-N
3671,9.48149,8.273629188537598,1.2078608114624032,WIBZBHAULNIINQ-UHFFFAOYSA-P
3100,8.44249,6.290746212005615,2.151743787994384,WIXYVLRIZYZCIN-UHFFFAOYSA-N
1791,5.5391,6.071035385131836,-0.5319353851318356,WJCASIGPROJICW-UHFFFAOYSA-N
4434,7.04096,5.910889148712158,1.130070851287842,WKJVBSGHFVPAEU-UHFFFAOYSA-N
589,6.58503,5.859589576721191,0.7254404232788083,WKLCDAMOZPYEHF-UHFFFAOYSA-N
1358,5.44855,6.080038070678711,-0.6314880706787109,WKOHIRBMSXYUCL-SYIFMXBLSA-N
1275,5.35655,6.3507208824157715,-0.9941708824157711,WKTWPRRKDHBLDJ-UHFFFAOYSA-N
1751,6.31069,6.042834758758545,0.2678552412414552,WKXYTZADUXBGNK-VEDVMXKPSA-N
4004,8.0,6.282398223876953,1.7176017761230469,WLAAJJZNAFKAMK-UHFFFAOYSA-N
872,8.17718,7.266340255737305,0.9108397442626952,WLFOCPXAEKVJHV-UHFFFAOYSA-N
2289,6.56915,6.524926662445068,0.04422333755493124,WLPXFUPAMVAKBE-UHFFFAOYSA-N
4249,6.92082,5.937066555023193,0.9837534449768066,WMVNKXATYYASHC-UHFFFAOYSA-N
1194,9.31876,8.313875198364258,1.0048848016357415,WNCPQDOVHICUNG-UHFFFAOYSA-N
359,7.04576,7.682541370391846,-0.6367813703918461,WNFJUFWSHLTWLJ-UHFFFAOYSA-N
1185,7.76955,7.800604343414307,-0.031054343414306906,WNLYOXFKVMXTBI-UHFFFAOYSA-N
1240,7.88606,6.318532466888428,1.567527533111572,WNRDMOSGJUVDLT-UHFFFAOYSA-N
366,8.02687,8.15930461883545,-0.1324346188354486,WNUCJMMTJRRQRG-UHFFFAOYSA-N
1127,6.8962,6.321320533752441,0.5748794662475589,WNWQLKAZJLNDJZ-UHFFFAOYSA-N
1965,5.60206,5.978452682495117,-0.37639268249511737,WOEXURQDMFYJPL-UHFFFAOYSA-N
237,7.93181,8.417840003967285,-0.4860300039672856,WOVNHKCOXVIXBN-UHFFFAOYSA-N
1458,6.09691,6.004857540130615,0.09205245986938504,WPOFAFLYGQHUBW-UHFFFAOYSA-N
251,7.09909,7.462567329406738,-0.36347732940673794,WPPCUGSDZTTYQW-UHFFFAOYSA-N
3051,5.49485,5.581438064575195,-0.08658806457519574,WQMAGHZSMFCGDV-SFQUDFHCSA-N
3841,7.0,5.680843353271484,1.3191566467285156,WQZDGLCFDUUGFR-MDZDMXLPSA-N
3144,6.31876,5.97566556930542,0.34309443069458023,WRDWNDOAIVMNKL-UHFFFAOYSA-N
777,8.18,7.536111831665039,0.6438881683349607,WREDXEQOXOCWAK-UHFFFAOYSA-N
772,8.24003,8.524681091308594,-0.2846510913085929,WREDXEQOXOCWAK-UHFFFAOYSA-P
1692,5.07,5.466560363769531,-0.39656036376953097,WSZCWFGKBRQCMK-OAHLLOKOSA-N
1439,6.30103,6.9151530265808105,-0.6141230265808106,WTEHSLBHHPNNTR-UHFFFAOYSA-N
146,6.18177,6.443094253540039,-0.26132425354003885,WTHVYNDBLHHUQG-UHFFFAOYSA-N
1402,7.49485,7.155350208282471,0.33949979171752886,WUAWIFPABARFIQ-UHFFFAOYSA-N
462,5.527355,5.588436603546143,-0.06108160354614256,WUFQLZTXIWKION-UHFFFAOYSA-N
3928,9.13668,8.515872955322266,0.6208070446777345,WUPXIBBAMVISOW-UHFFFAOYSA-N
4129,6.27474,5.91219425201416,0.36254574798584027,WVICGACWYTXOJC-UHFFFAOYSA-N
3050,6.10791,5.8739495277404785,0.23396047225952188,WVNPHZUMSCQBDN-PXLXIMEGSA-N
165,5.98297,5.809089183807373,0.17388081619262685,WVOVCACDLDHRBD-UHFFFAOYSA-O
1351,6.30103,5.8632307052612305,0.43779929473876944,WWDYNLRLCYEISG-UHFFFAOYSA-N
1095,7.16749,7.0402913093566895,0.12719869064331046,WWEBTCRGCHRYFS-UHFFFAOYSA-N
2926,7.35556,6.148522853851318,1.2070371461486813,WWOATZYESLZUJT-ZHZULCJRSA-N
3858,5.34679,6.895016193389893,-1.5482261933898922,WXOUYBTTWQDIOV-UHFFFAOYSA-N
2451,5.89466,5.9370808601379395,-0.04242086013793944,WXTKBXGKRLFVQP-UHFFFAOYSA-N
1800,7.01323,5.923572063446045,1.0896579365539552,WYBSTHYTYQKMRS-UHFFFAOYSA-N
4001,5.82391,5.823260307312012,0.0006496926879879794,WYQIPCUPNMRAKP-UHFFFAOYSA-O
731,5.49435,6.0216474533081055,-0.5272974533081056,WZBMGNJGAWYVMR-UHFFFAOYSA-N
1063,6.35655,6.137662410736084,0.21888758926391638,WZFNJDWCRYFFMB-UHFFFAOYSA-N
2898,6.96497,7.338305473327637,-0.3733354733276366,WZHNHCZMUGSGNU-OBGWFSINSA-N
1430,7.79997,7.533080101013184,0.2668898989868165,XACMNRBVWCIPLK-UHFFFAOYSA-N
4244,6.71897,5.842775344848633,0.8761946551513669,XATVSLHMOONKQS-UHFFFAOYSA-N
3340,5.05849,5.514395713806152,-0.4559057138061524,XAUGWFWQVYXATQ-UHFFFAOYSA-N
4470,5.23359,4.875661373138428,0.3579286268615727,XBCUDBCRHRRCII-DXERQICSSA-N
4478,6.04576,6.551571846008301,-0.5058118460083012,XBFPQTJCJOVBJR-UHFFFAOYSA-N
4475,7.14874,5.885178089141846,1.2635619108581544,XBNOFSFXALCRJV-NTCAYCPXSA-N
3786,6.09745,6.22487735748291,-0.1274273574829099,XCGMCCCRFJSDBJ-UHFFFAOYSA-N
3505,9.56864,8.303505897521973,1.2651341024780276,XFCZLDDITSQBRC-UHFFFAOYSA-N
3464,7.81816,7.931421279907227,-0.11326127990722679,XFIFOPDJPLFQII-UHFFFAOYSA-N
1334,5.88606,5.688587188720703,0.1974728112792965,XFMOIXTZMKSAPF-UHFFFAOYSA-N
1559,7.30103,6.037941932678223,1.2630880673217773,XFRWLGBTTNTYLD-UHFFFAOYSA-N
1269,5.04096,6.346828937530518,-1.3058689375305175,XGBIWDJGWCUOLR-UHFFFAOYSA-N
1527,5.00877,6.438386917114258,-1.4296169171142576,XGFNUPSMSGUBHW-UHFFFAOYSA-N
741,7.14206,7.577045440673828,-0.43498544067382827,XIENCHOJTXJXOY-UHFFFAOYSA-N
1245,5.39794,5.688715934753418,-0.2907759347534178,XIJGMMVYDINGDM-UHFFFAOYSA-N
4210,5.767,6.624355792999268,-0.8573557929992672,XIXBDRAYBSRWGU-UHFFFAOYSA-N
238,7.90658,8.097146034240723,-0.19056603424072271,XIXLKEWOSRYJSK-UHFFFAOYSA-N
3846,6.08619,5.800244331359863,0.28594566864013693,XJALVWNRLTXILY-UHFFFAOYSA-N
594,9.52288,7.0603928565979,2.4624871434021003,XJFIAYUCPUSWHE-UHFFFAOYSA-N
2135,7.74473,5.724496364593506,2.020233635406494,XJLSQMHRWYVXBT-UHFFFAOYSA-N
717,7.42022,6.899494171142578,0.5207258288574215,XJOKTEONVKMBPL-NBFOKTCDSA-N
1004,6.82391,6.790390491485596,0.033519508514403995,XKFREQBQWSPHAV-UHFFFAOYSA-N
3669,7.91721,7.005095481872559,0.9121145181274413,XKJCXGCDYJCZFS-UHFFFAOYSA-N
1448,5.04576,6.07304048538208,-1.0272804853820805,XKOPPJJSUOIQCM-UHFFFAOYSA-N
4264,6.29229,6.243991851806641,0.04829814819335976,XMABALKLBVDHMN-UHFFFAOYSA-N
2467,7.73755,7.162178993225098,0.575371006774902,XMCWOSWMDRNMEV-UHFFFAOYSA-N
1813,7.52288,6.800792217254639,0.7220877827453611,XMIICGLXEFLORP-UHFFFAOYSA-N
4563,6.94692,6.3905439376831055,0.556376062316895,XMKQIJRRQHWDGR-ORIPQNMZSA-N
4363,7.5376,5.83665132522583,1.7009486747741702,XNFOYUVUCVPYHJ-UHFFFAOYSA-O
3183,5.02687,6.122155666351318,-1.0952856663513186,XOGBOCMKACZLKD-UHFFFAOYSA-N
1188,5.92082,6.353543758392334,-0.432723758392334,XPEZPTDMSZUQAL-UHFFFAOYSA-N
3668,7.93181,6.977905750274658,0.9539042497253414,XQBZGLNGUYDILV-UHFFFAOYSA-N
3957,5.31426,6.207888126373291,-0.893628126373291,XRHILUGZODPNTA-NECWGFRUSA-N
4524,7.39794,7.2877092361450195,0.11023076385498065,XRWWKTGWAYEHQQ-UHFFFAOYSA-N
653,6.12494,6.087127685546875,0.03781231445312461,XSEGOLCNHBMJAU-UHFFFAOYSA-O
3728,8.90309,7.502415180206299,1.4006748197937018,XSIFHJVFGIDFTA-UHFFFAOYSA-N
4263,6.2583,6.142989158630371,0.1153108413696291,XTHNESHEQKSPCM-UHFFFAOYSA-N
4158,7.19382,6.928478717803955,0.2653412821960446,XTOHGLCGVPPIMS-UHFFFAOYSA-N
0,6.12494,5.974078178405762,0.1508618215942379,XTYHQGUFADGVIA-UHFFFAOYSA-N
1057,6.60206,5.664606094360352,0.9374539056396483,XUCUYSNLGRYWHL-UHFFFAOYSA-N
2221,6.90309,7.34441614151001,-0.44132614151001004,XUDNHHKQLZSOOU-UHFFFAOYSA-N
915,5.23657,6.5739030838012695,-1.3373330838012691,XVIBJORNDLZYRS-UHFFFAOYSA-N
851,6.54303,6.979621887207031,-0.43659188720703135,XVRGYUKBPIGHFG-UHFFFAOYSA-N
472,7.65758,7.980297088623047,-0.3227170886230466,XVVJYFGHYUGDNC-UHFFFAOYSA-O
3383,6.51999,5.370384693145752,1.149605306854248,XWDVGVZCDUPRMY-UHFFFAOYSA-N
1364,6.6103,6.397043228149414,0.21325677185058556,XWHYLMWZWILHMT-GWQXNCQPSA-N
1781,6.90344,6.959077835083008,-0.055637835083008014,XXFULCMNJCKZOU-UHFFFAOYSA-O
3916,5.25964,6.097196578979492,-0.8375565789794921,XXMSOWCJJWRKHL-UHFFFAOYSA-N
1416,8.43997,7.607710361480713,0.8322596385192877,XXUHSYCMSYGREM-UHFFFAOYSA-N
362,6.65758,6.677895545959473,-0.02031554595947238,XYBJWCKGZDRJOC-UHFFFAOYSA-N
1467,7.22185,7.012454032897949,0.20939596710205066,XYGKCUFPPNMELX-UHFFFAOYSA-N
1039,6.69897,6.009675025939941,0.6892949740600587,XYSHEKSGIOGNMC-DFKUXCBWSA-N
1454,8.0,7.445826530456543,0.554173469543457,XZWPKRVTYLJQOV-UHFFFAOYSA-N
4347,5.71444,5.841309070587158,-0.12686907058715846,YAGBUEGHMZUAMB-UHFFFAOYSA-N
1129,6.92082,5.59623908996582,1.3245809100341797,YAQNHPBYWUEFCO-UHFFFAOYSA-N
3473,8.7122,7.65800666809082,1.054193331909179,YAUOKBMIXBYWPY-UHFFFAOYSA-N
1797,6.78781,7.610518932342529,-0.822708932342529,YAVSOJFGTXJEAZ-UHFFFAOYSA-N
566,5.82391,5.854804039001465,-0.030894039001465146,YAWPADHEYVDXTE-UHFFFAOYSA-N
3509,5.25337,5.951859474182129,-0.6984894741821286,YCJCZVUHPAFTTR-UHFFFAOYSA-N
4353,6.86646,6.201909065246582,0.664550934753418,YCPRTONNBYYDNV-UHFFFAOYSA-N
2296,6.72946,6.846827030181885,-0.11736703018188432,YDPNZANIARUFGS-UHFFFAOYSA-N
3790,6.03953,6.190335750579834,-0.15080575057983392,YDQDLCRGBDSPDW-UHFFFAOYSA-N
2923,7.74473,5.900496006011963,1.8442339939880368,YDXUFJPFHKAUJT-UHFFFAOYSA-N
1518,7.54668,7.134021759033203,0.41265824096679715,YEDTVNQWFBUMMP-UHFFFAOYSA-N
1330,8.52288,8.9403076171875,-0.4174276171874993,YEHRIYGLOPUGQS-UHFFFAOYSA-N
3147,6.284,6.303170680999756,-0.01917068099975605,YFIKTVJZVZMIMY-UHFFFAOYSA-N
1483,6.95861,6.379539489746094,0.5790705102539064,YFTZUNFODOMQOU-UHFFFAOYSA-N
2136,6.79588,6.033003330230713,0.7628766697692875,YFWCPDCWRGTMLM-UHFFFAOYSA-N
4348,5.71444,5.70745849609375,0.006981503906249742,YFWPUFIZWKLWFN-UHFFFAOYSA-N
1367,7.0,5.898566246032715,1.1014337539672852,YFXZWVUZIPQSKX-UHFFFAOYSA-N
1247,5.0,5.629598140716553,-0.6295981407165527,YGCYIQMIIZWFDY-UHFFFAOYSA-N
3417,7.96981,6.639022350311279,1.3307876496887205,YGDFHMALLNHJGR-YYDJUVGSSA-N
1191,7.88606,7.839675426483154,0.04638457351684533,YGOWOKNKZNIBEE-UHFFFAOYSA-N
2949,8.75007,7.945509910583496,0.804560089416503,YGQKTDVOXJDMRV-UHFFFAOYSA-O
187,5.35655,6.672948837280273,-1.316398837280273,YHLZTNLQPDKTRV-UHFFFAOYSA-N
4152,7.60206,6.843308925628662,0.7587510743713377,YHMQNOUAEWRSMB-UHFFFAOYSA-N
1604,7.04818,6.820520877838135,0.22765912216186557,YHMUFBHKACLDAD-UHFFFAOYSA-N
871,7.70553,7.842930793762207,-0.1374007937622066,YIEHIIKZXHJHAT-UHFFFAOYSA-N
2134,6.72816,5.705493450164795,1.022666549835205,YIXQNFAAVIWCGK-UHFFFAOYSA-N
3297,7.08092,5.476832389831543,1.604087610168457,YJFDHGWJUUBSMM-UHFFFAOYSA-N
1315,8.35655,9.298370361328125,-0.9418203613281246,YJNLLZNHSDXDOD-UHFFFAOYSA-N
2558,6.01278,5.766600131988525,0.24617986801147484,YKNKTKQTSHJVJU-UHFFFAOYSA-N
3962,5.76955,6.882316589355469,-1.112766589355469,YLNVOFZMXZZSPL-CVRLYYSRSA-N
4568,7.95468,6.128483295440674,1.826196704559326,YMMQJFMCSBUCJB-UHFFFAOYSA-N
1980,6.09691,5.771646499633789,0.3252635003662112,YMUQNRICCRNBQY-UHFFFAOYSA-N
2812,5.93554,5.525928497314453,0.40961150268554647,YMUXVZVELJUUFO-UHFFFAOYSA-N
3927,8.87615,5.7972517013549805,3.0788982986450204,YOOWQKHKSXRNQR-HMMYKYKNSA-N
3099,7.5817,5.5763678550720215,2.005332144927978,YOTRKRSZYIWZER-ISLYRVAYSA-N
4346,5.71444,5.366217136383057,0.3482228636169431,YOUGRKPDJMAREZ-UHFFFAOYSA-N
2085,7.34679,6.677700519561768,0.6690894804382328,YPLKVIAPANUJFD-UHFFFAOYSA-N
1824,5.30715,5.289270401000977,0.01787959899902347,YPTPQJUCNLOPQW-DMLLMEQYSA-N
3863,7.52244,5.920984745025635,1.6014552549743648,YQFNHECEHPJPRC-UHFFFAOYSA-N
1328,8.82391,8.872983932495117,-0.04907393249511749,YREMZZRLGYQAJX-UHFFFAOYSA-N
3766,7.65365,7.449984550476074,0.20366544952392562,YRJNNKXUTVFNRH-SOYKGTTHSA-N
972,7.6038,7.396434783935547,0.2073652160644528,YRSDKEGUOVVYAU-UHFFFAOYSA-N
3483,8.89279,5.822554111480713,3.070235888519287,YRTPZXMEBGTPLM-GXDHUFHOSA-N
3482,8.80967,5.879014015197754,2.9306559848022466,YRTPZXMEBGTPLM-UVTDQMKNSA-N
3933,6.98297,6.021767616271973,0.9612023837280272,YRUZEHRUHWMXBG-UHFFFAOYSA-N
3837,6.04576,6.114102363586426,-0.0683423635864262,YRWJEVUHKGNJHE-UHFFFAOYSA-N
3299,6.1261,5.784071922302246,0.342028077697754,YSLHGKKPVMONGE-UHFFFAOYSA-N
1274,6.52288,6.815446853637695,-0.2925668536376955,YSXBEGFTKYEHPG-UHFFFAOYSA-N
2081,6.92812,6.218139171600342,0.709980828399658,YSXQOWZLOAIQNW-UHFFFAOYSA-N
1365,6.79371,6.664619445800781,0.12909055419921867,YSXYQGDIUVECGI-OMOCHNIRSA-N
891,6.74232,5.789010524749756,0.9533094752502445,YSYWGTZUXIHOGJ-UHFFFAOYSA-N
1410,5.52288,5.2545623779296875,0.2683176220703123,YSYXTOCQZZJQPQ-YMDXCDBESA-N
2951,5.97,7.211544036865234,-1.2415440368652346,YTFRNFJDILTQRO-UHFFFAOYSA-P
1635,6.61979,5.476933479309082,1.142856520690918,YTHUTSUOWVLSSH-UHFFFAOYSA-N
79,7.39794,7.5167436599731445,-0.11880365997314435,YTNDRRDLBRLSKQ-UHFFFAOYSA-N
2225,7.22915,7.898612976074219,-0.669462976074219,YUTRBUWVLYXVFZ-UHFFFAOYSA-P
181,5.48149,6.513638019561768,-1.0321480195617676,YVCOOKHGRIHQLP-UHFFFAOYSA-N
1693,5.77,5.42923641204834,0.34076358795165973,YVHQIZFBBDSLIB-LBPRGKRZSA-N
1613,8.34775,8.748126029968262,-0.40037602996826216,YVSGFEGOSAGMBU-UHFFFAOYSA-N
3971,5.49485,4.8087158203125,0.6861341796874996,YWPGPDBCUWQOFS-OKZBNKHCSA-N
190,5.0,7.318289756774902,-2.3182897567749023,YXTROGRGRSPWKL-UHFFFAOYSA-N
3819,5.28233,7.006786823272705,-1.724456823272705,YXVJRNSHXRZMDO-UHFFFAOYSA-N
1453,9.0,7.314892768859863,1.6851072311401367,YZDRSBRUONQQBH-UHFFFAOYSA-N
900,7.44977,7.341074466705322,0.10869553329467774,ZBDSSKBPIJGPNI-UHFFFAOYSA-O
3785,6.00524,6.190381050109863,-0.1851410501098636,ZBMYRGLRRRJDSK-UHFFFAOYSA-N
582,6.48149,5.8995232582092285,0.5819667417907715,ZBRWAMUMBJESLJ-UHFFFAOYSA-N
1746,5.18842,5.884395122528076,-0.6959751225280764,ZCCUUQDIBDJBTK-UHFFFAOYSA-N
1027,5.22185,5.70050048828125,-0.4786504882812501,ZCEGOFUHMHYYKP-ZDUSSCGKSA-N
773,8.24003,8.54856014251709,-0.308530142517089,ZCFTXFRNKQBBTE-UHFFFAOYSA-P
1297,8.79588,8.473958969116211,0.3219210308837894,ZCQVAGLFOBYHQJ-UHFFFAOYSA-N
471,7.521435,6.881327152252197,0.640107847747803,ZCUGLCPNDXQRDS-UHFFFAOYSA-N
505,7.0,7.080289840698242,-0.08028984069824219,ZCUGLCPNDXQRDS-UHFFFAOYSA-O
3418,8.96658,6.606703281402588,2.3598767185974125,ZDDBXKYJPCPAEW-DARPEHSRSA-N
1409,5.0,7.0460357666015625,-2.0460357666015625,ZDDQSNVWQNIFDW-UHFFFAOYSA-N
3098,7.51286,5.496743202209473,2.016116797790527,ZDIISGQXYRMQOL-FOCLMDBBSA-N
395,5.47,5.657068729400635,-0.18706872940063501,ZDRXODKITUOMRY-UHFFFAOYSA-N
1859,5.38195,6.082187652587891,-0.7002376525878908,ZDSAWBGHANWKJZ-UHFFFAOYSA-N
3156,7.2321,7.25407600402832,-0.02197600402832034,ZDTBBXCYGVOCRF-UHFFFAOYSA-N
1341,5.07058,6.044178009033203,-0.9735980090332035,ZDZXTUXDUMHCQE-UHFFFAOYSA-N
3155,7.62709,7.549106597900391,0.0779834020996093,ZETZOOFGTLYZGU-UHFFFAOYSA-N
3120,8.70006,7.941805362701416,0.7582546372985846,ZEVOVWBNRKGLDL-UHFFFAOYSA-N
4087,9.284,8.514739990234375,0.7692600097656257,ZEXKZNFDZZEDBE-UHFFFAOYSA-N
3056,6.85387,6.19432258605957,0.6595474139404294,ZFHXEPZVGHEEOG-UHFFFAOYSA-N
4324,6.30016,6.072525978088379,0.22763402191162108,ZFTBUERGLDNAPI-UHFFFAOYSA-N
4330,5.50328,5.992464065551758,-0.48918406555175764,ZGLHOBRLZGGTSA-UHFFFAOYSA-N
1722,5.17005,5.262744903564453,-0.09269490356445331,ZGNYWDUENAFLJX-SYYPJRJYSA-N
3864,5.4828,7.409096717834473,-1.9262967178344725,ZHIZWWLUDBQEIU-UHFFFAOYSA-N
49,7.09691,6.911211013793945,0.18569898620605496,ZHMGJDLOIOQXOP-AVKWCDSFSA-N
1029,5.30103,5.636747360229492,-0.3357173602294923,ZHUSPZUMDMLPJJ-UHFFFAOYSA-N
1943,5.377875,6.009374618530273,-0.631499618530273,ZHZIBLCALQIFDQ-UHFFFAOYSA-N
176,6.48149,6.64889669418335,-0.16740669418334964,ZIWCHHXALIIRHA-LWKPJOBUSA-N
123,6.48149,6.64889669418335,-0.16740669418334964,ZIWCHHXALIIRHA-UHFFFAOYSA-N
356,6.46852,6.9335737228393555,-0.46505372283935564,ZJCILDCILOKWCX-UHFFFAOYSA-N
3298,6.6517,6.164584159851074,0.4871158401489257,ZJVYZGDGAGPWGO-UHFFFAOYSA-N
53,5.03152,5.833966255187988,-0.8024462551879878,ZKFLBEFBAFMKEE-LWAISHCWSA-N
2358,6.21467,6.364426136016846,-0.1497561360168458,ZKLLFJOEYVRHQY-ZFWWWQNUSA-N
3943,6.2636,6.17397928237915,0.08962071762084989,ZKQXQSZQKROBLG-HKWRFOASSA-N
1540,5.23307,6.811408042907715,-1.5783380429077152,ZMDDANKTRSYYRH-UHFFFAOYSA-N
355,6.67778,5.894094467163086,0.7836855328369143,ZNARRZNSRNXCPB-KHPPLWFESA-N
212,6.67801,5.896233558654785,0.7817764413452144,ZNARRZNSRNXCPB-ZHACJKMWSA-N
4473,7.63078,6.118522644042969,1.512257355957031,ZNWQSESOPIAXKB-UHFFFAOYSA-N
850,6.41623,7.477268218994141,-1.061038218994141,ZNXQRDGTQDUACI-UHFFFAOYSA-N
3500,8.42022,8.14686107635498,0.27335892364502,ZOGDQVJCRYCHIS-UHFFFAOYSA-N
3870,5.01323,5.381679534912109,-0.3684495349121093,ZONYXWQDUYMKFB-UHFFFAOYSA-N
4245,9.36653,7.875589370727539,1.49094062927246,ZOWPDLIMOJEBGU-FWABEYBWSA-N
2393,5.79317,6.5033979415893555,-0.7102279415893555,ZPOOXQHMBHARAH-UHFFFAOYSA-N
3950,7.04576,6.748983383178711,0.29677661682128864,ZQGLWKUQUXUBNW-UHFFFAOYSA-N
2223,6.88606,8.153985023498535,-1.2679250234985355,ZRCXWQRLXPFSFA-UHFFFAOYSA-P
1536,5.64859,6.182169437408447,-0.5335794374084468,ZRLMXVZVNJDFQC-UHFFFAOYSA-O
3931,7.0,5.761516571044922,1.2384834289550781,ZRQDTMBPMKTABL-UHFFFAOYSA-N
3709,5.88406,5.830915451049805,0.05314454895019516,ZRVDIESZASJAED-UHFFFAOYSA-N
4100,5.34104,5.534995079040527,-0.19395507904052778,ZSHWOZAWKHAWKL-UHFFFAOYSA-N
110,8.34679,7.053730487823486,1.293059512176514,ZSNXWIDURRQELM-UHFFFAOYSA-N
4514,8.93554,7.153086185455322,1.7824538145446773,ZSQCGLVOAUBPOM-HLQWFMOUSA-N
1804,7.00877,6.361944675445557,0.6468253245544435,ZSTGNFQANZYYGW-NJNXFGOHSA-N
2785,7.15927,7.798924922943115,-0.639654922943115,ZSUIZUSDLYSBLQ-UHFFFAOYSA-N
960,5.22915,6.252476215362549,-1.023326215362549,ZTEYFKCVKUXXFR-UHFFFAOYSA-N
249,7.26281,7.661216735839844,-0.39840673583984376,ZTKRTTXZANSSPM-UHFFFAOYSA-N
1945,6.174285,5.980895042419434,0.19338995758056665,ZTRNUWFOLAADDI-UHFFFAOYSA-N
1539,5.1261,6.169673919677734,-1.0435739196777343,ZTXYFBOPUZGDPH-UHFFFAOYSA-N
3549,6.17393,5.719822883605957,0.45410711639404333,ZUBWDHXNBVPGFR-UHFFFAOYSA-N
3477,8.24872,7.513920783996582,0.7347992160034185,ZUHROIGIDVUJBR-HNQUOIGGSA-N
1010,6.0,7.35413122177124,-1.3541312217712402,ZUNZJKJIEFOIOH-UHFFFAOYSA-N
2755,7.34998,6.27768087387085,1.0722991261291508,ZVSKZLHKADLHSD-UHFFFAOYSA-N
4328,5.09155,6.009623050689697,-0.9180730506896975,ZVTYHQHLTNMVRA-UHFFFAOYSA-N
1181,6.46852,8.129633903503418,-1.6611139035034181,ZVWREYPHISEIQV-UHFFFAOYSA-N
1493,7.60206,6.35900354385376,1.24305645614624,ZWZGJWMQIIMKKD-VNRATWPSSA-N
4084,5.4045,5.71654748916626,-0.31204748916626013,ZXAMHJQYPFXQDF-CAPFRKAQSA-N
579,6.04576,5.947540760040283,0.09821923995971638,ZYHNNIQRWRFXDZ-UHFFFAOYSA-N
3112,6.70997,6.1943840980529785,0.5155859019470217,ZYPJYLDRGHUJBF-UHFFFAOYSA-N
1012,5.6,7.227773189544678,-1.627773189544678,ZZEMHDCXJZUSTL-UHFFFAOYSA-N
