epoch,training_smooth_l1,validation_mae
1,0.4006023546870874,0.776525907463018
2,0.34994047332783135,0.7692437052875715
3,0.32660249027670646,0.7482074295180383
4,0.3075018181484573,0.7397817592743365
5,0.29995748735204036,0.7250356433924097
6,0.27330852375955,0.7383012112824934
7,0.26394781470298767,0.7158662881004724
8,0.24972912243434361,0.7190677937080218
9,0.2403429001569748,0.7151241136431172
10,0.22747740636066516,0.7192825381561614
11,0.21624056934093944,0.6982257067236239
12,0.20685610129516951,0.7115395439988854
13,0.19561164795744176,0.7039369475368863
14,0.18582153092233503,0.6898193693987993
15,0.19118293967782235,0.7096243516913644
16,0.1849519020440627,0.730128177834114
17,0.1750111420239721,0.7102596628562204
18,0.17268081678419697,0.704252612059656
19,0.16451866149294134,0.7047472894816155
20,0.16316632348663954,0.683102151820886
21,0.15445170521127935,0.6660015594744161
22,0.15654406164373671,0.6941828009417457
23,0.1516680393596085,0.6729136019028712
24,0.1468765130456613,0.7210521474810412
25,0.15054758714169872,0.6922051067352294
26,0.15429918300740572,0.7119678567755484
27,0.1385701867390652,0.6894176477799798
28,0.1462397796615046,0.7010196688336005
29,0.14124525034306,0.679772296833122
30,0.13503785203306043,0.6742999769592286
31,0.13772530230332394,0.6973054042618466
32,0.1280013769865036,0.6951201501414723
33,0.13545852762703992,0.6857107292097329
34,0.13195852372719316,0.6856392499937628
35,0.13110973077769184,0.663428720502923
36,0.12648721449837394,0.6785584737315491
37,0.12457215573106493,0.66654988783899
38,0.12028954269326463,0.6644561909072765
39,0.11835613725136737,0.6824237974857414
40,0.11681973523631388,0.6901085886157516
41,0.1208210757800511,0.6651624316623438
42,0.11832400806704346,0.6741214175648933
43,0.11304728413114742,0.6528541012968634
44,0.11373395655228168,0.657435803672902
45,0.11208771959859498,0.66389250219721
46,0.11362705470956101,0.691397510667787
47,0.11210070307157477,0.674333925649824
48,0.11250720492431096,0.6507173230540144
49,0.11115063498823011,0.652850942443235
50,0.10503151944401312,0.6695717350446047
51,0.11076656120772264,0.6512939905330909
52,0.1082303409977835,0.6755481518011719
53,0.10544726146118981,0.682293284417034
54,0.10714266814139424,0.6594644258841632
55,0.10886143079521704,0.6522895535715478
56,0.10532960386908784,0.6768315986733541
57,0.10024551986431589,0.6878285084756447
58,0.09808069117823426,0.6854799394521226
59,0.09836968277790109,0.6758005831413548
60,0.0971881419572295,0.6597540357614781
61,0.09777497895518128,0.6811340040326641
62,0.09672092053355003,0.6773887642956476
63,0.09905784972468201,0.6729908383100747
64,0.09532542435490356,0.6575560719934171
65,0.09857942635307507,0.6787778838532162
66,0.09429129121863113,0.6644203240646586
67,0.10008648463657924,0.6796392406029249
68,0.09418876788445882,0.659390411156703
