model,features,cv_neg_mae,test_mae,test_rmse,test_r2,pearson_r,spearman_r
XGBoost,combined,-0.597351486785515,0.6044707101835658,0.7980809562013547,0.501982127042437,0.710888127529159,0.6934566707903592
XGBoost,morgan,-0.6041709853099798,0.6231369457680958,0.8240264643209576,0.4690747835177804,0.6904849752975399,0.6765229319538935
LightGBM,combined,-0.6312806176481482,0.6311637805157947,0.8223498659294474,0.4712330705051403,0.6885224177350302,0.6746389616524592
LightGBM,morgan,-0.6346502957432453,0.6529574488793862,0.8559799319888153,0.4271008215722766,0.6624960248573466,0.6557742564151632
XGBoost,descriptors,-0.6993394661183535,0.6612966455209869,0.8568495595880756,0.42593616339585394,0.6532974167325567,0.6290827524812332
LightGBM,descriptors,-0.7140693228356635,0.6779812278876809,0.8775441884713803,0.39787172373500657,0.6340025502859684,0.6082053449987285
RandomForest,combined,-0.6811626416037324,0.6985074475720362,0.8717841753741802,0.405750265512947,0.6475569652093836,0.6446307584411753
RandomForest,morgan,-0.6854470845319616,0.7053347665916955,0.884039239649548,0.388925560318366,0.6324679023658909,0.637173029723181
RandomForest,descriptors,-0.7202255652285343,0.7186067670286288,0.8983170883764867,0.36902761000020734,0.615539867592577,0.5948904805232051
