index,actual,predicted,residual
1484,6.88606,6.3430853,0.5429747109985348
3113,8.38616,6.887152,1.4990078050231936
45,6.03152,6.772677,-0.7411569447326656
686,5.96257,8.088917,-2.1263467785644528
2931,5.89963,6.160608,-0.2609778147888182
4105,6.0655,5.812982,0.25251791763305675
1778,5.211255,6.6169214,-1.4056664248657222
3362,5.04096,6.055138,-1.0141781111145018
1447,6.52288,6.305433,0.2174472035217283
3076,5.18709,6.4470263,-1.2599362527465816
4373,7.4437,6.0118127,1.4318873130798337
1538,5.1607,5.8562293,-0.6955293052673337
500,6.16115,6.493149,-0.3319988037109374
892,5.55752,6.1040387,-0.5465187153625486
2710,6.1549,5.521402,0.6334981178283687
2955,8.90309,7.8689394,1.0341506002807623
1603,6.92445,7.7156153,-0.7911652725219724
1455,7.69897,7.0245805,0.6743895213317872
252,6.67778,8.133114,-1.455333861083984
1936,6.36552,8.057517,-1.6919970516967773
3932,6.28316,7.6082206,-1.3250605772399906
3158,9.13668,8.577114,0.5595658947753908
4119,5.48945,5.7258263,-0.23637626342773466
1156,7.19382,7.180862,0.012958050079345362
728,5.99443,6.4899797,-0.49554974395751916
4374,7.173394999999999,7.13587,0.03752502014160086
3986,7.4437,7.13587,0.3078300201416013
3987,7.49485,7.13587,0.35898002014160113
2686,5.45967,6.31805,-0.8583799076843261
1568,5.04576,5.882508,-0.8367478010559086
4233,5.94006,5.825348,0.1147120996093749
3784,6.19382,6.4832764,-0.28945636718750034
1850,5.01323,5.353085,-0.3398550410461425
2169,6.04096,5.361098,0.6798621873474122
663,5.72816,6.6469116,-0.9187516210937501
4484,6.36653,6.404408,-0.037877978057861306
2817,5.07572,5.548128,-0.47240812805175825
1189,6.09691,6.9882865,-0.89137649520874
3859,7.45643,6.9440165,0.5124135433959962
747,8.24795,7.8895574,0.35839263839721625
1762,5.13668,5.5038753,-0.36719525558471666
4436,5.31158,6.2350693,-0.9234892749023436
1807,8.3279,7.267598,1.060301847839355
1976,8.17393,8.325183,-0.15125291473388636
978,6.17783,7.4444604,-1.2666303919982909
419,5.42022,5.630977,-0.21075715377807658
1339,5.17393,7.2924256,-2.1184956324768063
3561,5.29243,5.755957,-0.46352712661743123
1186,5.79588,6.416309,-0.6204288798522946
185,6.65758,6.8212423,-0.16366233245849582
1333,6.05061,6.0903444,-0.03973442901611346
3361,5.16749,5.814236,-0.6467461640930177
3046,8.85387,8.837185,0.016685093994141198
159,5.0,5.8002944,-0.8002943992614746
3707,8.04576,8.185561,-0.13980118011474651
3489,6.56067,7.1247754,-0.5641054096984863
1451,7.09691,7.0245805,0.07232952133178738
742,6.86967,6.9506335,-0.0809635258483885
1202,8.55284,7.143477,1.4093630369567869
1337,5.5376,5.9725165,-0.4349165367126462
4250,8.4828,7.272335,1.2104649475097649
2313,9.0655,8.008533,1.0569674758911134
1601,6.18709,5.5783544,0.6087356413269047
4247,7.25964,6.622612,0.6370280004882813
188,9.08619,8.037563,1.0486266760253908
412,7.030094999999999,6.734125,0.29596986267089775
3128,6.4,7.356371,-0.95637092590332
140,6.4437,5.836853,0.6068469726562498
1984,5.17393,5.621833,-0.4479028475952145
1567,5.73283,6.9682117,-1.2353816508483888
1848,5.08619,5.1949325,-0.1087424607849119
1939,5.819455,5.8022227,0.017232271270751554
1875,5.30103,5.8896685,-0.5886384646606446
3721,8.76955,6.271489,2.4980608566284186
1947,6.697985,6.135171,0.5628140634155274
4359,5.12321,5.833985,-0.7107748518371579
3070,6.14509,6.871009,-0.7259188729858401
4171,5.70333,6.159512,-0.45618204299926735
1182,7.88606,7.3885703,0.4974896913146969
2168,5.00087,5.5194626,-0.5185925854492188
191,8.52288,7.2812247,1.2416552723693854
2151,6.16115,5.889414,0.27173616638183606
2821,7.52288,7.0240974,0.49878255737304666
3913,6.99482,6.9329157,0.06190431243896466
1442,7.30103,7.342087,-0.04105679199218759
615,6.44,6.1148386,0.325161399841309
3344,5.24872,5.436328,-0.1876079342651371
3724,8.59007,7.717911,0.8721592333984383
649,8.34679,7.5669293,0.7798606596374515
278,6.69001,5.973316,0.7166938073730469
282,7.11003,6.5682154,0.5418146298217774
955,6.26761,5.8553057,0.4123043283081058
2727,6.0,5.5004077,0.49959230422973633
1934,7.13966,8.057517,-0.9178570516967772
503,5.88606,6.255723,-0.3696629995727543
3951,7.0,6.0832343,0.9167656898498535
4003,7.5376,6.9960914,0.5415086341857913
3708,5.85574,7.7803316,-1.9245916116333008
1784,6.319135,5.779181,0.5399539964294435
1523,6.50864,8.457407,-1.9487669976806643
4123,7.95468,7.672491,0.2821889263916013
1982,5.07058,5.7474375,-0.6768574771118168
3818,5.41794,5.7787957,-0.36085571914672876
1817,6.09691,7.334312,-1.2374019621276853
3924,7.23657,7.130206,0.10636389190673867
2474,6.15366,6.606056,-0.4523962133789059
2013,6.48812,6.9992056,-0.5110855892944333
1408,5.4318,7.5137196,-2.0819195587158204
3476,8.35556,7.8255463,0.530013735351563
1548,5.8716,5.96144,-0.08984008636474616
1276,7.6073,7.38919,0.2181098030090336
4511,8.20066,7.124394,1.0762660600280753
669,5.46725,8.232603,-2.7653530731201172
2469,6.59346,6.079112,0.5143479470825199
1471,6.25964,6.446336,-0.1866957925415038
3991,9.30103,6.578036,2.722994168548585
1964,7.84771,8.049114,-0.2014042272949217
2048,7.66555,8.501513,-0.8359625274658207
2088,5.98716,6.773304,-0.7861439855957029
112,7.49485,7.4860134,0.00883658752441363
3576,5.63676,5.3780937,0.2586662805175779
2479,5.22257,5.4827566,-0.26018661468505844
2542,5.0,5.8664064,-0.8664064407348633
2592,5.20691,5.524224,-0.31731380447387725
1405,6.1549,6.6446548,-0.489754750823975
2834,5.86646,5.9011416,-0.034681643524169914
3999,5.72125,5.8354607,-0.11421066284179648
1461,5.00877,5.7604623,-0.7516922840881346
3069,7.02687,7.1661844,-0.13931442535400418
2709,6.52288,5.640118,0.8827618778991697
845,5.89,6.071354,-0.18135391235351594
1946,6.664775,6.4327607,0.23201428451538053
1715,7.92082,6.5319786,1.3888413928222656
3917,6.60206,6.5500402,0.052019754943847474
2144,6.30715,6.217721,0.08942901458740238
2319,6.65365,5.774675,0.8789751075744627
889,6.48545,5.9003615,0.5850884620666505
822,6.84164,6.9561086,-0.11446857009887701
2606,5.17457,6.000221,-0.8256507756042479
1005,6.79588,6.917433,-0.12155278503417932
3723,8.61979,7.822119,0.7976707640075684
3029,5.86012,6.2613287,-0.4012086972045896
654,7.26761,6.7169323,0.5506777032470707
1709,5.85,5.369664,0.4803358078002926
3960,6.72125,6.9411287,-0.2198787307739254
23,5.34679,6.485876,-1.139086083374023
37,7.39794,6.772677,0.6252630552673342
4093,5.93554,5.608055,0.32748488525390584
1338,5.38722,6.2788987,-0.8916787159729003
4151,5.05502,6.5864015,-1.5313814625549318
4005,6.52288,6.544964,-0.022083836669922086
561,6.3279,6.167187,0.16071278610229456
517,5.4023,5.733064,-0.3307641746520993
2702,5.11805,5.508107,-0.3900571853637693
1168,5.52288,6.448891,-0.9260111628723147
1414,7.59998,7.2107725,0.3892074856567387
882,9.0,5.901575,3.0984249114990234
1475,7.61979,6.8029103,0.8168796720886231
50,6.42022,6.772677,-0.3524569447326664
1562,6.56067,6.1139917,0.44667826263427735
2773,6.11976,6.3197784,-0.2000184423828122
4162,5.55596,5.690963,-0.1350027914428713
2655,5.41794,5.459608,-0.04166807800292993
3474,8.53165,9.067962,-0.5363116928100577
2589,6.14874,5.516769,0.6319710676574708
4570,8.58336,8.309392,0.27396802459716874
4149,5.75696,5.3359346,0.4210253610229495
2950,8.70006,7.672617,1.0274430413818365
1107,6.06905,7.1300616,-1.0610116264343263
1130,8.09691,7.2222705,0.8746395112609857
1459,5.25964,5.35169,-0.09204981552124014
3725,8.6216,8.187482,0.43411811981201254
2468,8.15989,6.6510196,1.5088704267883308
838,7.37161,6.3212957,1.0503142617797856
568,6.74473,5.8225875,0.9221425099182126
502,7.60206,7.3933616,0.20869843154907208
3952,7.82391,6.2950945,1.5288155099487302
873,8.73755,7.8703485,0.8672015464782721
3309,5.65189,6.3815203,-0.7296302713012697
3480,7.30103,6.508281,0.7927487690734862
3481,7.92082,6.508281,1.4125387690734863
560,6.21467,6.167187,0.04748278610229484
55,5.14,5.531467,-0.39146696090698274
1877,5.04096,6.406004,-1.365043952026367
2465,7.05502,7.019855,0.035164977569579925
1933,6.7167,8.057517,-1.340817051696777
1494,6.20901,5.726093,0.4829171846008302
1874,5.65758,5.906944,-0.24936379806518527
4101,5.44977,5.1028824,0.34688761474609375
1561,6.72125,6.03845,0.6828002357482914
1983,6.04576,5.8401556,0.20560439849853474
3077,7.85387,6.798719,1.0551510707092282
3420,9.03152,7.536071,1.4954491763305668
4562,6.94692,6.771573,0.17534693328857465
749,7.76955,7.705287,0.06426302032470677
839,6.91009,8.019236,-1.1091456109619138
3816,6.46852,5.884492,0.5840280795288084
333,7.55284,6.109766,1.4430739935302732
4057,5.52288,5.8531413,-0.33026130783081076
2991,5.33724,5.396578,-0.059337835083007384
4561,6.17522,7.7759438,-1.6007237561035152
2304,5.16115,5.507023,-0.3458728576660155
2493,7.52288,6.140949,1.3819312275695799
1266,7.42022,8.098529,-0.6783088619995121
352,6.92082,6.846322,0.07449794036865232
1745,5.78781,6.618235,-0.8304251112365719
3471,8.36151,9.067962,-0.7064516928100577
994,7.12494,6.039914,1.0850258688354488
507,6.85699,6.925477,-0.06848702789306671
957,8.59007,8.781735,-0.19166542022705002
1798,6.98716,7.0810547,-0.09389468749999974
1525,6.34199,7.2086363,-0.8666462838745117
952,7.14874,6.9271674,0.2215725843811036
1460,5.05552,6.444208,-1.388688145141602
39,7.02228,6.58703,0.43525006607055694
3359,6.08092,6.122775,-0.04185507781982434
3712,8.40894,7.1491485,1.2597915357971186
1799,6.63639,7.0806456,-0.44425556121826215
3124,8.10002,7.8423123,0.2577076640319831
4188,5.71287,5.854137,-0.141266943817139
1876,5.04576,6.5089226,-1.4631625769042973
1335,5.60206,6.4450603,-0.8430002531433107
3502,8.20551,8.167609,0.03790078521728546
652,7.04576,6.8013186,0.24444135452270466
2314,8.59176,7.7943234,0.7974365556335457
1960,8.63827,6.1160674,2.5222025904846195
3897,6.28316,6.366036,-0.08287593826293982
4092,6.26922,5.9272056,0.34201443740844706
3562,5.49485,5.612242,-0.11739222183227582
1187,7.63827,8.049669,-0.41139926574707
1396,8.30103,7.604469,0.6965611775207528
384,5.0,6.299815,-1.2998151779174805
1524,6.58838,8.277808,-1.68942818939209
3997,5.52288,5.8403807,-0.31750066864013693
1417,8.01002,8.352797,-0.3427765545654289
2205,6.292,5.3460097,0.9459902687072752
2454,6.40894,6.931348,-0.522407846984863
2957,9.36653,8.520551,0.8459792721557609
1332,6.20761,5.9843106,0.22329937301635727
780,8.47945,7.863038,0.6164119369506835
1620,7.28651,7.753995,-0.46748494171142596
3842,6.84771,6.1591744,0.6885355577087404
2492,5.29243,5.8298497,-0.5374197200012203
3862,6.30103,6.50221,-0.20118014022827158
3493,7.95861,8.094032,-0.13542228759765607
1849,5.17393,5.935056,-0.7611262095642086
4435,5.51713,7.3256373,-1.8085073405456544
250,7.5817,7.6435337,-0.0618337066650394
4538,5.23582,5.910664,-0.674844081573486
3926,9.284,5.905059,3.378941139221192
83,6.79588,5.4872546,1.3086253804016117
1744,5.75449,6.1740503,-0.419560331115723
314,8.4437,8.3467455,0.09695450897216773
2090,6.56864,5.96474,0.6039002005004885
2147,5.98422,6.2417583,-0.25753834655761754
1270,5.45593,5.697179,-0.24124884063720664
3555,5.13668,5.3438306,-0.2071505854797362
3954,7.33724,6.518843,0.8183968260192875
577,6.5376,5.8570995,0.6805004669189456
3486,5.67366,5.5291195,0.1445405084228515
2142,6.18111,6.313602,-0.1324919706726071
290,5.74,6.393547,-0.6535470581054685
4291,7.02687,6.757029,0.26984094345092746
3080,5.79588,6.31805,-0.5221699076843258
732,7.67778,6.7507544,0.9270256436157229
2049,8.16115,8.501513,-0.3403625274658211
1808,7.76955,7.267598,0.5019518478393552
4323,5.32883,5.8805475,-0.5517175234985352
1546,5.33287,5.8467574,-0.5138874119567873
3103,8.72125,9.242924,-0.5216737365722661
2363,7.17393,6.521919,0.6520112263488773
2217,6.44733,7.1180835,-0.6707534770202637
729,5.87234,6.316939,-0.44459887710571255
173,6.740745,6.694078,0.04666703140258832
4154,5.48149,5.872383,-0.3908931176757813
1321,6.74473,7.575725,-0.830995078582764
3896,5.19511,6.2752357,-1.0801256529235843
42,6.55284,6.449775,0.10306478103637673
3791,7.16749,6.2486916,0.9187984411621093
3820,5.76955,5.8365345,-0.06698450012207058
1281,6.9393,7.5475225,-0.6082225448608396
1563,9.62709,6.1826506,3.4444394338989266
3151,9.09691,7.394029,1.7028808595275873
2065,5.07572,6.0516725,-0.9759524586486821
3683,5.06048,5.8732295,-0.8127495036315917
369,5.58503,6.1370096,-0.5519796206665042
3345,6.09151,5.8537583,0.23775166488647503
1292,8.31876,8.093466,0.22529419494628833
1550,6.39794,6.053208,0.3447321257019045
3115,5.82391,6.1425176,-0.3186075666809085
2666,7.22185,7.140324,0.08152588424682605
2994,5.47991,5.6000237,-0.12011374649047823
950,6.80134,6.764333,0.03700722869873019
2450,5.07988,6.0815797,-1.0016996852111815
1783,6.77258,5.779181,0.993398996429443
4481,8.33255,6.3961644,1.9363855827331538
2767,5.05306,5.538754,-0.48569398635864225
3125,7.70006,7.8423123,-0.1422523359680179
1062,6.56864,6.3727126,0.19592738784790065
4190,5.2204,5.405311,-0.18491110763549834
1007,6.45593,6.3899603,0.06596971099853555
1944,6.271825,6.4810615,-0.20923645858764672
1462,5.06048,5.458158,-0.3976780162048339
1445,5.1549,5.829258,-0.674357965087891
4274,6.68867,7.12869,-0.44001976593017567
4527,5.03953,5.8299503,-0.7904203326416015
4133,5.44563,5.7824764,-0.336846425170898
2046,7.48812,8.477367,-0.9892474011230465
1557,5.02687,5.5944366,-0.5675666455078128
199,5.92082,6.365129,-0.44430899398803714
1397,8.1549,7.604469,0.5504311775207515
3905,5.47886,5.685751,-0.20689096130371087
1235,6.63827,7.1219425,-0.4836725201416012
668,5.16368,7.7152295,-2.551549511260986
1400,7.61979,6.9109483,0.7088417234802247
3310,6.13077,6.3242183,-0.19344827316284174
2681,5.3851,5.6150894,-0.2299894165039058
363,6.49485,6.0272655,0.4675844512939449
501,6.56864,6.8216553,-0.25301527343749974
4510,5.38091,5.841793,-0.4608830603027343
4161,6.49485,6.687943,-0.19309298171997114
148,5.20329,6.219265,-1.0159749841308594
1937,6.79588,6.7179947,0.07788531005859411
2082,6.65365,7.194582,-0.540931985473633
3470,8.26122,9.024965,-0.763745286254883
1551,6.59176,6.6621256,-0.07036558746337906
1564,7.5544,7.8715105,-0.3171105056762693
1118,5.50307,6.3273787,-0.824308749847412
91,6.95861,6.9718347,-0.013224659576415831
1272,5.67778,6.531846,-0.8540660464477536
4428,5.18376,5.7730913,-0.5893313162231442
3826,5.8962,5.838213,0.05798703308105502
1528,5.0,5.653007,-0.6530070304870605
969,8.01592,7.902176,0.11374409667968699
1816,6.85387,7.334312,-0.48044196212768586
75,6.12494,6.7871847,-0.6622447152709965
2784,6.04769,7.3858767,-1.338186655578613
1517,7.46852,7.4246397,0.04388029815673811
1802,6.91507,6.808799,0.1062712100219727
4547,5.78357,6.1055474,-0.3219774281311034
1449,5.39794,7.0245805,-1.6266404786682127
3216,5.00261,6.3808613,-1.378251282348633
3726,9.38722,8.258453,1.1287666308593742
446,5.43652,5.398536,0.03798379470825175
1897,7.75945,8.222564,-0.4631137435913084
586,5.11,5.84738,-0.7373801612854001
2317,6.58503,6.3952737,0.18975631454467745
2143,6.05849,6.482826,-0.4243362329101563
2954,9.02228,7.8689394,1.153340600280762
3973,6.12494,6.0845747,0.04036530059814414
613,7.22185,6.002896,1.2189541679382323
2265,5.60206,6.585018,-0.9829581579589846
1510,7.85387,7.4199305,0.43393954193115203
1537,6.1549,5.641488,0.5134119247436519
4325,6.07988,6.2506456,-0.17076563751220686
4445,8.04001,7.9657044,0.0743055589294439
160,5.52288,5.7030096,-0.18012960540771505
1716,7.92082,6.468817,1.4520027659606933
592,5.52288,5.7768397,-0.2539597331237795
4433,6.09583,6.519454,-0.4236240023803708
3074,6.25259,7.133003,-0.8804132348632816
4477,5.3279,5.9410696,-0.613169602966309
1011,6.5,6.0395665,0.4604334831237793
3722,8.73993,7.558301,1.181629028015136
648,8.22185,7.9691205,0.25272949752807605
3349,5.88941,6.614721,-0.7253108213806154
358,7.00436,6.7662597,0.23810032974243178
1847,5.20066,5.1822677,0.01839233413696295
33,6.1549,6.504859,-0.34995897064209025
4409,5.42829,5.660326,-0.2320360040283207
650,6.46852,6.6317997,-0.16327969787597674
1280,6.35655,6.9248776,-0.5683276435852047
4386,5.94692,6.584104,-0.6371840611267086
2754,7.32003,6.516764,0.8032658360290528
4132,6.27646,5.7132463,0.5632136544799806
3079,5.30103,5.686497,-0.3854672114562989
2425,6.03152,6.1510878,-0.11956776092529253
94,7.55284,7.764849,-0.21200918594360374
2853,8.5784,8.004847,0.5735534271240237
2884,8.38828,7.454647,0.9336329357910156
2540,8.20761,8.327099,-0.11948884643554614
1864,6.06048,6.066782,-0.006301997680663973
2538,7.73993,8.327099,-0.5871688464355467
2473,5.92996,6.213317,-0.28335691741943325
2588,5.31876,5.516769,-0.19800893234252914
2080,7.24413,7.152654,0.09147582901000995
574,6.67778,6.1488495,0.5289305126953128
1008,7.30103,6.737876,0.5631540615844726
2362,5.86328,5.5462313,0.3170487301635738
1041,6.74473,6.3818703,0.36285973022460905
4528,6.4318,6.2049546,0.22684537582397457
929,7.7986,6.9302197,0.8683803497314457
1498,7.36653,7.8288536,-0.46232360717773435
4292,6.98716,7.1046405,-0.11748048385620091
3503,9.35655,8.424362,0.9321878173828129
3504,9.92082,8.424362,1.4964578173828134
4343,5.71444,5.7272816,-0.01284157043457057
1114,6.90309,6.7571783,0.14591169342040988
2855,8.64782,7.9730616,0.6747584384155267
935,7.59007,7.901547,-0.3114769551086427
4356,5.52143,7.693808,-2.1723780787658695
2287,8.3363,7.6665616,0.669738396453857
1106,6.94692,7.012662,-0.06574193389892535
67,7.115494999999999,6.905779,0.20971611511230392
3346,5.17328,7.0209146,-1.8476345545959472
2731,5.63827,5.554312,0.0839577708435062
1320,7.74473,8.314006,-0.5692758517456058
4088,5.11862,5.1513205,-0.032700457458496146
1652,5.11407,5.9569926,-0.8429226261901857
820,6.90309,6.789684,0.11340618118286105
3953,6.29243,6.3535304,-0.061100406951903885
1336,5.58503,6.8948216,-1.309791643829346
515,5.74958,5.595043,0.15453681762695304
2677,6.22185,7.849033,-1.6271828788757325
1516,7.78252,7.4246397,0.35788029815673816
1352,8.1549,6.9264803,1.2284197067260738
77,6.40894,7.0118484,-0.602908449707031
1329,9.1549,9.021283,0.1336168502807613
1472,6.14267,6.399437,-0.2567669506835939
1968,7.46852,6.3937078,1.0748122477722166
971,7.30103,7.8561316,-0.5551015536499024
856,5.41657,5.826451,-0.4098808247375487
2809,6.67778,7.0793204,-0.40154043075561496
351,7.85387,7.8542037,-0.00033370101928742457
3874,5.71086,6.415633,-0.7047732015991208
1263,6.58336,8.214516,-1.6311556860351564
253,7.66154,8.374792,-0.7132520989990239
3969,6.26761,6.345965,-0.07835490859985317
3904,7.38722,5.801111,1.5861087786865236
1128,7.00436,6.1078906,0.8964693940734865
1042,6.05061,6.030605,0.02000516067504865
3903,5.40671,5.684479,-0.27776923660278285
3127,7.0,7.777762,-0.7777619361877441
4153,8.09691,8.7934675,-0.6965575216674811
4186,5.26841,6.396283,-1.127873149719238
966,7.85387,7.902176,-0.048305903320312815
2934,5.21396,6.0990763,-0.8851162710571288
944,5.62525,5.5609016,0.06434835815429718
1823,5.36552,5.724819,-0.3592991833496093
4252,6.41417,6.8237295,-0.4095595150756832
2961,5.32606,5.7899446,-0.46388464874267576
3560,5.88606,5.6568093,0.22925067001342736
580,7.55284,6.644667,0.9081728514099119
4185,6.52288,6.476888,0.045991820220947055
3936,9.67985,7.471564,2.2082861839294434
370,7.20761,6.817177,0.3904331811523436
819,6.87615,7.056767,-0.18061698684692384
1962,8.68613,8.004343,0.6817869671630863
585,6.30103,6.046366,0.25466378524780264
1879,5.63451,6.572479,-0.9379687712097171
27,6.08092,6.5697694,-0.48884938247680676
4507,6.26761,5.6578946,0.6097153886413578
1331,6.22915,5.698279,0.5308710960388181
4208,5.635015,6.389258,-0.7542429078674315
3947,5.28432,6.1085634,-0.8242434231567382
796,5.50864,6.1740456,-0.6654055627441409
1456,5.22185,5.5914197,-0.36956969680786145
1457,5.69897,5.5914197,0.10755030319213876
2424,5.23136,6.0785513,-0.847191292419434
4539,5.09259,5.5549955,-0.4624055368041988
194,8.05061,6.685164,1.3654460252380378
1614,7.0716,7.241316,-0.16971584167480458
3809,6.05552,5.705725,0.34979480697631793
3511,5.14267,6.051875,-0.9092051144409181
4331,5.36292,6.180229,-0.8173091870117188
3972,5.34199,5.853101,-0.5111107766723633
3877,6.56067,6.462043,0.09862719146728516
2992,5.3098,5.588222,-0.2784220268249511
3311,6.29243,6.2880807,0.004349307708740646
58,5.19,5.389919,-0.19991880416870078
4229,6.36051,6.3332863,0.02722371459960904
3510,5.42713,5.88694,-0.45981000244140624
3572,5.31069,5.300885,0.009804799499511851
2150,6.72125,5.889414,0.8318361663818363
1353,8.09098,7.007038,1.083941883544922
662,8.09098,6.8511944,1.2397856182861329
1399,7.79588,7.604469,0.19141117752075232
1477,7.16749,6.675637,0.49185323165893546
2133,5.61618,6.6514792,-1.0352992442321778
1261,7.08092,8.062452,-0.9815323162841798
3880,6.63827,6.9625044,-0.32423438690185513
1558,5.25181,6.092545,-0.8407350325012208
3727,9.20066,8.50721,0.6934502221679679
2591,5.57675,5.613863,-0.03711299133300816
3810,5.0,5.797316,-0.7973160743713379
1296,8.56864,8.121615,0.44702459014892604
2956,7.27572,7.820461,-0.5447407963562014
195,6.31876,7.630569,-1.3118089811706541
1446,5.09691,6.327935,-1.2310252188110349
4273,6.6332,7.0713673,-0.4381672637939449
3508,6.92082,6.1098537,0.810966255493164
1717,5.78781,6.080097,-0.2922871984863278
38,7.09691,6.893806,0.20310401931762723
3876,6.18177,6.8234577,-0.6416877178955076
4512,9.0655,7.2254987,1.8400013236999513
4332,5.195735,6.240727,-1.0449919477844238
1466,7.12494,6.3344,0.7905398229980465
3149,7.42022,7.11627,0.3039499346923824
453,5.89963,6.9814167,-1.0817867022705077
1501,7.69897,7.6075897,0.09138027832031259
3466,6.80883,8.091877,-1.2830469836425777
719,6.21467,6.3392944,-0.12462443359375008
718,5.61618,6.3392944,-0.72311443359375
603,6.08092,6.3392944,-0.2583744335937501
4078,7.95861,7.06582,0.8927897828674318
1940,6.647905,6.000877,0.6470280964660642
1324,7.33724,7.575725,-0.23848507858276324
4294,7.02687,6.7096534,0.31721662246704074
3455,6.40494,7.361447,-0.9565068574523927
4513,7.29158,8.229115,-0.9375345324707034
4157,7.046835,7.8146176,-0.7677826338195803
1810,6.92082,7.267598,-0.34677815216064456
3768,7.70553,5.7545166,1.9510133984375004
3209,6.39794,5.7440143,0.653925736846924
2137,6.5867,6.063287,0.5234132186889653
3575,5.38902,5.163001,0.22601893951416052
1814,7.69897,7.334312,0.36465803787231454
2320,6.93181,6.475465,0.4563451791381832
4476,5.34679,6.0557323,-0.7089422502136227
2806,6.0348,6.8693404,-0.8345404197692874
1977,5.08619,5.581954,-0.4957640023803709
19,5.42022,6.7423887,-1.3221687252807621
2604,7.43063,6.0133996,1.4172303990173338
3478,8.97469,7.880056,1.094634095611573
683,7.41567,7.6397734,-0.2241033688354488
4002,5.46852,6.0714884,-0.6029683804321291
2167,5.82391,6.30413,-0.48022007736206085
3840,5.24336,6.2163925,-0.9730325170898437
745,8.29414,6.354914,1.9392258116149907
581,5.21,5.446492,-0.23649219512939457
2015,6.81531,6.9992056,-0.1838955892944334
769,5.97,6.385546,-0.41554620742797876
1583,6.64397,6.119867,0.524103152008057
1584,7.14874,6.350276,0.7984640066528321
2952,5.4828,5.934943,-0.4521431991577147
3355,5.5784,5.541251,0.037148817443847904
203,8.07572,7.154561,0.9211589572143559
3535,6.49485,6.216471,0.2783788047790523
853,6.63676,6.7905188,-0.15375876068115257
774,6.77001,7.090156,-0.32014607833862296
771,6.91999,7.0840077,-0.16401774002075165
2782,5.03306,6.465044,-1.4319840216064454
1736,5.23582,5.2172184,0.0186016009521488
2170,5.77211,5.834029,-0.061919197692871464
1967,7.25964,6.271573,0.9880669332885743
3137,6.34294,6.9425764,-0.5996364083862309
3843,6.66555,6.325553,0.3399970596313473
43,5.82391,6.7013083,-0.8773982504272464
3494,8.10292,8.094032,0.008887712402342984
4104,5.14388,5.123271,0.02060901153564476
933,5.26201,6.8948207,-1.6328106901550292
934,5.38091,6.8948207,-1.5139106901550292
1468,6.20761,6.137114,0.07049595199584946
651,6.72125,6.8377433,-0.11649328231811484
2303,5.29243,5.738214,-0.44578401596069295
4080,6.97964,7.0716705,-0.09203053222656266
239,7.56225,7.6435337,-0.08128370666503937
685,7.48545,7.6397734,-0.15432336883544906
4074,5.11862,5.978565,-0.8599452160644532
2741,6.05061,6.446554,-0.3959441839599611
2771,6.18842,5.843763,0.3446571253967283
1443,7.0,7.342087,-0.3420867919921875
712,5.25885,7.908058,-2.6492081665039064
678,8.52288,7.3828597,1.1400202931213386
775,7.19997,7.1182327,0.08173727294921918
1265,8.05552,8.098529,-0.04300886199951215
3304,7.55284,6.257488,1.295352226104736
923,9.17393,9.07671,0.09722025268554724
3350,7.35952,7.463401,-0.1038808407592775
1637,5.825555,5.785017,0.04053798645019491
3089,5.97881,5.4332395,0.5455705400085451
3104,8.28819,9.358639,-1.0704487634277342
310,9.24413,9.240941,0.003188952331543149
2301,5.52288,6.9637074,-1.4408274470520022
1026,5.52288,6.9637074,-1.4408274470520022
2079,7.16115,6.8925714,0.26857855072021497
1605,6.85699,7.830853,-0.9738629853820804
3415,7.00745,7.7332463,-0.7257963264465328
583,5.88606,6.167187,-0.28112721389770545
4474,5.06098,6.2157054,-1.1547253947448732
228,5.20066,6.234302,-1.0336420439147949
1441,7.39794,7.342087,0.05585320800781268
2605,5.22185,5.7876916,-0.5658415931701661
1718,7.03152,6.130691,0.9008289485168461
832,7.76195,7.71396,0.047989829254150074
241,8.26761,7.328357,0.9392527803039545
2086,6.91721,6.951567,-0.03435717300415053
1509,7.1549,7.688813,-0.5339132095336918
3450,6.77469,6.7261705,0.048519460144042625
1949,6.714205,6.323705,0.3904998036193845
679,8.38722,7.4070024,0.9802175509643547
3827,6.86967,5.844025,1.025644864959717
833,8.10846,8.056101,0.05235915466308505
71,4.97879,5.8278103,-0.8490202874755859
3044,8.60206,9.385336,-0.7832759222412111
4333,5.17914,5.9633083,-0.7841683343505856
229,6.33724,7.070573,-0.7333328530883785
1164,6.96658,6.537693,0.4288869763183598
1788,7.1549,6.787549,0.3673509811401363
874,6.01773,5.754592,0.26313805816650415
2453,7.04624,6.9361353,0.1101047079467774
2224,8.1549,6.7335505,1.4213494514465328
3185,7.4318,6.833328,0.5984722297668457
4443,7.55596,7.656343,-0.10038298324584982
184,7.02687,7.061782,-0.034911883239746366
1431,7.28001,7.932615,-0.6526048033142091
3414,6.8146,7.72318,-0.9085798171997066
567,5.60206,6.0074153,-0.405355294647217
3937,6.56225,5.969512,0.5927380142211911
243,7.08302,7.919832,-0.8368122296142575
1779,6.644945,7.065724,-0.42077889602661145
2564,6.34679,6.3399725,0.006817503967285532
3078,5.61979,5.4439054,0.17588464645385748
2813,5.70115,6.4980135,-0.7968634963989256
3961,5.1549,6.6422524,-1.4873524452209477
487,6.92082,7.5994062,-0.6785862423706055
4327,5.439715,6.6096244,-1.1699093858337406
4202,5.47301,5.4886084,-0.01559836029052697
3048,8.88606,8.958739,-0.07267928070068308
1262,6.75449,8.062452,-1.30796231628418
494,7.52288,6.790374,0.7325061978149412
3347,5.59007,6.790374,-1.2003038021850587
4170,5.85699,5.967943,-0.11095319152832062
4565,6.37675,5.930519,0.4462308959960941
1811,6.56864,7.267598,-0.6989581521606443
3122,8.50004,7.870095,0.6299452238464358
2318,5.98464,6.5642896,-0.5796495698547366
1309,5.79317,7.1207733,-1.3276033154296876
2222,5.39794,6.8135285,-1.415588537750244
2808,6.21467,7.0793204,-0.8646504307556153
714,5.0048,5.949047,-0.9442470886230465
340,7.0,6.913462,0.08653783798217773
3180,6.60206,5.7688646,0.8331953683471678
2823,7.69897,7.2844796,0.4144903819274903
1357,5.36653,5.781828,-0.41529792663574217
578,5.21,5.366945,-0.15694478988647464
563,5.28,5.253688,0.02631214141845728
4427,5.33913,5.4918904,-0.15276043045043952
244,7.79187,7.6435337,0.14833629333496123
3300,7.7167,6.945761,0.7709387962341312
1719,7.36653,6.945761,0.4207687962341309
2068,6.34361,6.5383005,-0.19469051422119144
779,8.48004,7.9509387,0.529101298370362
3447,6.76955,6.343527,0.4260231597900388
2047,7.76195,8.477367,-0.7154174011230472
1177,8.65758,8.251994,0.4055858670043939
1632,8.28567,8.424451,-0.13878087432861363
3682,5.65758,6.164791,-0.5072111071777341
3453,6.5064,7.063464,-0.5570641647338865
2831,5.08725,5.7162027,-0.6289527359008789
3732,5.39794,6.378273,-0.9803330102539061
3134,7.5376,8.102632,-0.5650315689086911
2811,6.5376,6.7964487,-0.2588487075805661
2996,6.20761,6.27072,-0.06311000503540054
2418,6.12205,6.386038,-0.26398782653808617
2077,6.02826,6.753915,-0.7256548330688473
3559,6.09151,5.806805,0.28470486618042035
154,6.72125,6.7452993,-0.024049339294433203
4569,7.284,7.078491,0.2055087890624998
3499,7.31966,8.180299,-0.8606388052368166
2153,6.10237,6.18118,-0.07881000030517615
4329,5.37479,6.6145864,-1.239796353302002
134,6.14874,6.3767104,-0.22797041488647452
3667,7.64397,7.649107,-0.005136979370116812
1818,6.0,6.7742004,-0.774200439453125
56,5.35,5.389919,-0.03991880416870153
4429,5.0,5.3850026,-0.38500261306762695
3919,7.88606,7.1007648,0.7852952485656735
480,7.30103,7.1493435,0.15168650939941397
1790,6.02506,6.3264523,-0.3013922552490236
1782,7.134205,5.779181,1.355023996429443
3998,5.38722,6.625838,-1.2386178028869628
928,8.85078,7.9335628,0.9172172444152835
205,6.081145,6.105659,-0.024514008026122802
727,7.13312,6.5932474,0.539872586364746
1881,8.29757,7.5889735,0.708596477813721
1966,5.20066,5.91881,-0.7181498907470703
4362,5.37779,5.859268,-0.48147818847656243
571,7.13077,6.0313334,1.0994365534973145
3894,5.59482,6.5029144,-0.9080944287109372
490,6.18709,6.372576,-0.1854862367248531
3845,6.64782,6.23753,0.4102897685241702
1294,8.72125,8.093466,0.6277841949462886
943,5.67778,6.1035595,-0.4257794940185544
3672,7.09691,7.4000015,-0.303091525878906
3671,9.48149,8.061647,1.419842584838868
3100,8.44249,6.3737082,2.0687817518615716
1791,5.5391,6.260756,-0.7216560157775875
4434,7.04096,6.2814484,0.7595116357421876
589,6.58503,5.7298455,0.8551844761657712
1358,5.44855,5.7102904,-0.26174043197631836
1275,5.35655,6.570419,-1.213868834686279
1751,6.31069,6.943793,-0.6331028199768065
4004,8.0,6.6995606,1.3004393577575684
872,8.17718,7.054793,1.122387118988037
2289,6.56915,7.4733067,-0.9041566558837895
4249,6.92082,6.793024,0.1277959368896484
1194,9.31876,8.9407835,0.37797649932861255
359,7.04576,6.9230704,0.12268956924438434
1185,7.76955,7.850559,-0.08100923461914089
1240,7.88606,6.5242624,1.3617975717163082
366,8.02687,8.601189,-0.5743186596679681
1127,6.8962,6.504724,0.39147597427368197
1965,5.60206,6.341017,-0.7389567694091799
237,7.93181,8.374792,-0.44298209899902385
1458,6.09691,5.5972166,0.49969339385986355
251,7.09909,7.4783735,-0.3792835275268551
3051,5.49485,6.179378,-0.6845280326843266
3841,7.0,5.5786414,1.421358585357666
3144,6.31876,6.453684,-0.1349238531494139
777,8.18,7.868589,0.31141107559204073
772,8.24003,7.9495745,0.2904555294799813
1692,5.07,5.4178324,-0.3478323745727536
1439,6.30103,7.342087,-1.0410567919921876
146,6.18177,5.599806,0.5819641680908205
1402,7.49485,7.604469,-0.10961882247924848
462,5.527355,5.693034,-0.16567917205810545
3928,9.13668,8.046109,1.0905708004760744
4129,6.27474,6.1078043,0.16693570159912152
3050,6.10791,6.2843084,-0.17639843353271445
165,5.98297,6.574858,-0.5918881886291505
1351,6.30103,6.7522902,-0.4512602488708497
1095,7.16749,7.622762,-0.4552722032165528
2926,7.35556,6.9057293,0.44983070617675747
3858,5.34679,6.1306596,-0.7838695802307125
2451,5.89466,5.925449,-0.03078889450073241
1800,7.01323,7.189473,-0.17624315216064446
4001,5.82391,5.9617376,-0.13782763275146515
731,5.49435,6.363352,-0.8690018218994142
1063,6.35655,6.4277434,-0.07119343490600549
2898,6.96497,7.6729,-0.7079301998901366
1430,7.79997,7.8184414,-0.018471390991210868
4244,6.71897,6.3098226,0.4091474406433102
3340,5.05849,5.5685005,-0.5100105187988282
4470,5.23359,5.742505,-0.5089150735473629
4478,6.04576,6.1110806,-0.065320646514893
4475,7.14874,5.773425,1.3753148977661134
3786,6.09745,6.1057124,-0.008262413787841538
3505,9.56864,8.424362,1.1442778173828128
3464,7.81816,7.6984,0.11975997940063454
1334,5.88606,6.870864,-0.9848039144897465
1559,7.30103,6.3820133,0.9190166790771483
1269,5.04096,6.636223,-1.5952628393554686
1527,5.00877,5.9206505,-0.9118804821777342
741,7.14206,6.7835627,0.3584973397827147
1245,5.39794,6.0471053,-0.6491653123474119
4210,5.767,5.8043437,-0.0373437004089352
238,7.90658,7.966017,-0.059436769409179746
3846,6.08619,6.23753,-0.15134023147582987
594,9.52288,7.6832647,1.8396152676391608
2135,7.74473,6.9213204,0.8234095616149899
717,7.42022,7.0896163,0.3306037013244625
1004,6.82391,6.9518466,-0.12793659957885772
3669,7.91721,7.649107,0.26810302062988267
1448,5.04576,6.7659087,-1.7201487181091313
4264,6.29229,6.3911366,-0.09884664627075157
2467,7.73755,7.4719243,0.2656256950378415
1813,7.52288,7.334312,0.18856803787231424
4563,6.94692,7.0095897,-0.06266967208862262
4363,7.5376,5.6474133,1.8901867462158206
3183,5.02687,5.7167935,-0.6899235371398929
1188,5.92082,7.1057396,-1.1849195935058594
3668,7.93181,7.649107,0.2827030206298824
3957,5.31426,6.1051474,-0.7908873617553711
4524,7.39794,6.8406367,0.5573032698059084
653,6.12494,6.71264,-0.5876998086547855
3728,8.90309,8.439492,0.46359777435302796
4263,6.2583,6.380287,-0.12198717041015605
4158,7.19382,6.9883814,0.205438614196777
0,6.12494,5.9591155,0.16582449478149375
1057,6.60206,5.899925,0.7021347680664061
2221,6.90309,7.1180835,-0.21499347702026395
915,5.23657,5.6808753,-0.4443053013610836
851,6.54303,6.625404,-0.08237388107299815
472,7.65758,7.091768,0.5658122120666507
3383,6.51999,5.352558,1.1674318640136718
1364,6.6103,6.601836,0.008463795471191027
1781,6.90344,7.065724,-0.16228389602661153
3916,5.25964,7.40897,-2.1493298791503905
1416,8.43997,7.9366736,0.5032963587951667
362,6.65758,6.3258123,0.33176766021728543
1467,7.22185,6.394927,0.8269229751586913
1039,6.69897,6.550302,0.14866797134399423
1454,8.0,7.0245805,0.9754195213317871
4347,5.71444,5.9360533,-0.22161327606201198
1129,6.92082,5.8347464,1.0860736392211914
3473,8.7122,9.067962,-0.3557616928100593
1797,6.78781,7.3262587,-0.5384486593627926
566,5.82391,5.830103,-0.006192920532226864
3509,5.25337,6.0695014,-0.8161313999938962
4353,6.86646,6.4188724,0.4475876435852051
2296,6.72946,7.6665616,-0.9371016035461421
3790,6.03953,6.1241875,-0.08465746948242181
2923,7.74473,6.131466,1.6132640881347653
1518,7.54668,7.4246397,0.12204029815673856
1330,8.52288,9.021283,-0.4984031497192376
3147,6.284,5.721439,0.5625611152648924
1483,6.95861,6.7022114,0.25639861999511737
2136,6.79588,6.5156784,0.2802015942382816
4348,5.71444,5.682912,0.03152812713623021
1367,7.0,7.1642942,-0.16429424285888672
1247,5.0,6.167328,-1.167327880859375
3417,7.96981,7.5645494,0.4052605538940428
1191,7.88606,7.075709,0.8103511338806149
2949,8.75007,7.672617,1.077453041381835
187,5.35655,7.210652,-1.854101874542236
4152,7.60206,7.554101,0.04795900970458966
1604,7.04818,7.204274,-0.1560941775512692
871,7.70553,7.318366,0.3871639492797856
2134,6.72816,6.5852575,0.14290246978759757
3297,7.08092,5.591086,1.4898340892028807
1315,8.35655,8.915205,-0.5586550018310543
2558,6.01278,5.8164535,0.19632654312133813
3962,5.76955,7.128226,-1.3586758033752444
4568,7.95468,6.4369454,1.51773456161499
1980,6.09691,5.8266897,0.2702202798461917
2812,5.93554,6.1578293,-0.22228928466796916
3927,8.87615,6.0195475,2.856602537536622
3099,7.5817,6.1413794,1.4403206436157223
4346,5.71444,5.6823735,0.03206647628784154
2085,7.34679,7.342027,0.004762812652588266
1824,5.30715,5.2699366,0.03721343841552738
3863,7.52244,6.1303816,1.392058415832519
1328,8.82391,9.021283,-0.19737314971923858
3766,7.65365,6.09036,1.5632898353576659
972,7.6038,7.8561316,-0.2523315536499027
3483,8.89279,5.9581866,2.9346033735656736
3482,8.80967,5.9581866,2.8514833735656744
3933,6.98297,7.635787,-0.6528170101928712
3837,6.04576,6.452157,-0.4063970205688481
3299,6.1261,6.545127,-0.41902691497802724
1274,6.52288,6.1003084,0.422571581726074
2081,6.92812,6.6071124,0.32100759231567366
1365,6.79371,6.139873,0.6538369721984862
891,6.74232,5.944044,0.7982758868408206
1410,5.52288,5.912212,-0.3893318949890139
2951,5.97,6.997233,-1.0272329139709475
1635,6.61979,5.595284,1.0245060148620606
79,7.39794,7.1071396,0.29080041259765643
2225,7.22915,6.8724747,0.3566753295898435
181,5.48149,7.338329,-1.8568388383483887
1693,5.77,5.5694633,0.20053674697875934
1613,8.34775,7.8070283,0.5407217063903804
3971,5.49485,5.4594655,0.035384496307372615
190,5.0,6.983027,-1.9830269813537598
3819,5.28233,5.968341,-0.6860108737182617
1453,9.0,7.0245805,1.975419521331787
900,7.44977,7.2341714,0.21559860946655274
3785,6.00524,5.9305606,0.07467941116332977
582,6.48149,6.090987,0.3905027944946289
1746,5.18842,6.1880636,-0.9996436215209963
1027,5.22185,6.128678,-0.9068278450012208
773,8.24003,7.977598,0.26243180969238367
1297,8.79588,8.121615,0.6742645901489261
471,7.521435,7.4224195,0.09901545196533235
505,7.0,7.2064657,-0.2064657211303711
3418,8.96658,7.5546646,1.4119153881835942
1409,5.0,6.4918203,-1.4918203353881836
3098,7.51286,5.937703,1.5751568673706053
395,5.47,5.7620683,-0.29206827163696314
1859,5.38195,6.414734,-1.0327838867187502
3156,7.2321,7.3103843,-0.07828427352905276
1341,5.07058,6.2061706,-1.1355905589294437
3155,7.62709,7.3901844,0.2369055975341796
3120,8.70006,8.123302,0.5767575402832037
4087,9.284,7.955591,1.3284087982177741
3056,6.85387,6.063938,0.7899318591308591
4324,6.30016,6.3045425,-0.004382541503906268
4330,5.50328,6.455138,-0.9518582064819334
1722,5.17005,5.075909,0.09414086227416973
3864,5.4828,7.3788447,-1.8960447380065917
49,7.09691,6.772677,0.32423305526733426
1029,5.30103,5.4527397,-0.15170971557617197
1943,5.377875,6.027545,-0.6496699752807613
176,6.48149,6.4570727,0.0244172651672363
123,6.48149,6.4570727,0.0244172651672363
356,6.46852,6.9887805,-0.5202604985046388
3298,6.6517,7.01494,-0.36323978500366216
53,5.03152,6.403307,-1.3717869610595699
2358,6.21467,5.9562006,0.25846940032958976
3943,6.2636,6.237919,0.025681146240234654
1540,5.23307,6.190326,-0.9572562138366703
355,6.67778,6.337369,0.3404110348510745
212,6.67801,6.337369,0.3406410348510738
4473,7.63078,6.3430796,1.2877004330444333
850,6.41623,7.4150786,-0.9988486399841312
3500,8.42022,8.167609,0.25261078521728564
3870,5.01323,5.5376225,-0.5243924517822265
4245,9.36653,7.658574,1.707955895690917
2393,5.79317,6.1940885,-0.40091845901489265
3950,7.04576,6.731843,0.3139170053100582
2223,6.88606,6.8724747,0.013585329589843376
1536,5.64859,6.6687956,-1.0202055856323238
3931,7.0,6.532668,0.4673318862915039
3709,5.88406,6.3194656,-0.4354056372070314
4100,5.34104,5.1819196,0.15912042526245074
110,8.34679,7.503852,0.8429381094360355
4514,8.93554,6.583881,2.3516590986633297
1804,7.00877,6.808799,0.19997121002197282
2785,7.15927,7.5885963,-0.4293263439941404
960,5.22915,6.1874623,-0.9583123298645022
249,7.26281,7.4079795,-0.14516948837280275
1945,6.174285,5.9368854,0.23739964309692407
1539,5.1261,7.173158,-2.0470581687927245
3549,6.17393,5.936174,0.23775608413696325
3477,8.24872,8.840267,-0.5915471813964839
1010,6.0,7.080208,-1.0802078247070312
2755,7.34998,6.107934,1.2420460018920902
4328,5.09155,6.3178606,-1.2263106033325197
1181,6.46852,7.739341,-1.2708207821655275
1493,7.60206,6.058911,1.5431491532897947
4084,5.4045,6.132195,-0.7276949958801273
579,6.04576,6.167187,-0.1214272138977055
3112,6.70997,5.889414,0.8205561663818361
1012,5.6,7.057715,-1.457714939117432
