InChIkey,cleaned_smiles,number_of_measurements,min_pIC50,max_pIC50,median_pIC50,MAD,range
ALWKGYPQUAPLQC-UHFFFAOYSA-N,CN(C)C(=O)Oc1cccc([N+](C)(C)C)c1,12,4.65365,10.36653,7.193875,0.4793050000000001,5.712879999999999
FHBDDQZHQPRYJX-UHFFFAOYSA-N,O=C(CCc1c[nH]c2ccccc12)NCCCCCCCNc1c2c(nc3cc(Cl)ccc13)CCCC2,4,5.04576,10.69897,7.72185,2.588045,5.65321
XXFJVXFGCDTSND-UHFFFAOYSA-N,CC1=CC2Cc3nc4cc(Cl)ccc4c(NCCCCCCCCNc4c5c(nc6ccccc46)CCCC5)c3C(C1)C2,3,4.21254,9.48149,8.86012,0.6213700000000006,5.268950000000001
QVGXTQPZHCDXRZ-UHFFFAOYSA-N,O=C(CCCCC1CCSS1)NCCCNc1c2c(nc3cc(Cl)ccc13)CCCC2,2,4.34679,9.59688,6.9718350000000004,2.625045,5.25009
CPLGYLJHIKGTTM-UHFFFAOYSA-N,O=C(CCc1c[nH]c2ccccc12)NCCCCCCNc1c2c(nc3cc(Cl)ccc13)CCCC2,3,5.69897,10.69897,10.1549,0.5440699999999996,4.999999999999999
FEAVRTOEDVZKCJ-UHFFFAOYSA-N,O=C(Cc1c[nH]c2ccc(Br)cc12)NCCCCCCCNc1c2c(nc3cc(Cl)ccc13)CCCC2,3,4.82391,9.63827,9.22185,0.41642000000000046,4.814360000000001
NFWZCWJFWPWUFN-UHFFFAOYSA-N,O=C(Cc1c[nH]c2ccccc12)NCCCCCCCNc1c2c(nc3cc(Cl)ccc13)CCCC2,3,5.1549,9.92082,9.69897,0.22185000000000166,4.765920000000001
PIJVFDBKTWXHHD-HIFRSBDPSA-N,CNC(=O)Oc1ccc2c(c1)[C@]1(C)CCN(C)[C@@H]1N2C,30,4.60206,9.36653,7.15579,0.47751499999999947,4.764469999999999
ADEBPBSSDYVVLD-UHFFFAOYSA-N,COc1cc2c(cc1OC)C(=O)C(CC1CCN(Cc3ccccc3)CC1)C2,55,4.0,8.69897,7.57594,0.38267000000000007,4.698969999999999
XVOJAMVHTPQUCR-MEKGRNQZSA-N,CCN(CCCCCCNC1=CC(=O)C(NCCCCCCN(CC)[C@@H](C)c2ccccc2OC)=CC1=O)[C@H](C)c1ccccc1OC,2,4.95861,9.4437,7.201155,2.242545,4.48509
LMHQZKRKCUDJFH-UHFFFAOYSA-N,CCN(CCCCCCN1C(=O)c2ccc3c4c(ccc(c24)C1=O)C(=O)N(CCCCCCN(CC)Cc1ccccc1OC)C3=O)Cc1ccccc1OC,2,5.08991,9.4318,7.260855,2.1709450000000006,4.341890000000001
XVOJAMVHTPQUCR-ROJLCIKYSA-N,CCN(CCCCCCNC1=CC(=O)C(NCCCCCCN(CC)[C@H](C)c2ccccc2OC)=CC1=O)[C@H](C)c1ccccc1OC,2,5.02965,9.30103,7.1653400000000005,2.1356900000000003,4.271380000000001
VPXVPJQOPRBXPO-UHFFFAOYSA-N,CCN(CCCCCCNC1=CC(=O)C(NCCCCCCN(CC)Cc2ccccc2OC)=CC1=O)Cc1ccccc1OC,4,4.54821,8.80967,5.019715,0.33937000000000017,4.2614600000000005
WIIKLWSNLFQLLL-UHFFFAOYSA-N,O=C(CCCc1c[nH]c2ccccc12)NCCCCCNc1c2c(nc3cc(Cl)ccc13)CCCC2,3,5.69897,9.88606,9.52288,0.36317999999999984,4.18709
ZVFOYXYQFFWDEX-UHFFFAOYSA-N,CN(C)CC(C)(C)c1cccc(OC(=O)NCCCCN2CCOCC2)c1,4,4.0,8.04576,6.02288,2.02288,4.04576
SNHXSTFOPXTQSU-UHFFFAOYSA-N,O=C(CCCOc1cccc2[nH]c3ccccc3c12)NCCCNc1c2c(nc3ccccc13)CCCC2,2,4.63827,8.66756,6.652915,2.014645,4.02929
ZRJBHWIHUMBLCN-YQEJDHNASA-N,C/C=C1\[C@H]2C=C(C)C[C@]1(N)c1ccc(=O)[nH]c1C2,16,5.27737,9.26761,7.115494999999999,0.63992,3.990239999999999
RUOKEQAAGRXIBM-GFCCVEGCSA-N,C#CCN[C@@H]1CCc2ccccc21,2,4.0,7.72125,5.860625000000001,1.8606250000000002,3.7212500000000004
WKDFOVDLOVYRAJ-JDXGNMNLSA-N,CC(C)c1ccc(NC(=O)Oc2ccc3c(c2)[C@]2(C)CCN(CCc4ccccc4)[C@@H]2N3C)cc1,4,4.52288,8.22185,6.372365,1.849485,3.69897
BTQZKHUEUDPRST-UHFFFAOYSA-N,Cc1cccc(F)c1,2,5.3098,9.0,7.1549,1.8451,3.6902
