metadata_field,metadata_value,measurement_count,molecule_count,assay_count,pIC50_mean,pIC50_median,pIC50_std
assay_type,B,5171,4566,747,6.565362336105201,6.38722,1.1351558834348294
assay_type,F,12,12,3,6.445270833333333,6.769555,0.6332867766079718
assay_type,A,23,23,8,6.038718260869565,6.10791,0.71727507271144
bao_endpoint,BAO_0000190,5206,4597,758,6.562758818670765,6.38616,1.133220308819841
bao_format,BAO_0000357,4233,3777,584,6.547008686510749,6.36,1.1330122324128664
bao_format,BAO_0000019,421,379,101,6.872007054631829,6.70997,1.1972802378362424
bao_format,BAO_0000221,75,74,8,6.0896412,5.87943,0.816988396483745
bao_format,BAO_0000219,464,449,63,6.5107764870689655,6.2255,1.0736627629051816
bao_format,BAO_0000366,13,12,2,6.261253076923078,6.01592,0.6950171080794176
bao_label,single protein format,4233,3777,584,6.547008686510749,6.36,1.1330122324128664
bao_label,assay format,421,379,101,6.872007054631829,6.70997,1.1972802378362424
bao_label,tissue-based format,75,74,8,6.0896412,5.87943,0.816988396483745
bao_label,cell-based format,464,449,63,6.5107764870689655,6.2255,1.0736627629051816
bao_label,cell-free format,13,12,2,6.261253076923078,6.01592,0.6950171080794176
