assay_chembl_id,measurement_count,molecule_count,measurement_pIC50_mean,measurement_pIC50_median,curated_pIC50_mean,curated_pIC50_median,assay_type,bao_endpoint,bao_format,bao_label
CHEMBL643384,18,18,6.499019444444445,6.411955,6.499019444444445,6.411955,B,BAO_0000190,BAO_0000357,single protein format
CHEMBL636834,26,26,6.291979615384615,6.31707,6.269471923076923,6.31707,B,BAO_0000190,BAO_0000357,single protein format
CHEMBL645001,10,10,6.579828999999999,6.817255,6.691826999999999,7.1259049999999995,B,BAO_0000190,BAO_0000357,single protein format
CHEMBL645000,1,1,6.1549,6.1549,6.1549,6.1549,B,BAO_0000190,BAO_0000357,single protein format
CHEMBL638603,10,10,5.960986,5.54,5.92106,5.54,B,BAO_0000190,BAO_0000019,assay format
CHEMBL643374,4,4,6.480205,6.048455000000001,6.183821249999999,6.048455000000001,B,BAO_0000190,BAO_0000357,single protein format
CHEMBL644115,3,3,6.097,6.17005,6.235076666666667,6.31299,B,BAO_0000190,BAO_0000357,single protein format
CHEMBL644834,1,1,5.16749,5.16749,5.16749,5.16749,B,BAO_0000190,BAO_0000357,single protein format
CHEMBL643373,14,14,6.351439285714286,6.63827,6.323712142857143,6.63827,B,BAO_0000190,BAO_0000357,single protein format
CHEMBL644831,32,29,6.951035,6.95861,6.945944375,6.939715,B,BAO_0000190,BAO_0000357,single protein format
CHEMBL644099,9,9,6.834654444444444,6.63639,6.834654444444444,6.63639,B,BAO_0000190,BAO_0000357,single protein format
CHEMBL644838,13,13,7.417366923076923,7.37469,7.112368461538462,7.16178,B,BAO_0000190,BAO_0000357,single protein format
CHEMBL644839,8,8,6.82001625,6.821035,6.861079999999999,6.821035,B,BAO_0000190,BAO_0000019,assay format
CHEMBL644109,20,20,6.353314999999999,6.40562,6.38998175,6.40562,B,BAO_0000190,BAO_0000019,assay format
CHEMBL645004,15,15,5.748692,5.52288,5.705587333333333,5.73283,B,BAO_0000190,BAO_0000357,single protein format
CHEMBL644788,9,9,7.177937777777777,7.4437,7.123911666666667,7.24413,B,BAO_0000190,BAO_0000221,tissue-based format
CHEMBL644789,9,9,7.136326666666666,7.34679,7.123911666666667,7.24413,B,BAO_0000190,BAO_0000357,single protein format
CHEMBL875241,5,5,5.63208,5.22185,5.670816,5.22185,B,BAO_0000190,BAO_0000357,single protein format
CHEMBL643386,21,21,7.308907142857142,8.0,7.308907142857142,8.0,B,BAO_0000190,BAO_0000357,single protein format
CHEMBL643380,1,1,6.22185,6.22185,7.34679,7.34679,B,BAO_0000190,BAO_0000357,single protein format
CHEMBL644627,4,4,6.9258875,6.9380749999999995,6.8566425,6.8769025,B,BAO_0000190,BAO_0000019,assay format
CHEMBL644628,18,18,6.992469444444445,7.308275,7.047766944444444,7.308275,B,BAO_0000190,BAO_0000357,single protein format
CHEMBL641020,1,1,6.67801,6.67801,6.67801,6.67801,B,BAO_0000190,BAO_0000357,single protein format
CHEMBL644830,3,3,7.074800000000001,6.89279,7.133216666666667,7.24413,B,BAO_0000190,BAO_0000019,assay format
CHEMBL642295,13,13,6.558195384615383,6.45593,6.644157692307692,6.81816,B,BAO_0000190,BAO_0000357,single protein format
CHEMBL644104,17,17,7.875848823529412,7.66154,7.761215882352942,7.66154,B,BAO_0000190,BAO_0000357,single protein format
CHEMBL644626,13,13,6.357399230769231,6.41173,6.333532307692308,6.41173,B,BAO_0000190,BAO_0000019,assay format
CHEMBL638449,21,21,7.179529047619047,7.43004,7.204052619047618,7.43004,B,BAO_0000190,BAO_0000019,assay format
CHEMBL638600,4,4,7.785025,7.84496,7.54380125,7.817525,B,BAO_0000190,BAO_0000019,assay format
CHEMBL638601,4,4,7.677560000000001,7.8250150000000005,7.54380125,7.817525,B,BAO_0000190,BAO_0000019,assay format
CHEMBL638602,4,4,7.4150525,7.820055,7.54380125,7.817525,B,BAO_0000190,BAO_0000019,assay format
CHEMBL638445,32,32,6.1200040625,6.025,6.11708265625,6.023735,B,BAO_0000190,BAO_0000357,single protein format
CHEMBL644101,23,23,6.436749565217392,6.40894,6.429439347826087,6.409465,B,BAO_0000190,BAO_0000357,single protein format
CHEMBL644837,7,7,8.690392857142857,9.02228,8.704327857142857,9.02228,B,BAO_0000190,BAO_0000019,assay format
CHEMBL638446,7,5,6.644297142857143,7.13001,6.742951428571429,7.24413,B,BAO_0000190,BAO_0000219,cell-based format
CHEMBL642296,4,4,7.4460774999999995,7.8409699999999996,7.4516475,7.85211,B,BAO_0000190,BAO_0000357,single protein format
CHEMBL644107,1,1,7.3279,7.3279,7.24413,7.24413,B,BAO_0000190,BAO_0000219,cell-based format
CHEMBL644832,19,19,7.007147368421052,6.90309,7.019302631578947,6.90309,B,BAO_0000190,BAO_0000357,single protein format
CHEMBL644117,1,1,5.07058,5.07058,5.07058,5.07058,B,BAO_0000190,BAO_0000357,single protein format
CHEMBL644118,4,4,5.13312,5.09492,5.13312,5.09492,B,BAO_0000190,BAO_0000219,cell-based format
CHEMBL644105,26,26,7.41952076923077,7.6419999999999995,7.428545961538462,7.44303,B,BAO_0000190,BAO_0000019,assay format
CHEMBL644106,1,1,6.56864,6.56864,6.86646,6.86646,B,BAO_0000190,BAO_0000019,assay format
CHEMBL645003,6,6,6.90334,7.03864,6.90334,7.03864,B,BAO_0000190,BAO_0000357,single protein format
CHEMBL875789,20,15,6.715493999999998,6.718215,6.786226999999999,6.87779,B,BAO_0000190,BAO_0000357,single protein format
CHEMBL642884,1,1,5.0,5.0,5.0,5.0,B,BAO_0000190,BAO_0000221,tissue-based format
CHEMBL642294,5,5,6.308682,6.20551,6.2402500000000005,6.162635,B,BAO_0000190,BAO_0000357,single protein format
CHEMBL637615,5,5,6.245161999999999,6.11976,6.2402500000000005,6.162635,B,BAO_0000190,BAO_0000357,single protein format
CHEMBL638447,3,3,5.510000000000001,5.47,5.510000000000001,5.47,B,BAO_0000190,BAO_0000019,assay format
CHEMBL641238,9,9,5.7955588888888885,5.521,5.801910555555555,5.521,B,BAO_0000190,BAO_0000357,single protein format
CHEMBL643383,16,16,6.42022,6.42022,6.963865,7.020097499999999,B,BAO_0000190,BAO_0000357,single protein format
CHEMBL648290,16,16,7.50751,7.619975,6.963865,7.020097499999999,B,BAO_0000190,BAO_0000357,single protein format
CHEMBL643382,5,5,5.3098,5.3098,5.635899,5.3749,B,BAO_0000190,BAO_0000357,single protein format
CHEMBL648291,5,5,5.961998,5.44,5.635899,5.3749,B,BAO_0000190,BAO_0000357,single protein format
CHEMBL644116,4,4,5.1565325,5.091815,5.1565325,5.091815,B,BAO_0000190,BAO_0000357,single protein format
CHEMBL643381,2,2,8.325265,8.325265,7.055295,7.055295,B,BAO_0000190,BAO_0000357,single protein format
CHEMBL644835,3,3,6.265293333333333,6.09691,6.068273333333334,6.09691,B,BAO_0000190,BAO_0000019,assay format
CHEMBL884109,2,2,6.150515,6.150515,6.053955,6.053955,B,BAO_0000190,BAO_0000019,assay format
CHEMBL644927,11,11,6.72518,6.54516,6.72518,6.54516,B,BAO_0000190,BAO_0000019,assay format
CHEMBL644113,1,1,6.0,6.0,6.0,6.0,F,BAO_0000190,BAO_0000019,assay format
CHEMBL644111,1,1,5.22185,5.22185,5.22185,5.22185,B,BAO_0000190,BAO_0000357,single protein format
CHEMBL644110,13,13,6.167103076923075,5.89963,6.110969615384614,5.82391,B,BAO_0000190,BAO_0000357,single protein format
CHEMBL644108,20,14,8.065569499999999,8.321825,8.294619999999998,8.42136,B,BAO_0000190,BAO_0000019,assay format
CHEMBL642883,5,5,6.974538,7.11407,7.01018,7.11407,B,BAO_0000190,BAO_0000019,assay format
CHEMBL885303,6,6,7.662485,7.72185,7.662244166666667,7.7211275,B,BAO_0000190,BAO_0000019,assay format
CHEMBL644119,11,11,7.340901818181817,7.30103,7.361626363636362,7.30103,B,BAO_0000190,BAO_0000357,single protein format
CHEMBL644833,20,20,6.4810575,6.394175000000001,6.4749375,6.394175000000001,B,BAO_0000190,BAO_0000357,single protein format
CHEMBL884112,2,2,6.00284,6.00284,6.00284,6.00284,B,BAO_0000190,BAO_0000357,single protein format
CHEMBL644787,2,2,7.494014999999999,7.494014999999999,7.47163,7.47163,B,BAO_0000190,BAO_0000357,single protein format
CHEMBL644120,1,1,7.52288,7.52288,7.52288,7.52288,B,BAO_0000190,BAO_0000357,single protein format
CHEMBL638607,1,1,6.74473,6.74473,6.86646,6.86646,B,BAO_0000190,BAO_0000357,single protein format
CHEMBL645005,1,1,7.52288,7.52288,7.52288,7.52288,B,BAO_0000190,BAO_0000019,assay format
CHEMBL884115,1,1,5.97062,5.97062,5.97062,5.97062,B,BAO_0000190,BAO_0000019,assay format
CHEMBL644213,1,1,5.66756,5.66756,5.66756,5.66756,B,BAO_0000190,BAO_0000019,assay format
CHEMBL645006,1,1,8.04576,8.04576,8.04576,8.04576,B,BAO_0000190,BAO_0000019,assay format
CHEMBL644210,1,1,5.69897,5.69897,5.69897,5.69897,B,BAO_0000190,BAO_0000019,assay format
CHEMBL644211,1,1,5.60206,5.60206,5.60206,5.60206,B,BAO_0000190,BAO_0000019,assay format
CHEMBL645894,1,1,5.74958,5.74958,5.74958,5.74958,B,BAO_0000190,BAO_0000019,assay format
CHEMBL641122,1,1,5.10237,5.10237,5.10237,5.10237,B,BAO_0000190,BAO_0000019,assay format
CHEMBL646043,1,1,5.4023,5.4023,5.4023,5.4023,B,BAO_0000190,BAO_0000019,assay format
CHEMBL645890,1,1,6.0655,6.0655,6.0655,6.0655,B,BAO_0000190,BAO_0000019,assay format
CHEMBL645893,1,1,5.82974,5.82974,5.82974,5.82974,B,BAO_0000190,BAO_0000019,assay format
CHEMBL645886,1,1,6.27572,6.27572,6.27572,6.27572,B,BAO_0000190,BAO_0000019,assay format
CHEMBL644228,1,1,5.48945,5.48945,5.48945,5.48945,B,BAO_0000190,BAO_0000019,assay format
CHEMBL646052,1,1,5.1549,5.1549,5.1549,5.1549,B,BAO_0000190,BAO_0000019,assay format
CHEMBL645891,1,1,6.07058,6.07058,6.07058,6.07058,B,BAO_0000190,BAO_0000019,assay format
CHEMBL640421,1,1,5.06198,5.06198,5.06198,5.06198,B,BAO_0000190,BAO_0000019,assay format
CHEMBL645008,1,1,7.58503,7.58503,7.58503,7.58503,B,BAO_0000190,BAO_0000019,assay format
CHEMBL644229,1,1,5.51428,5.51428,5.51428,5.51428,B,BAO_0000190,BAO_0000019,assay format
CHEMBL636787,1,1,5.74473,5.74473,5.74473,5.74473,B,BAO_0000190,BAO_0000019,assay format
CHEMBL645013,1,1,6.65758,6.65758,6.65758,6.65758,B,BAO_0000190,BAO_0000019,assay format
CHEMBL644212,1,1,5.62342,5.62342,5.62342,5.62342,B,BAO_0000190,BAO_0000019,assay format
CHEMBL643988,1,1,6.52288,6.52288,6.52288,6.52288,B,BAO_0000190,BAO_0000019,assay format
CHEMBL636785,1,1,5.78516,5.78516,5.78516,5.78516,B,BAO_0000190,BAO_0000019,assay format
CHEMBL645009,1,1,7.27572,7.27572,7.27572,7.27572,B,BAO_0000190,BAO_0000019,assay format
CHEMBL645887,1,1,6.29243,6.29243,6.29243,6.29243,B,BAO_0000190,BAO_0000019,assay format
CHEMBL645007,1,1,7.88606,7.88606,7.88606,7.88606,B,BAO_0000190,BAO_0000019,assay format
CHEMBL645885,1,1,6.11919,6.11919,6.11919,6.11919,B,BAO_0000190,BAO_0000019,assay format
CHEMBL643990,1,1,6.33724,6.33724,6.33724,6.33724,B,BAO_0000190,BAO_0000019,assay format
CHEMBL644230,1,1,5.4437,5.4437,5.4437,5.4437,B,BAO_0000190,BAO_0000019,assay format
CHEMBL636790,1,1,5.64782,5.64782,5.64782,5.64782,B,BAO_0000190,BAO_0000019,assay format
CHEMBL645011,1,1,6.55284,6.55284,6.55284,6.55284,B,BAO_0000190,BAO_0000019,assay format
CHEMBL645889,1,1,6.03621,6.03621,5.64054,5.64054,B,BAO_0000190,BAO_0000019,assay format
CHEMBL641120,1,1,5.13668,5.13668,5.13668,5.13668,B,BAO_0000190,BAO_0000019,assay format
CHEMBL645892,1,1,5.82974,5.82974,5.82974,5.82974,B,BAO_0000190,BAO_0000019,assay format
CHEMBL645010,1,1,6.79588,6.79588,6.79588,6.79588,B,BAO_0000190,BAO_0000019,assay format
CHEMBL645014,1,1,6.63827,6.63827,6.63827,6.63827,B,BAO_0000190,BAO_0000019,assay format
CHEMBL646051,1,1,5.4045,5.4045,5.4045,5.4045,B,BAO_0000190,BAO_0000019,assay format
CHEMBL643989,1,1,6.26761,6.26761,6.26761,6.26761,B,BAO_0000190,BAO_0000019,assay format
CHEMBL646042,1,1,5.20066,5.20066,5.20066,5.20066,B,BAO_0000190,BAO_0000019,assay format
CHEMBL644227,1,1,5.4437,5.4437,5.4437,5.4437,B,BAO_0000190,BAO_0000019,assay format
CHEMBL641116,1,1,5.10791,5.10791,5.10791,5.10791,B,BAO_0000190,BAO_0000019,assay format
CHEMBL645888,1,1,6.25964,6.25964,6.25964,6.25964,B,BAO_0000190,BAO_0000019,assay format
CHEMBL640422,1,1,5.20621,5.20621,5.20621,5.20621,B,BAO_0000190,BAO_0000019,assay format
CHEMBL636788,1,1,5.5376,5.5376,5.5376,5.5376,B,BAO_0000190,BAO_0000019,assay format
CHEMBL641115,1,1,5.03152,5.03152,5.03152,5.03152,B,BAO_0000190,BAO_0000019,assay format
CHEMBL646050,1,1,5.21183,5.21183,5.21183,5.21183,B,BAO_0000190,BAO_0000019,assay format
CHEMBL644225,1,1,5.38722,5.38722,5.38722,5.38722,B,BAO_0000190,BAO_0000019,assay format
CHEMBL645012,1,1,6.76955,6.76955,6.76955,6.76955,B,BAO_0000190,BAO_0000019,assay format
CHEMBL636786,1,1,5.74473,5.74473,5.74473,5.74473,B,BAO_0000190,BAO_0000019,assay format
CHEMBL644224,1,1,5.07058,5.07058,5.07058,5.07058,B,BAO_0000190,BAO_0000019,assay format
CHEMBL636789,1,1,5.66756,5.66756,5.66756,5.66756,B,BAO_0000190,BAO_0000019,assay format
CHEMBL644226,1,1,5.46852,5.46852,5.46852,5.46852,B,BAO_0000190,BAO_0000019,assay format
CHEMBL641506,12,12,6.124899999999999,6.2158999999999995,6.124899999999999,6.2158999999999995,B,BAO_0000190,BAO_0000357,single protein format
CHEMBL644790,7,7,6.441107142857143,6.3279,6.480308571428572,6.3279,B,BAO_0000190,BAO_0000357,single protein format
CHEMBL645002,8,8,6.84880125,6.821630000000001,6.84880125,6.821630000000001,F,BAO_0000190,BAO_0000019,assay format
CHEMBL641237,9,9,5.206666666666667,5.21,5.206666666666667,5.21,B,BAO_0000190,BAO_0000357,single protein format
CHEMBL827818,1,1,9.52288,9.52288,9.52288,9.52288,B,BAO_0000190,BAO_0000357,single protein format
CHEMBL874440,12,12,6.686853333333333,6.96498,6.721407500000001,6.96498,B,BAO_0000190,BAO_0000357,single protein format
CHEMBL832888,2,2,7.415515,7.415515,7.426625,7.426625,B,BAO_0000190,BAO_0000357,single protein format
CHEMBL828047,9,9,9.399544444444444,9.46852,9.208598888888888,9.170805000000001,B,BAO_0000190,BAO_0000019,assay format
CHEMBL832772,6,6,6.655075,6.842015,6.625191666666666,6.752365,B,BAO_0000190,BAO_0000357,single protein format
CHEMBL829155,1,1,6.44,6.44,6.44,6.44,B,BAO_0000190,BAO_0000357,single protein format
CHEMBL829159,2,2,7.165,7.165,7.165,7.165,B,BAO_0000190,BAO_0000357,single protein format
CHEMBL829154,6,6,6.601665,6.0600000000000005,6.601665,6.0600000000000005,B,BAO_0000190,BAO_0000357,single protein format
CHEMBL832763,39,39,7.214466153846154,7.10237,7.186513589743591,7.04576,B,BAO_0000190,BAO_0000357,single protein format
CHEMBL831104,9,9,6.932524444444445,7.0,6.913263333333334,7.0,B,BAO_0000190,BAO_0000357,single protein format
CHEMBL832454,11,11,5.589106363636363,5.52433,5.661151818181818,5.52433,B,BAO_0000190,BAO_0000357,single protein format
CHEMBL832710,3,3,8.713083333333334,8.52288,8.690143333333333,8.52288,B,BAO_0000190,BAO_0000357,single protein format
CHEMBL832842,9,9,7.58596,7.48545,7.58596,7.48545,B,BAO_0000190,BAO_0000357,single protein format
CHEMBL829488,1,1,9.10791,9.10791,9.10791,9.10791,B,BAO_0000190,BAO_0000019,assay format
CHEMBL829249,1,1,5.97062,5.97062,5.97062,5.97062,B,BAO_0000190,BAO_0000357,single protein format
CHEMBL885189,2,2,7.424775,7.424775,7.424775,7.424775,B,BAO_0000190,BAO_0000357,single protein format
CHEMBL864026,7,7,9.107037142857143,9.30103,9.165684285714283,9.30103,B,BAO_0000190,BAO_0000357,single protein format
CHEMBL859798,21,21,6.67169619047619,7.01323,6.698760952380953,7.02687,B,BAO_0000190,BAO_0000357,single protein format
CHEMBL866863,2,2,5.20914,5.20914,5.20914,5.20914,B,BAO_0000190,BAO_0000357,single protein format
CHEMBL868603,9,9,6.551355555555556,6.54638,6.570806666666666,6.54638,B,BAO_0000190,BAO_0000357,single protein format
CHEMBL911220,3,3,7.016376666666667,7.00877,7.016376666666667,7.00877,B,BAO_0000190,BAO_0000357,single protein format
CHEMBL912241,15,15,7.389724000000001,7.28735,7.389724000000001,7.28735,B,BAO_0000190,BAO_0000357,single protein format
CHEMBL913362,9,9,6.771826666666666,6.71897,6.771826666666666,6.71897,B,BAO_0000190,BAO_0000357,single protein format
CHEMBL911302,18,9,5.888286666666668,5.8705300000000005,5.945331666666667,5.782715,B,BAO_0000190,BAO_0000357,single protein format
CHEMBL919956,1,1,5.49485,5.49485,5.782715,5.782715,B,BAO_0000190,BAO_0000357,single protein format
CHEMBL917209,17,17,7.272947647058824,7.43997,7.265304705882353,7.24413,B,BAO_0000190,BAO_0000357,single protein format
CHEMBL914529,4,4,9.9000125,9.90344,9.7017025,9.610925,B,BAO_0000190,BAO_0000019,assay format
CHEMBL914532,3,3,5.517613333333333,5.69897,9.792250000000001,9.69897,F,BAO_0000190,BAO_0000019,assay format
CHEMBL915960,10,10,5.4345799999999995,5.520395000000001,5.439335,5.520395000000001,B,BAO_0000190,BAO_0000357,single protein format
CHEMBL894085,23,23,6.4325669565217405,6.43652,6.4325669565217405,6.43652,B,BAO_0000190,BAO_0000357,single protein format
CHEMBL895407,29,29,7.298185862068966,7.21112,7.3053705172413785,7.21112,B,BAO_0000190,BAO_0000357,single protein format
CHEMBL891175,2,2,6.379994999999999,6.379994999999999,6.379994999999999,6.379994999999999,B,BAO_0000190,BAO_0000357,single protein format
CHEMBL899128,11,11,6.8143554545454545,6.63676,6.8143554545454545,6.63676,B,BAO_0000190,BAO_0000357,single protein format
CHEMBL900444,10,10,5.946999,6.031700000000001,6.034929,6.181375,B,BAO_0000190,BAO_0000357,single protein format
CHEMBL900177,8,7,7.63423,7.95998,7.7383637499999995,7.95998,B,BAO_0000190,BAO_0000357,single protein format
CHEMBL902667,4,4,8.4279425,8.457365,8.445147500000001,8.457365,B,BAO_0000190,BAO_0000357,single protein format
CHEMBL925438,9,9,5.792533333333334,5.79317,5.771655,5.782715,B,BAO_0000190,BAO_0000357,single protein format
CHEMBL945890,9,9,7.392068888888888,7.34679,7.293672222222223,6.97881,B,BAO_0000190,BAO_0000357,single protein format
CHEMBL929818,7,7,5.843281428571429,5.55752,5.843281428571429,5.55752,B,BAO_0000190,BAO_0000357,single protein format
CHEMBL932016,16,16,7.591910625,7.5978200000000005,7.561950625,7.5978200000000005,B,BAO_0000190,BAO_0000357,single protein format
CHEMBL940221,6,6,5.928781666666667,5.79844,6.1256425000000005,5.79844,B,BAO_0000190,BAO_0000357,single protein format
CHEMBL922717,1,1,5.23657,5.23657,5.23657,5.23657,B,BAO_0000190,BAO_0000357,single protein format
CHEMBL974116,1,1,6.00877,6.00877,5.782715,5.782715,B,BAO_0000190,BAO_0000357,single protein format
CHEMBL998779,2,2,5.047935000000001,5.047935000000001,5.047935000000001,5.047935000000001,B,BAO_0000190,BAO_0000357,single protein format
CHEMBL965669,1,1,6.45593,6.45593,5.782715,5.782715,B,BAO_0000190,BAO_0000357,single protein format
CHEMBL960589,9,9,8.703184444444444,8.66555,8.658637777777777,8.66555,B,BAO_0000190,BAO_0000357,single protein format
CHEMBL948464,13,13,7.252798461538461,7.59007,7.252843846153846,7.59007,B,BAO_0000190,BAO_0000357,single protein format
CHEMBL1019313,12,12,5.885365833333334,5.761225,5.8764199999999995,5.761225,B,BAO_0000190,BAO_0000357,single protein format
CHEMBL1003711,7,7,6.922952857142858,6.80134,6.916258571428572,6.80134,B,BAO_0000190,BAO_0000357,single protein format
CHEMBL975663,2,2,6.0978650000000005,6.0978650000000005,6.0251625,6.0251625,B,BAO_0000190,BAO_0000357,single protein format
CHEMBL982932,4,4,8.7131575,8.72504,8.7131575,8.72504,B,BAO_0000190,BAO_0000357,single protein format
CHEMBL978158,2,2,5.76509,5.76509,5.5059325,5.5059325,B,BAO_0000190,BAO_0000357,single protein format
CHEMBL967995,6,6,6.176966666666668,6.161335,6.180333333333333,6.161335,B,BAO_0000190,BAO_0000357,single protein format
CHEMBL984792,1,1,7.50864,7.50864,7.34679,7.34679,B,BAO_0000190,BAO_0000357,single protein format
CHEMBL1051649,10,10,7.795812,7.810765,7.800884999999999,7.816879999999999,B,BAO_0000190,BAO_0000219,cell-based format
CHEMBL1058842,1,1,9.4437,9.4437,9.4437,9.4437,B,BAO_0000190,BAO_0000357,single protein format
CHEMBL1041236,20,20,6.720816000000001,6.13467,6.74361075,6.13467,B,BAO_0000190,BAO_0000219,cell-based format
CHEMBL1049243,10,10,6.662431000000001,6.6071349999999995,6.658388,6.6071349999999995,B,BAO_0000190,BAO_0000357,single protein format
CHEMBL1037610,4,4,6.835260000000001,6.809895,6.835260000000001,6.809895,B,BAO_0000190,BAO_0000357,single protein format
CHEMBL1047004,3,3,6.478246666666667,6.45593,6.513224999999999,6.45593,B,BAO_0000190,BAO_0000357,single protein format
CHEMBL1041657,4,4,6.0,5.95,6.0,5.95,B,BAO_0000190,BAO_0000219,cell-based format
CHEMBL1065425,15,15,7.470984666666666,7.50864,7.431743666666666,7.50864,B,BAO_0000190,BAO_0000357,single protein format
CHEMBL1069537,5,5,5.624295999999999,5.30103,5.624295999999999,5.30103,B,BAO_0000190,BAO_0000357,single protein format
CHEMBL1069539,1,1,9.09691,9.09691,7.39794,7.39794,B,BAO_0000190,BAO_0000357,single protein format
CHEMBL1067130,20,20,6.218350500000001,6.125635,6.218350500000001,6.125635,B,BAO_0000190,BAO_0000357,single protein format
CHEMBL1100708,5,5,6.390155999999999,6.39794,6.459514,6.39794,B,BAO_0000190,BAO_0000357,single protein format
CHEMBL1105045,9,9,6.48821,6.52288,6.48821,6.52288,B,BAO_0000190,BAO_0000357,single protein format
CHEMBL1119101,9,9,5.932704444444444,5.74473,5.917866666666667,5.74473,B,BAO_0000190,BAO_0000219,cell-based format
CHEMBL1119333,300,300,7.133503733333334,7.098000000000001,7.124240483333333,7.09421,B,BAO_0000190,BAO_0000357,single protein format
CHEMBL1177574,3,3,8.853556666666668,9.0,8.853556666666668,9.0,B,BAO_0000190,BAO_0000357,single protein format
CHEMBL1176719,9,9,6.874921111111111,6.83863,6.849118333333333,6.83863,B,BAO_0000190,BAO_0000357,single protein format
CHEMBL1216954,1,1,6.30103,6.30103,6.30103,6.30103,B,BAO_0000190,BAO_0000357,single protein format
CHEMBL1249049,28,28,6.6364382142857155,6.702005,6.659133392857143,6.61337,B,BAO_0000190,BAO_0000357,single protein format
CHEMBL1260200,8,8,6.03992375,6.150515,6.1106025,6.22185,B,BAO_0000190,BAO_0000357,single protein format
CHEMBL1293120,20,20,5.357191,5.287364999999999,5.390731000000001,5.287364999999999,B,BAO_0000190,BAO_0000357,single protein format
CHEMBL1646125,15,15,6.940269999999999,7.49485,6.95506,7.49485,B,BAO_0000190,BAO_0000357,single protein format
CHEMBL1663831,1,1,10.36653,10.36653,7.34679,7.34679,B,BAO_0000190,BAO_0000357,single protein format
CHEMBL1663835,4,4,5.6596825,5.646215,5.8729175,5.6527975,B,BAO_0000190,BAO_0000357,single protein format
CHEMBL1664219,30,30,7.856998,7.71997,7.870134833333334,7.71997,B,BAO_0000190,BAO_0000357,single protein format
CHEMBL1671581,12,12,6.644915,6.52288,6.713365,6.52288,B,BAO_0000190,BAO_0000357,single protein format
CHEMBL1671288,1,1,5.58503,5.58503,5.782715,5.782715,B,BAO_0000190,BAO_0000019,assay format
CHEMBL1763498,11,11,6.672725454545454,7.04576,6.672725454545454,7.04576,B,BAO_0000190,BAO_0000357,single protein format
CHEMBL1769750,7,7,5.890584285714285,5.25964,6.027702142857143,5.25964,B,BAO_0000190,BAO_0000357,single protein format
CHEMBL1771986,3,3,7.903770000000001,8.22185,7.117116666666667,7.591620000000001,B,BAO_0000190,BAO_0000357,single protein format
CHEMBL1771988,3,3,6.736809999999999,6.70333,6.736809999999999,6.70333,B,BAO_0000190,BAO_0000357,single protein format
CHEMBL1772319,5,5,6.9441239999999995,7.12494,6.925693999999998,7.12494,B,BAO_0000190,BAO_0000357,single protein format
CHEMBL1775596,15,15,6.799594666666666,6.84164,6.799594666666666,6.84164,B,BAO_0000190,BAO_0000357,single protein format
CHEMBL1787066,1,1,6.58503,6.58503,6.52288,6.52288,B,BAO_0000190,BAO_0000019,assay format
CHEMBL1787068,8,8,6.81429,6.97734,6.8669143749999995,7.05725,B,BAO_0000190,BAO_0000019,assay format
CHEMBL1787069,8,8,6.81429,6.97734,6.8669143749999995,7.05725,B,BAO_0000190,BAO_0000357,single protein format
CHEMBL1785189,5,5,6.334601999999999,6.39362,6.346204,6.39362,B,BAO_0000190,BAO_0000357,single protein format
CHEMBL1785400,20,20,7.413529,7.4842949999999995,7.413529,7.4842949999999995,B,BAO_0000190,BAO_0000357,single protein format
CHEMBL1816232,4,4,8.94672,9.090444999999999,8.5382575,9.090444999999999,B,BAO_0000190,BAO_0000357,single protein format
CHEMBL1820356,12,12,7.337614166666666,7.41008,7.337614166666666,7.41008,B,BAO_0000190,BAO_0000357,single protein format
CHEMBL1837219,5,5,5.619076,5.09691,5.696002999999999,5.09691,B,BAO_0000190,BAO_0000357,single protein format
CHEMBL1840095,8,8,5.5463775,5.53864,5.65607875,5.53864,B,BAO_0000190,BAO_0000357,single protein format
CHEMBL1909212,20,20,5.832744,5.6112850000000005,5.883596750000001,5.6112850000000005,B,BAO_0000190,BAO_0000219,cell-based format
CHEMBL1912247,4,4,8.5330325,8.95105,8.5330325,8.95105,B,BAO_0000190,BAO_0000357,single protein format
CHEMBL1921132,4,4,6.140865,6.113110000000001,6.140865,6.113110000000001,B,BAO_0000190,BAO_0000357,single protein format
CHEMBL1918466,2,2,6.212405,6.212405,5.6058275,5.6058275,B,BAO_0000190,BAO_0000357,single protein format
CHEMBL1918028,1,1,5.25181,5.25181,5.25181,5.25181,B,BAO_0000190,BAO_0000357,single protein format
CHEMBL1931706,1,1,7.30103,7.30103,7.30103,7.30103,B,BAO_0000190,BAO_0000357,single protein format
CHEMBL1931825,2,2,6.66693,6.66693,6.5611625,6.5611625,B,BAO_0000190,BAO_0000219,cell-based format
CHEMBL1942987,3,3,7.636336666666668,6.72125,7.636336666666668,6.72125,B,BAO_0000190,BAO_0000357,single protein format
CHEMBL1941523,5,5,7.204362000000001,7.5376,7.204362000000001,7.5376,B,BAO_0000190,BAO_0000357,single protein format
CHEMBL1954098,1,1,5.04576,5.04576,5.04576,5.04576,B,BAO_0000190,BAO_0000357,single protein format
CHEMBL2014392,2,2,5.98329,5.98329,6.1934000000000005,6.1934000000000005,B,BAO_0000190,BAO_0000357,single protein format
CHEMBL2015198,21,21,8.558435238095239,8.69037,8.660740476190474,8.87615,B,BAO_0000190,BAO_0000357,single protein format
CHEMBL2020014,2,2,5.89971,5.89971,5.5296275,5.5296275,B,BAO_0000190,BAO_0000357,single protein format
CHEMBL2020016,2,2,6.896355,6.896355,6.896355,6.896355,B,BAO_0000190,BAO_0000357,single protein format
CHEMBL2020732,16,16,9.158718125,9.05535,9.158718125,9.05535,B,BAO_0000190,BAO_0000019,assay format
CHEMBL2026606,1,1,6.18709,6.18709,6.18709,6.18709,B,BAO_0000190,BAO_0000357,single protein format
CHEMBL2049770,4,4,6.988785,6.986315,6.988785,6.986315,B,BAO_0000190,BAO_0000357,single protein format
CHEMBL2050824,8,8,5.36581125,5.084515,5.3779075,5.084515,B,BAO_0000190,BAO_0000357,single protein format
CHEMBL2066006,9,9,7.376998888888888,7.28651,7.439824444444444,7.28651,B,BAO_0000190,BAO_0000357,single protein format
CHEMBL2072352,4,4,6.136044999999999,5.63925,5.934713749999999,5.63925,B,BAO_0000190,BAO_0000357,single protein format
CHEMBL2090206,9,9,6.705895555555555,6.65758,6.66052,6.65758,B,BAO_0000190,BAO_0000357,single protein format
CHEMBL2148332,3,3,8.377583333333334,8.39362,8.377583333333334,8.39362,B,BAO_0000190,BAO_0000357,single protein format
CHEMBL2162577,2,2,6.544155,6.544155,6.544155,6.544155,B,BAO_0000190,BAO_0000357,single protein format
CHEMBL2166022,3,3,5.933086666666665,5.81248,5.927056666666666,5.825555,B,BAO_0000190,BAO_0000357,single protein format
CHEMBL2216409,10,10,5.767188,5.425775,5.767188,5.425775,B,BAO_0000190,BAO_0000357,single protein format
CHEMBL3053171,12,12,5.53127,5.1674050000000005,5.53127,5.1674050000000005,B,BAO_0000190,BAO_0000357,single protein format
CHEMBL3049408,7,7,7.361931428571428,7.0,7.3915178571428575,7.0,B,BAO_0000190,BAO_0000357,single protein format
CHEMBL3047076,46,46,5.940651739130434,5.859999999999999,5.9416704347826075,5.859999999999999,B,BAO_0000190,BAO_0000357,single protein format
CHEMBL3071788,7,7,7.489061428571429,7.92082,7.489061428571429,7.92082,B,BAO_0000190,BAO_0000357,single protein format
CHEMBL2319644,1,1,7.36653,7.36653,7.36653,7.36653,B,BAO_0000190,BAO_0000357,single protein format
CHEMBL2319650,2,2,7.426934999999999,7.426934999999999,6.61608,6.61608,B,BAO_0000190,BAO_0000357,single protein format
CHEMBL2329670,1,1,8.24413,8.24413,7.591620000000001,7.591620000000001,B,BAO_0000190,BAO_0000357,single protein format
CHEMBL2340978,1,1,7.34679,7.34679,7.115494999999999,7.115494999999999,B,BAO_0000190,BAO_0000357,single protein format
CHEMBL2345676,6,6,5.25185,5.19631,5.25185,5.19631,B,BAO_0000190,BAO_0000357,single protein format
CHEMBL2379310,11,11,5.989767272727272,5.74958,5.9819345454545445,5.74958,B,BAO_0000190,BAO_0000357,single protein format
CHEMBL2379629,1,1,9.39794,9.39794,9.16033,9.16033,B,BAO_0000190,BAO_0000357,single protein format
CHEMBL2384302,8,8,5.25487,5.2649799999999995,5.25487,5.2649799999999995,B,BAO_0000190,BAO_0000357,single protein format
CHEMBL2383512,1,1,5.75449,5.75449,5.75449,5.75449,B,BAO_0000190,BAO_0000357,single protein format
CHEMBL2388896,1,1,5.78781,5.78781,5.78781,5.78781,B,BAO_0000190,BAO_0000357,single protein format
CHEMBL2406149,3,3,6.61507,6.11919,6.183913333333334,6.11919,B,BAO_0000190,BAO_0000357,single protein format
CHEMBL2404670,5,5,5.471115999999999,5.18046,5.481266,5.18046,B,BAO_0000190,BAO_0000357,single protein format
CHEMBL2412264,2,2,6.60689,6.60689,6.7130925,6.7130925,B,BAO_0000190,BAO_0000357,single protein format
CHEMBL2416840,10,10,5.780545,5.762745,5.780545,5.762745,B,BAO_0000190,BAO_0000357,single protein format
CHEMBL2421450,10,10,6.0384839999999995,5.3849800000000005,6.0384839999999995,5.3849800000000005,B,BAO_0000190,BAO_0000357,single protein format
CHEMBL2429132,1,1,7.39794,7.39794,7.24413,7.24413,B,BAO_0000190,BAO_0000357,single protein format
CHEMBL2443822,19,19,6.347354736842105,6.33724,6.3796349999999995,6.32333,B,BAO_0000190,BAO_0000357,single protein format
CHEMBL2443821,19,19,6.395138421052632,6.31876,6.3628581578947365,6.32333,B,BAO_0000190,BAO_0000357,single protein format
CHEMBL3089681,4,4,5.79955,5.880475000000001,5.911965,5.880475000000001,B,BAO_0000190,BAO_0000357,single protein format
CHEMBL3090659,2,2,7.975389999999999,7.975389999999999,7.715042499999999,7.715042499999999,B,BAO_0000190,BAO_0000357,single protein format
CHEMBL3090662,2,2,6.400705,6.400705,6.5703175,6.5703175,B,BAO_0000190,BAO_0000357,single protein format
CHEMBL3089063,5,5,7.07664,6.98716,7.003242,6.98716,B,BAO_0000190,BAO_0000357,single protein format
CHEMBL3094808,5,5,6.850243999999999,6.91507,6.914503999999999,6.91507,B,BAO_0000190,BAO_0000357,single protein format
CHEMBL3095595,2,2,7.7648399999999995,7.7648399999999995,7.7648399999999995,7.7648399999999995,B,BAO_0000190,BAO_0000357,single protein format
CHEMBL3095604,11,11,7.24782909090909,7.39794,7.24782909090909,7.39794,B,BAO_0000190,BAO_0000357,single protein format
CHEMBL3097893,1,1,6.0,6.0,6.0,6.0,B,BAO_0000190,BAO_0000357,single protein format
CHEMBL3116513,5,5,5.661878,5.46725,5.661878,5.46725,B,BAO_0000190,BAO_0000357,single protein format
CHEMBL3116521,22,22,5.266489090909091,5.242145,5.266489090909091,5.242145,B,BAO_0000190,BAO_0000357,single protein format
CHEMBL3119244,9,9,5.193253333333335,5.14874,5.193253333333335,5.14874,B,BAO_0000190,BAO_0000357,single protein format
CHEMBL3124387,5,5,5.946778,6.02595,5.946778,6.02595,B,BAO_0000190,BAO_0000357,single protein format
CHEMBL3129678,3,3,5.701223333333334,5.41117,5.701223333333334,5.41117,B,BAO_0000190,BAO_0000019,assay format
CHEMBL3135735,11,11,5.816275454545455,5.87943,5.816275454545455,5.87943,B,BAO_0000190,BAO_0000357,single protein format
CHEMBL3227182,1,1,6.79588,6.79588,7.24413,7.24413,B,BAO_0000190,BAO_0000219,cell-based format
CHEMBL3225749,3,3,5.334790000000001,5.30103,5.334790000000001,5.30103,B,BAO_0000190,BAO_0000357,single protein format
CHEMBL3242491,1,1,5.04096,5.04096,5.04096,5.04096,B,BAO_0000190,BAO_0000357,single protein format
CHEMBL3239772,2,2,5.535515,5.535515,5.535515,5.535515,B,BAO_0000190,BAO_0000357,single protein format
CHEMBL3242019,1,1,5.72125,5.72125,5.72125,5.72125,B,BAO_0000190,BAO_0000357,single protein format
CHEMBL3238723,3,3,8.299726666666666,8.29757,8.299726666666666,8.29757,B,BAO_0000190,BAO_0000357,single protein format
CHEMBL3242185,6,6,6.624859999999999,6.68642,6.6872091666666655,6.68642,B,BAO_0000190,BAO_0000357,single protein format
CHEMBL3238626,13,13,8.112166923076924,8.4437,8.244135384615385,8.4437,B,BAO_0000190,BAO_0000357,single protein format
CHEMBL3243770,2,2,6.32352,6.32352,6.32352,6.32352,B,BAO_0000190,BAO_0000219,cell-based format
CHEMBL3271120,11,11,5.347718181818181,5.34679,5.347718181818181,5.34679,B,BAO_0000190,BAO_0000219,cell-based format
CHEMBL3265621,14,14,5.408031428571428,5.381985,5.408031428571428,5.381985,B,BAO_0000190,BAO_0000357,single protein format
CHEMBL3291994,8,8,6.2887525,6.045864999999999,6.33675375,6.045864999999999,B,BAO_0000190,BAO_0000357,single protein format
CHEMBL3383777,5,5,7.438702000000001,7.13966,7.417350000000001,7.13966,B,BAO_0000190,BAO_0000357,single protein format
CHEMBL3383297,1,1,7.69897,7.69897,7.591620000000001,7.591620000000001,B,BAO_0000190,BAO_0000357,single protein format
CHEMBL3380201,1,1,6.79588,6.79588,6.79588,6.79588,B,BAO_0000190,BAO_0000357,single protein format
CHEMBL3369130,25,13,6.3473624,6.27165,6.2948266,6.271825,B,BAO_0000190,BAO_0000357,single protein format
CHEMBL3379808,10,10,6.585218,6.59508,6.585218,6.59508,B,BAO_0000190,BAO_0000357,single protein format
CHEMBL3364163,2,2,7.319135,7.319135,7.1264225,7.1264225,B,BAO_0000190,BAO_0000357,single protein format
CHEMBL3363249,6,6,7.918705,7.84771,7.957426666666667,7.935295,B,BAO_0000190,BAO_0000357,single protein format
CHEMBL3367639,3,3,5.47417,5.60206,6.049836666666667,5.60206,B,BAO_0000190,BAO_0000357,single protein format
CHEMBL3367258,2,2,7.3640799999999995,7.3640799999999995,7.3640799999999995,7.3640799999999995,B,BAO_0000190,BAO_0000357,single protein format
CHEMBL3363282,2,2,6.779545,6.779545,6.951335,6.951335,B,BAO_0000190,BAO_0000357,single protein format
CHEMBL3390418,4,4,5.180955,5.172945,5.180955,5.172945,B,BAO_0000190,BAO_0000357,single protein format
CHEMBL3366740,4,4,8.185525,7.9557400000000005,8.1737775,7.9557400000000005,B,BAO_0000190,BAO_0000357,single protein format
CHEMBL3383711,27,27,5.475383333333333,5.36653,5.461598703703704,5.36653,B,BAO_0000190,BAO_0000357,single protein format
CHEMBL3372299,7,7,6.581181428571428,6.40871,6.532582857142857,6.40871,B,BAO_0000190,BAO_0000357,single protein format
CHEMBL3385584,5,5,7.023193999999999,6.95861,6.592770999999999,6.95861,B,BAO_0000190,BAO_0000357,single protein format
CHEMBL3390452,15,15,6.812515333333333,6.81531,6.824607,6.81531,B,BAO_0000190,BAO_0000357,single protein format
CHEMBL3387411,19,19,7.284205263157894,7.42022,7.277836842105262,7.42022,B,BAO_0000190,BAO_0000357,single protein format
CHEMBL3405465,4,4,7.7691925,7.713749999999999,7.7691925,7.713749999999999,B,BAO_0000190,BAO_0000357,single protein format
CHEMBL3404440,12,12,6.056965833333333,6.0334,6.056965833333333,6.0334,B,BAO_0000190,BAO_0000357,single protein format
CHEMBL3413435,7,7,5.435121428571429,5.33724,5.547599285714285,5.33724,B,BAO_0000190,BAO_0000219,cell-based format
CHEMBL3412979,7,7,6.706515714285715,6.64493,6.388705714285715,6.40304,B,BAO_0000190,BAO_0000357,single protein format
CHEMBL3420216,15,15,6.829676666666667,6.91721,6.809836000000001,6.91721,B,BAO_0000190,BAO_0000357,single protein format
CHEMBL3420825,1,1,6.56864,6.56864,6.56864,6.56864,B,BAO_0000190,BAO_0000357,single protein format
CHEMBL3419741,19,19,6.266233684210526,6.30452,6.266233684210526,6.30452,B,BAO_0000190,BAO_0000357,single protein format
CHEMBL3418565,2,2,7.70302,7.70302,7.70302,7.70302,B,BAO_0000190,BAO_0000357,single protein format
CHEMBL3579635,9,9,6.299885555555556,6.30103,6.299885555555556,6.30103,B,BAO_0000190,BAO_0000219,cell-based format
CHEMBL3584728,28,28,6.361938214285715,6.305835,6.361938214285715,6.305835,B,BAO_0000190,BAO_0000357,single protein format
CHEMBL3583257,1,1,5.00877,5.00877,5.00877,5.00877,B,BAO_0000190,BAO_0000019,assay format
CHEMBL3587609,3,3,6.368083333333334,6.22185,6.368083333333334,6.22185,B,BAO_0000190,BAO_0000357,single protein format
CHEMBL3588483,17,17,6.1713458823529415,6.10237,6.157681764705883,6.10237,B,BAO_0000190,BAO_0000357,single protein format
CHEMBL3588424,5,5,6.094304,6.04096,5.931261000000001,6.04096,B,BAO_0000190,BAO_0000357,single protein format
CHEMBL3588578,10,10,10.57106,10.57106,10.57106,10.57106,B,BAO_0000190,BAO_0000357,single protein format
CHEMBL3599814,1,1,5.10624,5.10624,5.10624,5.10624,B,BAO_0000190,BAO_0000357,single protein format
CHEMBL3599183,23,23,5.65595652173913,5.554,5.65595652173913,5.554,B,BAO_0000190,BAO_0000357,single protein format
CHEMBL3603059,6,6,8.438221666666665,8.44872,8.438221666666665,8.44872,B,BAO_0000190,BAO_0000357,single protein format
CHEMBL3607335,2,2,5.09732,5.09732,5.09732,5.09732,B,BAO_0000190,BAO_0000357,single protein format
CHEMBL3606356,8,8,6.98522875,7.0083,6.98522875,7.0083,B,BAO_0000190,BAO_0000219,cell-based format
CHEMBL3626513,5,5,7.504383999999999,7.22915,7.504383999999999,7.22915,B,BAO_0000190,BAO_0000019,assay format
CHEMBL3626446,20,20,6.82427,6.754375,6.8675827499999995,6.8013224999999995,B,BAO_0000190,BAO_0000357,single protein format
CHEMBL3626447,19,19,7.010960526315791,6.91721,6.965368157894737,6.814075,B,BAO_0000190,BAO_0000357,single protein format
CHEMBL3631132,17,17,5.975656470588236,5.56864,5.960230000000001,5.56864,B,BAO_0000190,BAO_0000357,single protein format
CHEMBL3635482,4,4,6.8361675,6.860625,6.8361675,6.860625,B,BAO_0000190,BAO_0000357,single protein format
CHEMBL3635777,22,22,6.194354545454544,6.18438,6.310199090909089,6.469564999999999,B,BAO_0000190,BAO_0000357,single protein format
CHEMBL3705962,18,18,7.46654888888889,7.531615,7.46654888888889,7.531615,B,BAO_0000190,BAO_0000357,single protein format
CHEMBL3738839,3,3,5.416083333333333,5.21467,5.431583333333333,5.221909999999999,B,BAO_0000190,BAO_0000357,single protein format
CHEMBL3738838,6,6,6.119666666666666,5.75502,6.111916666666667,5.7539725,B,BAO_0000190,BAO_0000357,single protein format
CHEMBL3738689,1,1,7.34679,7.34679,7.39794,7.39794,B,BAO_0000190,BAO_0000357,single protein format
CHEMBL3755054,2,2,5.22679,5.22679,5.22679,5.22679,B,BAO_0000190,BAO_0000357,single protein format
CHEMBL3758061,27,27,6.966825925925924,6.70115,6.969374814814814,6.70115,B,BAO_0000190,BAO_0000357,single protein format
CHEMBL3755285,1,1,5.24795,5.24795,5.24795,5.24795,B,BAO_0000190,BAO_0000357,single protein format
CHEMBL3761046,2,2,5.083235,5.083235,5.083235,5.083235,B,BAO_0000190,BAO_0000357,single protein format
CHEMBL3761952,1,1,6.22185,6.22185,7.115494999999999,7.115494999999999,B,BAO_0000190,BAO_0000357,single protein format
CHEMBL3768336,25,25,5.5605772,5.451,5.5605772,5.451,B,BAO_0000190,BAO_0000357,single protein format
CHEMBL3767513,5,5,6.047924,5.77211,6.047924,5.77211,B,BAO_0000190,BAO_0000357,single protein format
CHEMBL3772142,29,29,5.196422068965519,5.20066,5.196422068965519,5.20066,B,BAO_0000190,BAO_0000357,single protein format
CHEMBL3782617,1,1,6.52288,6.52288,6.52288,6.52288,B,BAO_0000190,BAO_0000357,single protein format
CHEMBL3789712,2,2,5.9313649999999996,5.9313649999999996,5.9313649999999996,5.9313649999999996,B,BAO_0000190,BAO_0000357,single protein format
CHEMBL3789779,13,13,7.635187692307692,7.70115,7.538514615384615,7.64956,B,BAO_0000190,BAO_0000357,single protein format
CHEMBL3810637,1,1,5.00436,5.00436,5.00436,5.00436,B,BAO_0000190,BAO_0000357,single protein format
CHEMBL3812614,2,2,8.10033,8.10033,7.81869,7.81869,B,BAO_0000190,BAO_0000357,single protein format
CHEMBL3821968,11,11,6.217494545454545,6.06905,6.217494545454545,6.06905,B,BAO_0000190,BAO_0000019,assay format
CHEMBL3822141,5,5,5.9236260000000005,5.73518,5.953069999999999,5.73518,B,BAO_0000190,BAO_0000357,single protein format
CHEMBL3819986,2,2,5.63144,5.63144,5.63144,5.63144,B,BAO_0000190,BAO_0000357,single protein format
CHEMBL3821774,15,15,6.0716579999999984,6.16115,6.085672666666666,6.273105,B,BAO_0000190,BAO_0000019,assay format
CHEMBL3826564,11,11,5.425225454545455,5.33442,5.364390909090909,5.33442,B,BAO_0000190,BAO_0000357,single protein format
CHEMBL3829830,21,21,6.902626666666667,6.90309,6.890500238095238,6.90309,B,BAO_0000190,BAO_0000219,cell-based format
CHEMBL3830392,3,3,5.9670266666666665,5.88606,5.9670266666666665,5.88606,B,BAO_0000190,BAO_0000357,single protein format
CHEMBL3829835,1,1,5.42022,5.42022,5.42022,5.42022,B,BAO_0000190,BAO_0000219,cell-based format
CHEMBL3860146,15,15,5.803084,5.95078,5.772885333333334,5.797795000000001,B,BAO_0000190,BAO_0000357,single protein format
CHEMBL3862302,7,7,6.249305714285714,5.82391,6.184428571428572,5.82391,B,BAO_0000190,BAO_0000219,cell-based format
CHEMBL3862972,2,2,6.407655,6.407655,6.407655,6.407655,B,BAO_0000190,BAO_0000357,single protein format
CHEMBL3869393,3,3,5.700966666666666,5.89963,5.700966666666666,5.89963,B,BAO_0000190,BAO_0000357,single protein format
CHEMBL3869993,2,2,5.5773399999999995,5.5773399999999995,5.5773399999999995,5.5773399999999995,B,BAO_0000190,BAO_0000357,single protein format
CHEMBL3870531,25,25,6.3593215999999995,6.61439,6.370236,6.61439,B,BAO_0000190,BAO_0000019,assay format
CHEMBL3872094,14,14,5.832967142857143,5.849705,5.825585357142857,5.814170000000001,B,BAO_0000190,BAO_0000357,single protein format
CHEMBL3875277,6,6,8.016125,7.95132,8.016125,7.95132,B,BAO_0000190,BAO_0000357,single protein format
CHEMBL3875498,1,1,6.73993,6.73993,6.400705,6.400705,B,BAO_0000190,BAO_0000357,single protein format
CHEMBL3877900,1,1,5.0,5.0,5.0,5.0,B,BAO_0000190,BAO_0000357,single protein format
CHEMBL3878258,1,1,7.48149,7.48149,7.48149,7.48149,B,BAO_0000190,BAO_0000357,single protein format
CHEMBL3887855,9,9,7.978303333333334,8.11919,7.9755,8.118905,B,BAO_0000190,BAO_0000357,single protein format
CHEMBL3887947,5,5,6.732533999999999,6.6925,6.732533999999999,6.6925,B,BAO_0000190,BAO_0000357,single protein format
CHEMBL3888161,29,29,6.059463448275863,6.04915,6.059463448275863,6.04915,B,BAO_0000190,BAO_0000357,single protein format
CHEMBL3995304,18,18,5.493953333333334,5.51684,5.493953333333334,5.51684,B,BAO_0000190,BAO_0000357,single protein format
CHEMBL4003224,5,5,5.7821299999999995,5.76195,5.7821299999999995,5.76195,B,BAO_0000190,BAO_0000219,cell-based format
CHEMBL4003327,1,1,6.95861,6.95861,6.95861,6.95861,B,BAO_0000190,BAO_0000357,single protein format
CHEMBL4003380,7,7,6.228908571428571,6.1549,6.249347142857142,6.1549,B,BAO_0000190,BAO_0000357,single protein format
CHEMBL4003411,35,35,5.258217142857144,5.13668,5.2808015714285705,5.13668,B,BAO_0000190,BAO_0000357,single protein format
CHEMBL4004919,1,1,6.59688,6.59688,6.59688,6.59688,B,BAO_0000190,BAO_0000357,single protein format
CHEMBL4005227,3,3,5.679496666666666,5.88606,5.679496666666666,5.88606,B,BAO_0000190,BAO_0000019,assay format
CHEMBL4010820,12,12,5.3056833333333335,5.316135,5.3056833333333335,5.316135,B,BAO_0000190,BAO_0000357,single protein format
CHEMBL4011760,1,1,5.41794,5.41794,5.41794,5.41794,B,BAO_0000190,BAO_0000219,cell-based format
CHEMBL4013232,18,18,7.428861666666667,7.5402000000000005,7.428861666666667,7.5402000000000005,B,BAO_0000190,BAO_0000219,cell-based format
CHEMBL4013257,1,1,7.69897,7.69897,7.69897,7.69897,B,BAO_0000190,BAO_0000357,single protein format
CHEMBL4017987,4,4,6.2555250000000004,6.1593800000000005,6.2555250000000004,6.1593800000000005,B,BAO_0000190,BAO_0000357,single protein format
CHEMBL4021113,1,1,5.09691,5.09691,5.09691,5.09691,B,BAO_0000190,BAO_0000357,single protein format
CHEMBL4021123,1,1,8.0,8.0,8.0,8.0,B,BAO_0000190,BAO_0000357,single protein format
CHEMBL4022474,6,6,5.734394999999999,5.53144,5.846194999999999,5.53144,B,BAO_0000190,BAO_0000357,single protein format
CHEMBL4023561,2,1,7.716445,7.716445,6.86646,6.86646,B,BAO_0000190,BAO_0000357,single protein format
CHEMBL4025947,1,1,5.45967,5.45967,5.45967,5.45967,B,BAO_0000190,BAO_0000219,cell-based format
CHEMBL4025937,1,1,5.17393,5.17393,5.17393,5.17393,B,BAO_0000190,BAO_0000019,assay format
CHEMBL4025926,2,2,6.8883849999999995,6.8883849999999995,6.8883849999999995,6.8883849999999995,B,BAO_0000190,BAO_0000357,single protein format
CHEMBL4027477,1,1,5.68403,5.68403,5.64054,5.64054,B,BAO_0000190,BAO_0000357,single protein format
CHEMBL4034179,13,13,8.13924846153846,8.38722,8.15208,8.38722,B,BAO_0000190,BAO_0000357,single protein format
CHEMBL4047916,1,1,5.11805,5.11805,5.11805,5.11805,B,BAO_0000190,BAO_0000357,single protein format
CHEMBL4048085,8,8,6.3864237500000005,6.19832,6.37022,6.19832,B,BAO_0000190,BAO_0000357,single protein format
CHEMBL4049960,23,23,5.809982608695651,5.74473,5.809982608695651,5.74473,B,BAO_0000190,BAO_0000357,single protein format
CHEMBL4050051,10,10,5.7848999999999995,5.88593,5.7848999999999995,5.88593,B,BAO_0000190,BAO_0000219,cell-based format
CHEMBL4054197,4,4,6.5939925,6.551875,6.5939925,6.551875,B,BAO_0000190,BAO_0000357,single protein format
CHEMBL4055501,1,1,6.22185,6.22185,6.86646,6.86646,B,BAO_0000190,BAO_0000357,single protein format
CHEMBL4058383,12,12,6.895026666666666,6.805095,6.919329166666667,6.805095,B,BAO_0000190,BAO_0000357,single protein format
CHEMBL4119281,5,5,5.139232,5.05799,5.139232,5.05799,B,BAO_0000190,BAO_0000357,single protein format
CHEMBL4125637,1,1,5.23284,5.23284,5.23284,5.23284,B,BAO_0000190,BAO_0000357,single protein format
CHEMBL4133355,3,3,6.438063333333333,6.14874,6.438063333333333,6.14874,B,BAO_0000190,BAO_0000357,single protein format
CHEMBL4133383,1,1,9.56864,9.56864,9.56864,9.56864,B,BAO_0000190,BAO_0000219,cell-based format
CHEMBL4133675,1,1,5.21467,5.21467,5.21467,5.21467,B,BAO_0000190,BAO_0000357,single protein format
CHEMBL4135304,8,8,5.67005625,5.44628,5.67005625,5.44628,B,BAO_0000190,BAO_0000357,single protein format
CHEMBL4137779,1,1,6.27572,6.27572,6.27572,6.27572,B,BAO_0000190,BAO_0000357,single protein format
CHEMBL4139305,1,1,7.50864,7.50864,7.50864,7.50864,B,BAO_0000190,BAO_0000019,assay format
CHEMBL4144749,1,1,5.72125,5.72125,5.782715,5.782715,B,BAO_0000190,BAO_0000357,single protein format
CHEMBL4146836,36,33,6.917103611111112,6.805075,6.920695277777779,6.805075,B,BAO_0000190,BAO_0000357,single protein format
CHEMBL4147546,9,9,6.3028988888888895,6.21467,6.3028988888888895,6.21467,B,BAO_0000190,BAO_0000357,single protein format
CHEMBL4151412,1,1,5.07572,5.07572,5.07572,5.07572,B,BAO_0000190,BAO_0000357,single protein format
CHEMBL4155648,12,12,7.2421775,7.334185,7.2421775,7.334185,B,BAO_0000190,BAO_0000019,assay format
CHEMBL4156282,5,5,5.685104000000001,5.27737,5.685104000000001,5.27737,B,BAO_0000190,BAO_0000219,cell-based format
CHEMBL4192783,20,20,9.3581925,10.583950000000002,9.3147275,10.583950000000002,B,BAO_0000190,BAO_0000357,single protein format
CHEMBL4192804,3,3,8.672233333333333,8.64782,8.672233333333333,8.64782,B,BAO_0000190,BAO_0000357,single protein format
CHEMBL4193313,12,12,6.904165000000002,6.984275,6.904165000000002,6.984275,B,BAO_0000190,BAO_0000357,single protein format
CHEMBL4193447,13,13,5.377185384615384,5.34104,5.368337307692307,5.33442,B,BAO_0000190,BAO_0000357,single protein format
CHEMBL4193992,19,19,7.417986842105264,7.5867,7.417986842105264,7.5867,B,BAO_0000190,BAO_0000357,single protein format
CHEMBL4197234,2,2,7.07536,7.07536,7.07536,7.07536,B,BAO_0000190,BAO_0000357,single protein format
CHEMBL4198693,21,21,6.450006666666667,6.7122,6.462787142857143,6.7122,B,BAO_0000190,BAO_0000357,single protein format
CHEMBL4200404,2,2,6.120165,6.120165,5.9331175,5.9331175,B,BAO_0000190,BAO_0000357,single protein format
CHEMBL4201331,3,3,5.830536666666667,5.58503,6.069721666666666,5.58503,B,BAO_0000190,BAO_0000357,single protein format
CHEMBL4220758,4,4,6.7822125,6.69995,6.92885,6.993225000000001,B,BAO_0000190,BAO_0000357,single protein format
CHEMBL4233921,5,5,7.575425999999998,7.52578,7.575425999999998,7.52578,B,BAO_0000190,BAO_0000357,single protein format
CHEMBL4255020,7,7,5.517971428571428,5.44977,5.613568571428572,5.84771,B,BAO_0000190,BAO_0000357,single protein format
CHEMBL4255631,11,11,7.489652727272727,7.63827,7.489652727272727,7.63827,B,BAO_0000190,BAO_0000357,single protein format
CHEMBL4256561,1,1,6.22915,6.22915,6.22915,6.22915,B,BAO_0000190,BAO_0000357,single protein format
CHEMBL4257762,3,3,7.80671,8.70006,7.80671,8.70006,B,BAO_0000190,BAO_0000219,cell-based format
CHEMBL4258147,2,2,5.568225,5.568225,5.568225,5.568225,B,BAO_0000190,BAO_0000357,single protein format
CHEMBL4262657,3,3,8.400363333333333,8.90309,8.400363333333333,8.90309,B,BAO_0000190,BAO_0000357,single protein format
CHEMBL4262667,1,1,9.36653,9.36653,9.36653,9.36653,B,BAO_0000190,BAO_0000357,single protein format
CHEMBL4262789,6,6,6.030366666666667,5.791805,6.027753333333333,5.791805,B,BAO_0000190,BAO_0000019,assay format
CHEMBL4268079,1,1,7.48149,7.48149,7.48149,7.48149,B,BAO_0000190,BAO_0000357,single protein format
CHEMBL4268090,1,1,9.0,9.0,9.0,9.0,B,BAO_0000190,BAO_0000357,single protein format
CHEMBL4268504,25,25,5.530490000000001,5.35164,5.530490000000001,5.35164,B,BAO_0000190,BAO_0000357,single protein format
CHEMBL4269353,4,4,5.331205000000001,5.32352,5.331205000000001,5.32352,A,BAO_0000190,BAO_0000357,single protein format
CHEMBL4269805,2,2,5.4864999999999995,5.4864999999999995,5.4864999999999995,5.4864999999999995,B,BAO_0000190,BAO_0000357,single protein format
CHEMBL4273241,29,29,6.464945517241379,6.4318,6.464945517241379,6.4318,B,BAO_0000190,BAO_0000219,cell-based format
CHEMBL4273356,1,1,6.94006,6.94006,6.86646,6.86646,A,BAO_0000190,BAO_0000357,single protein format
CHEMBL4274217,1,1,5.20066,5.20066,5.20066,5.20066,A,BAO_0000190,BAO_0000219,cell-based format
CHEMBL4274263,19,19,5.721156315789474,5.6517,5.725205526315789,5.65758,B,BAO_0000190,BAO_0000357,single protein format
CHEMBL4307312,1,1,6.3279,6.3279,6.3279,6.3279,B,BAO_0000190,BAO_0000357,single protein format
CHEMBL4307302,7,7,8.750905714285715,8.85387,8.777227142857143,8.85387,B,BAO_0000190,BAO_0000219,cell-based format
CHEMBL4314262,2,2,5.80138,5.80138,5.80138,5.80138,A,BAO_0000190,BAO_0000357,single protein format
CHEMBL4321436,1,1,5.79588,5.79588,5.782715,5.782715,B,BAO_0000190,BAO_0000357,single protein format
CHEMBL4323456,2,1,5.420109999999999,5.420109999999999,5.420109999999999,5.420109999999999,B,BAO_0000190,BAO_0000357,single protein format
CHEMBL4323457,4,2,5.986585,5.98817,5.986585,5.986585,B,BAO_0000190,BAO_0000357,single protein format
CHEMBL4326148,2,2,7.7112549999999995,7.7112549999999995,7.7112549999999995,7.7112549999999995,B,BAO_0000190,BAO_0000357,single protein format
CHEMBL4327337,6,6,6.041753333333333,6.0580549999999995,6.041753333333333,6.0580549999999995,B,BAO_0000190,BAO_0000357,single protein format
CHEMBL4329316,13,13,7.027354615384615,7.03905,7.027354615384615,7.03905,B,BAO_0000190,BAO_0000019,assay format
CHEMBL4334128,4,4,6.293872499999999,5.962225,6.21345625,5.98375,B,BAO_0000190,BAO_0000357,single protein format
CHEMBL4334660,1,1,5.18709,5.18709,5.18709,5.18709,B,BAO_0000190,BAO_0000219,cell-based format
CHEMBL4337207,1,1,7.85387,7.85387,7.85387,7.85387,B,BAO_0000190,BAO_0000357,single protein format
CHEMBL4337201,4,4,5.4960775,5.4604099999999995,5.66975125,5.707835,B,BAO_0000190,BAO_0000357,single protein format
CHEMBL4339337,17,17,5.881347058823529,5.97881,5.881347058823529,5.97881,B,BAO_0000190,BAO_0000357,single protein format
CHEMBL4342661,3,3,6.838260000000001,7.51286,6.959091666666666,7.51286,B,BAO_0000190,BAO_0000357,single protein format
CHEMBL4342665,1,1,8.44249,8.44249,8.44249,8.44249,B,BAO_0000190,BAO_0000357,single protein format
CHEMBL4342672,2,2,7.2381899999999995,7.2381899999999995,7.2381899999999995,7.2381899999999995,B,BAO_0000190,BAO_0000357,single protein format
CHEMBL4342682,2,2,8.504719999999999,8.504719999999999,8.504719999999999,8.504719999999999,B,BAO_0000190,BAO_0000357,single protein format
CHEMBL4342738,1,1,6.09151,6.09151,6.255865,6.255865,B,BAO_0000190,BAO_0000219,cell-based format
CHEMBL4342716,2,1,5.583745,5.583745,5.51428,5.51428,B,BAO_0000190,BAO_0000357,single protein format
CHEMBL4350090,6,6,5.357423333333333,5.26431,5.357423333333333,5.26431,B,BAO_0000190,BAO_0000357,single protein format
CHEMBL4353094,3,3,6.068953333333333,6.45593,6.002265,6.255865,B,BAO_0000190,BAO_0000357,single protein format
CHEMBL4353096,1,1,8.38616,8.38616,8.38616,8.38616,B,BAO_0000190,BAO_0000357,single protein format
CHEMBL4353104,1,1,5.74473,5.74473,5.74473,5.74473,B,BAO_0000190,BAO_0000357,single protein format
CHEMBL4353110,1,1,5.82391,5.82391,5.82391,5.82391,B,BAO_0000190,BAO_0000357,single protein format
CHEMBL4354297,1,1,5.51856,5.51856,5.782715,5.782715,B,BAO_0000190,BAO_0000219,cell-based format
CHEMBL4356264,15,15,7.786678666666668,7.89997,7.717778,7.70006,B,BAO_0000190,BAO_0000357,single protein format
CHEMBL4361991,11,11,6.523627272727273,6.34294,6.523627272727273,6.34294,A,BAO_0000190,BAO_0000219,cell-based format
CHEMBL4362801,2,2,6.566045,6.566045,6.566045,6.566045,B,BAO_0000190,BAO_0000019,assay format
CHEMBL4372536,1,1,5.08619,5.08619,5.08619,5.08619,B,BAO_0000190,BAO_0000357,single protein format
CHEMBL4376479,2,2,6.38123,6.38123,6.38123,6.38123,B,BAO_0000190,BAO_0000357,single protein format
CHEMBL4377054,1,1,6.07572,6.07572,6.07572,6.07572,B,BAO_0000190,BAO_0000219,cell-based format
CHEMBL4383312,1,1,6.284,6.284,6.284,6.284,B,BAO_0000190,BAO_0000357,single protein format
CHEMBL4385768,1,1,8.37675,8.37675,8.37675,8.37675,B,BAO_0000190,BAO_0000357,single protein format
CHEMBL4386873,1,1,7.42022,7.42022,7.42022,7.42022,B,BAO_0000190,BAO_0000357,single protein format
CHEMBL4391164,8,8,7.79285625,7.77261,7.79285625,7.77261,B,BAO_0000190,BAO_0000357,single protein format
CHEMBL4391927,23,23,6.865374347826085,6.92082,6.867451521739128,6.92082,B,BAO_0000190,BAO_0000357,single protein format
CHEMBL4393365,1,1,6.60206,6.60206,6.60206,6.60206,B,BAO_0000190,BAO_0000219,cell-based format
CHEMBL4400974,3,3,5.017776666666666,5.01323,5.017776666666666,5.01323,B,BAO_0000190,BAO_0000357,single protein format
CHEMBL4408814,25,25,7.0154748,7.07572,7.014246399999999,7.02641,B,BAO_0000190,BAO_0000357,single protein format
CHEMBL4410785,2,2,5.629935,5.629935,5.629935,5.629935,B,BAO_0000190,BAO_0000357,single protein format
CHEMBL4416188,1,1,6.39794,6.39794,6.39794,6.39794,A,BAO_0000190,BAO_0000357,single protein format
CHEMBL4424916,6,6,5.282178333333333,5.308915,5.282178333333333,5.308915,B,BAO_0000190,BAO_0000357,single protein format
CHEMBL4427529,1,1,5.00261,5.00261,5.00261,5.00261,B,BAO_0000190,BAO_0000357,single protein format
CHEMBL4431984,1,1,5.1986,5.1986,5.64054,5.64054,B,BAO_0000190,BAO_0000357,single protein format
CHEMBL4433401,28,28,5.820930714285715,5.7454,5.818048214285715,5.7236650000000004,B,BAO_0000190,BAO_0000357,single protein format
CHEMBL4478126,41,41,5.981885609756098,5.96257,5.981885609756098,5.96257,B,BAO_0000190,BAO_0000357,single protein format
CHEMBL4481753,1,1,5.36653,5.36653,7.115494999999999,7.115494999999999,B,BAO_0000190,BAO_0000357,single protein format
CHEMBL4603191,5,5,5.361870000000001,5.28233,5.361870000000001,5.28233,B,BAO_0000190,BAO_0000357,single protein format
CHEMBL4611478,7,7,7.053165714285714,7.04383,7.053165714285714,7.04383,B,BAO_0000190,BAO_0000357,single protein format
CHEMBL4613613,1,1,7.08092,7.08092,7.08092,7.08092,B,BAO_0000190,BAO_0000357,single protein format
CHEMBL4616017,5,4,6.870486,6.6517,7.0455119999999996,7.36653,B,BAO_0000190,BAO_0000357,single protein format
CHEMBL4617005,2,2,7.6609300000000005,7.6609300000000005,7.6609300000000005,7.6609300000000005,B,BAO_0000190,BAO_0000357,single protein format
CHEMBL4618042,8,8,6.7334075,6.30323,6.85527125,6.5692900000000005,B,BAO_0000190,BAO_0000357,single protein format
CHEMBL4627889,1,1,6.13077,6.13077,6.13077,6.13077,B,BAO_0000190,BAO_0000357,single protein format
CHEMBL4627888,1,1,6.29243,6.29243,6.29243,6.29243,B,BAO_0000190,BAO_0000357,single protein format
CHEMBL4668052,28,28,6.078072499999999,5.926285,6.073281428571428,5.926285,B,BAO_0000190,BAO_0000221,tissue-based format
CHEMBL4669404,2,2,5.788705,5.788705,7.0237750000000005,7.0237750000000005,B,BAO_0000190,BAO_0000357,single protein format
CHEMBL4673487,5,5,5.126271999999999,5.1343,5.126271999999999,5.1343,B,BAO_0000190,BAO_0000357,single protein format
CHEMBL4676758,1,1,6.09151,6.09151,6.09151,6.09151,B,BAO_0000190,BAO_0000357,single protein format
CHEMBL4676793,1,1,5.17328,5.17328,5.17328,5.17328,B,BAO_0000190,BAO_0000357,single protein format
CHEMBL4676796,2,2,5.391945,5.391945,5.6863925,5.6863925,B,BAO_0000190,BAO_0000357,single protein format
CHEMBL4681246,3,3,6.664553333333333,6.74473,6.664553333333333,6.74473,B,BAO_0000190,BAO_0000221,tissue-based format
CHEMBL4685851,10,10,5.761522,5.8805250000000004,5.761522,5.8805250000000004,B,BAO_0000190,BAO_0000219,cell-based format
CHEMBL4686681,2,2,5.104225,5.104225,5.104225,5.104225,A,BAO_0000190,BAO_0000019,assay format
CHEMBL4688568,15,15,5.756811333333332,5.4318,5.709517333333333,5.4318,B,BAO_0000190,BAO_0000219,cell-based format
CHEMBL4700585,13,13,5.813076153846153,5.72,5.871662307692308,5.72,B,BAO_0000190,BAO_0000221,tissue-based format
CHEMBL4703233,25,25,5.988509599999999,5.90623,5.988509599999999,5.90623,B,BAO_0000190,BAO_0000357,single protein format
CHEMBL4703678,1,1,7.07572,7.07572,6.86646,6.86646,B,BAO_0000190,BAO_0000357,single protein format
CHEMBL4704869,8,8,7.78091,7.875635,7.78091,7.875635,B,BAO_0000190,BAO_0000219,cell-based format
CHEMBL4704882,1,1,7.30103,7.30103,5.962305000000001,5.962305000000001,B,BAO_0000190,BAO_0000219,cell-based format
CHEMBL4705095,1,1,5.45593,5.45593,5.45593,5.45593,A,BAO_0000190,BAO_0000219,cell-based format
CHEMBL4707543,3,3,5.098403333333334,5.09151,5.27056,5.13493,B,BAO_0000190,BAO_0000221,tissue-based format
CHEMBL4708697,20,20,5.639987,5.60206,5.639987,5.60206,B,BAO_0000190,BAO_0000357,single protein format
CHEMBL4709942,2,2,6.663765,6.663765,6.663765,6.663765,B,BAO_0000190,BAO_0000357,single protein format
CHEMBL4710838,1,1,6.76955,6.76955,6.76955,6.76955,B,BAO_0000190,BAO_0000357,single protein format
CHEMBL4711085,22,22,7.3589840909090904,7.347275,7.3589840909090904,7.347275,B,BAO_0000190,BAO_0000357,single protein format
CHEMBL4712658,10,10,8.513348,8.44658,8.527077000000002,8.44658,B,BAO_0000190,BAO_0000357,single protein format
CHEMBL4712881,1,1,6.33724,6.33724,6.33724,6.33724,B,BAO_0000190,BAO_0000219,cell-based format
CHEMBL4714378,4,4,8.2310775,8.365245,8.2310775,8.365245,B,BAO_0000190,BAO_0000357,single protein format
CHEMBL4719111,5,5,5.57928,5.67366,5.57928,5.67366,B,BAO_0000190,BAO_0000357,single protein format
CHEMBL4727112,19,19,8.129783684210524,8.10292,8.129783684210524,8.10292,B,BAO_0000190,BAO_0000219,cell-based format
CHEMBL4729213,2,2,6.03417,6.03417,7.256220000000001,7.256220000000001,B,BAO_0000190,BAO_0000357,single protein format
CHEMBL4732780,3,3,5.27439,5.25337,5.27439,5.25337,B,BAO_0000190,BAO_0000357,single protein format
CHEMBL4738011,23,23,7.105308695652174,7.10149,7.105990434782609,7.10149,B,BAO_0000190,BAO_0000219,cell-based format
CHEMBL4738034,1,1,5.25649,5.25649,5.25649,5.25649,B,BAO_0000190,BAO_0000357,single protein format
CHEMBL4768259,14,14,6.115873571428572,6.26761,6.115873571428572,6.26761,B,BAO_0000190,BAO_0000357,single protein format
CHEMBL4768341,15,15,5.640462666666666,5.49485,5.640462666666666,5.49485,B,BAO_0000190,BAO_0000219,cell-based format
CHEMBL4769502,10,10,5.248082999999999,5.241845,5.248082999999999,5.241845,B,BAO_0000190,BAO_0000221,tissue-based format
CHEMBL4769582,5,5,5.382332,5.38902,5.382332,5.38902,B,BAO_0000190,BAO_0000357,single protein format
CHEMBL4769734,3,3,5.5252533333333345,5.46852,6.1679466666666665,5.46852,B,BAO_0000190,BAO_0000366,cell-free format
CHEMBL4770653,48,48,5.794253958333333,5.77372,5.807271770833334,5.77372,B,BAO_0000190,BAO_0000357,single protein format
CHEMBL4774393,1,1,8.19382,8.19382,8.19382,8.19382,B,BAO_0000190,BAO_0000019,assay format
CHEMBL4811142,5,5,5.766646,5.84771,5.783648,5.93272,B,BAO_0000190,BAO_0000219,cell-based format
CHEMBL4818719,21,21,5.916876666666666,5.80134,5.932342142857143,6.00966,B,BAO_0000190,BAO_0000357,single protein format
CHEMBL4821401,8,8,5.65773875,5.532814999999999,5.65773875,5.532814999999999,B,BAO_0000190,BAO_0000357,single protein format
CHEMBL4822909,11,11,6.786766363636364,6.70841,6.6430109090909095,6.67305,B,BAO_0000190,BAO_0000357,single protein format
CHEMBL4822912,5,5,7.571637999999998,7.91721,7.636187999999999,7.91721,B,BAO_0000190,BAO_0000357,single protein format
CHEMBL4825142,16,16,5.88218375,5.647925000000001,5.88218375,5.647925000000001,B,BAO_0000190,BAO_0000219,cell-based format
CHEMBL4826770,1,1,5.29499,5.29499,5.29499,5.29499,B,BAO_0000190,BAO_0000357,single protein format
CHEMBL4831994,26,26,6.495717307692307,6.06135,6.5047584615384615,6.06135,B,BAO_0000190,BAO_0000357,single protein format
CHEMBL4838950,8,8,6.6994912499999995,6.8904700000000005,6.6994912499999995,6.8904700000000005,B,BAO_0000190,BAO_0000221,tissue-based format
CHEMBL4839304,1,1,8.76955,8.76955,8.76955,8.76955,B,BAO_0000190,BAO_0000219,cell-based format
CHEMBL4844259,7,7,8.866051428571428,8.73993,8.866051428571428,8.73993,B,BAO_0000190,BAO_0000357,single protein format
CHEMBL5029796,5,5,5.750434,5.49757,5.859465999999999,5.49757,B,BAO_0000190,BAO_0000357,single protein format
CHEMBL5043646,7,7,7.535685714285714,7.65758,7.54774,7.61979,B,BAO_0000190,BAO_0000357,single protein format
CHEMBL5047404,2,2,8.683965,8.683965,8.414095,8.414095,B,BAO_0000190,BAO_0000219,cell-based format
CHEMBL5049167,17,17,6.141568823529411,6.07572,6.129465588235294,6.04096,B,BAO_0000190,BAO_0000357,single protein format
CHEMBL5055911,14,14,7.539775,7.743125,7.532852857142857,7.743125,B,BAO_0000190,BAO_0000357,single protein format
CHEMBL5097087,1,1,7.65365,7.65365,7.65365,7.65365,B,BAO_0000190,BAO_0000357,single protein format
CHEMBL5097096,1,1,7.20971,7.20971,7.20971,7.20971,B,BAO_0000190,BAO_0000357,single protein format
CHEMBL5097099,1,1,7.70553,7.70553,7.70553,7.70553,B,BAO_0000190,BAO_0000357,single protein format
CHEMBL5097116,1,1,5.13668,5.13668,5.13668,5.13668,B,BAO_0000190,BAO_0000357,single protein format
CHEMBL5097123,1,1,7.03621,7.03621,7.03621,7.03621,B,BAO_0000190,BAO_0000357,single protein format
CHEMBL5097128,2,2,7.8911,7.8911,7.8911,7.8911,B,BAO_0000190,BAO_0000357,single protein format
CHEMBL5097586,2,2,5.37309,5.37309,5.37309,5.37309,B,BAO_0000190,BAO_0000357,single protein format
CHEMBL5106126,10,10,6.4820530000000005,6.25498,6.46426,6.25498,B,BAO_0000190,BAO_0000366,cell-free format
CHEMBL5107917,9,9,6.402914444444445,6.09745,6.461012222222222,6.09745,B,BAO_0000190,BAO_0000357,single protein format
CHEMBL5111262,11,6,6.066442727272729,6.14813,6.066442727272727,6.174065000000001,B,BAO_0000190,BAO_0000357,single protein format
CHEMBL5113560,1,1,6.19382,6.19382,6.19382,6.19382,B,BAO_0000190,BAO_0000357,single protein format
CHEMBL5113580,2,2,5.101045,5.101045,5.101045,5.101045,B,BAO_0000190,BAO_0000357,single protein format
CHEMBL5113795,1,1,9.82391,9.82391,9.82391,9.82391,B,BAO_0000190,BAO_0000357,single protein format
CHEMBL5117328,11,11,5.3628136363636365,5.28904,5.529915909090909,5.34104,B,BAO_0000190,BAO_0000357,single protein format
CHEMBL5120154,10,10,5.832427999999999,5.826090000000001,5.903127499999999,5.9371125,B,BAO_0000190,BAO_0000357,single protein format
CHEMBL5122937,20,20,6.663402500000001,6.40808,6.663402500000001,6.40808,B,BAO_0000190,BAO_0000357,single protein format
CHEMBL5127001,1,1,5.24336,5.24336,5.24336,5.24336,B,BAO_0000190,BAO_0000357,single protein format
CHEMBL5127011,1,1,7.0,7.0,7.0,7.0,B,BAO_0000190,BAO_0000357,single protein format
CHEMBL5127036,1,1,5.62525,5.62525,5.527355,5.527355,B,BAO_0000190,BAO_0000357,single protein format
CHEMBL5127039,6,6,6.412921666666667,6.459735,6.538854166666667,6.6566849999999995,B,BAO_0000190,BAO_0000357,single protein format
CHEMBL5128221,1,1,5.5784,5.5784,5.5784,5.5784,B,BAO_0000190,BAO_0000357,single protein format
CHEMBL5128226,9,9,6.01821,5.74473,5.928618888888888,5.74473,B,BAO_0000190,BAO_0000357,single protein format
CHEMBL5128291,1,1,7.10237,7.10237,7.10237,7.10237,B,BAO_0000190,BAO_0000357,single protein format
CHEMBL5128410,1,1,5.58004,5.58004,5.58004,5.58004,B,BAO_0000190,BAO_0000357,single protein format
CHEMBL5128425,1,1,5.34679,5.34679,5.34679,5.34679,B,BAO_0000190,BAO_0000357,single protein format
CHEMBL5128428,1,1,7.45643,7.45643,7.45643,7.45643,B,BAO_0000190,BAO_0000357,single protein format
CHEMBL5128441,1,1,8.02045,8.02045,8.02045,8.02045,B,BAO_0000190,BAO_0000357,single protein format
CHEMBL5128444,1,1,5.28567,5.28567,5.28567,5.28567,B,BAO_0000190,BAO_0000357,single protein format
CHEMBL5128446,1,1,6.30103,6.30103,6.30103,6.30103,B,BAO_0000190,BAO_0000357,single protein format
CHEMBL5128460,1,1,7.52244,7.52244,7.52244,7.52244,B,BAO_0000190,BAO_0000357,single protein format
CHEMBL5128468,1,1,5.4828,5.4828,5.4828,5.4828,B,BAO_0000190,BAO_0000357,single protein format
CHEMBL5134981,2,2,7.17436,7.17436,7.17436,7.17436,B,BAO_0000190,BAO_0000357,single protein format
CHEMBL5135569,3,1,5.84527,5.85387,5.869965,5.869965,B,BAO_0000190,BAO_0000357,single protein format
CHEMBL5137924,4,4,6.6550975,6.79546,6.498,6.555295,B,BAO_0000190,BAO_0000357,single protein format
CHEMBL5145473,3,3,5.05704,5.05552,5.2629,5.13493,B,BAO_0000190,BAO_0000219,cell-based format
CHEMBL5147283,2,2,5.284785,5.284785,5.284785,5.284785,B,BAO_0000190,BAO_0000357,single protein format
CHEMBL5152578,1,1,5.09691,5.09691,5.09691,5.09691,B,BAO_0000190,BAO_0000357,single protein format
CHEMBL5158290,28,28,6.337158571428572,6.3198550000000004,6.359048214285714,6.3198550000000004,B,BAO_0000190,BAO_0000219,cell-based format
CHEMBL5158301,1,1,7.03152,7.03152,7.03152,7.03152,B,BAO_0000190,BAO_0000357,single protein format
CHEMBL5159373,5,5,5.957046,5.47886,5.957046,5.47886,B,BAO_0000190,BAO_0000357,single protein format
CHEMBL5161346,6,6,7.546775000000001,7.86402,7.770965000000001,7.86402,B,BAO_0000190,BAO_0000357,single protein format
CHEMBL5161926,6,6,6.1949250000000005,6.341175,6.1949250000000005,6.341175,B,BAO_0000190,BAO_0000357,single protein format
CHEMBL5214217,1,1,5.25964,5.25964,5.25964,5.25964,B,BAO_0000190,BAO_0000357,single protein format
CHEMBL5213742,1,1,6.60206,6.60206,6.60206,6.60206,B,BAO_0000190,BAO_0000357,single protein format
CHEMBL5215030,2,2,8.292515,8.292515,8.292515,8.292515,B,BAO_0000190,BAO_0000357,single protein format
CHEMBL5216357,4,4,7.069627499999999,7.531745,7.0217525,7.42082,B,BAO_0000190,BAO_0000357,single protein format
CHEMBL5216366,1,1,8.39794,8.39794,7.98329,7.98329,B,BAO_0000190,BAO_0000357,single protein format
CHEMBL5216373,1,1,8.1549,8.1549,8.1549,8.1549,B,BAO_0000190,BAO_0000357,single protein format
CHEMBL5216374,3,3,7.341640000000001,7.23657,7.341640000000001,7.23657,B,BAO_0000190,BAO_0000357,single protein format
CHEMBL5216377,1,1,5.38195,5.38195,5.38195,5.38195,B,BAO_0000190,BAO_0000357,single protein format
CHEMBL5216381,2,2,7.66898,7.66898,7.53961,7.53961,B,BAO_0000190,BAO_0000357,single protein format
CHEMBL5216382,2,2,9.080075,9.080075,9.080075,9.080075,B,BAO_0000190,BAO_0000357,single protein format
CHEMBL5216385,2,2,9.02875,9.02875,9.02875,9.02875,B,BAO_0000190,BAO_0000357,single protein format
CHEMBL5216393,1,1,6.60206,6.60206,6.60206,6.60206,B,BAO_0000190,BAO_0000019,assay format
CHEMBL5216408,2,2,6.19897,6.19897,6.19897,6.19897,B,BAO_0000190,BAO_0000357,single protein format
CHEMBL5216414,2,2,6.633065,6.633065,6.633065,6.633065,B,BAO_0000190,BAO_0000357,single protein format
CHEMBL5216418,2,2,7.555295000000001,7.555295000000001,7.555295000000001,7.555295000000001,B,BAO_0000190,BAO_0000357,single protein format
CHEMBL5216438,1,1,9.67985,9.67985,9.67985,9.67985,B,BAO_0000190,BAO_0000357,single protein format
CHEMBL5216448,1,1,6.56225,6.56225,6.56225,6.56225,B,BAO_0000190,BAO_0000357,single protein format
CHEMBL5217010,1,1,5.92812,5.92812,6.86646,6.86646,B,BAO_0000190,BAO_0000357,single protein format
CHEMBL5218078,1,1,5.26761,5.26761,5.26761,5.26761,B,BAO_0000190,BAO_0000357,single protein format
CHEMBL5223558,7,7,6.500615714285715,6.37469,6.460057857142857,6.2636,B,BAO_0000190,BAO_0000357,single protein format
CHEMBL5223694,1,1,5.1,5.1,5.11983,5.11983,B,BAO_0000190,BAO_0000357,single protein format
CHEMBL5224199,1,1,5.0,5.0,5.0,5.0,B,BAO_0000190,BAO_0000357,single protein format
CHEMBL5224202,2,2,5.150515,5.150515,5.1421600000000005,5.1421600000000005,B,BAO_0000190,BAO_0000357,single protein format
CHEMBL5224216,1,1,5.69897,5.69897,5.69897,5.69897,B,BAO_0000190,BAO_0000219,cell-based format
CHEMBL5224225,1,1,7.04576,7.04576,7.04576,7.04576,B,BAO_0000190,BAO_0000357,single protein format
CHEMBL5224226,1,1,7.0,7.0,7.0,7.0,B,BAO_0000190,BAO_0000357,single protein format
CHEMBL5224787,9,9,6.565702222222222,6.45593,6.565702222222222,6.45593,B,BAO_0000190,BAO_0000357,single protein format
CHEMBL5226616,2,2,5.462225,5.462225,5.462225,5.462225,B,BAO_0000190,BAO_0000357,single protein format
CHEMBL5226795,3,3,5.6396733333333335,5.63639,5.6396733333333335,5.63639,B,BAO_0000190,BAO_0000357,single protein format
CHEMBL5228415,2,2,7.424775,7.424775,7.424775,7.424775,B,BAO_0000190,BAO_0000357,single protein format
CHEMBL5231685,1,1,7.51627,7.51627,7.51627,7.51627,B,BAO_0000190,BAO_0000357,single protein format
CHEMBL5231688,1,1,6.26761,6.26761,6.26761,6.26761,B,BAO_0000190,BAO_0000357,single protein format
CHEMBL5232247,1,1,5.4318,5.4318,5.4318,5.4318,B,BAO_0000190,BAO_0000357,single protein format
CHEMBL5233358,3,3,5.653926666666666,5.49485,5.653926666666666,5.49485,B,BAO_0000190,BAO_0000357,single protein format
CHEMBL5235525,23,19,6.747285217391303,6.52288,6.789898913043477,6.5376,B,BAO_0000190,BAO_0000357,single protein format
CHEMBL5235527,5,5,6.166656000000001,6.37675,6.242553000000001,6.37675,B,BAO_0000190,BAO_0000357,single protein format
CHEMBL5235528,7,7,6.327101428571427,6.61979,6.301515714285713,6.52288,B,BAO_0000190,BAO_0000357,single protein format
CHEMBL5235529,8,8,6.19616125,5.77258,6.19616125,5.77258,B,BAO_0000190,BAO_0000357,single protein format
CHEMBL5237837,1,1,6.52288,6.52288,6.52288,6.52288,B,BAO_0000190,BAO_0000357,single protein format
CHEMBL5240692,8,8,5.54723375,5.464945,5.54723375,5.464945,B,BAO_0000190,BAO_0000219,cell-based format
CHEMBL5241707,1,1,5.10182,5.10182,5.10182,5.10182,B,BAO_0000190,BAO_0000357,single protein format
CHEMBL5241709,49,47,7.316598163265306,7.73755,7.358413367346938,7.73755,B,BAO_0000190,BAO_0000357,single protein format
CHEMBL5244521,16,16,5.52288,5.52288,5.52122125,5.52288,B,BAO_0000190,BAO_0000357,single protein format
CHEMBL5248789,5,5,6.17141,6.24413,6.17141,6.24413,B,BAO_0000190,BAO_0000357,single protein format
CHEMBL5251192,1,1,5.11862,5.11862,5.11862,5.11862,B,BAO_0000190,BAO_0000357,single protein format
CHEMBL5254621,13,13,6.700079230769232,6.97964,6.729981538461539,6.97964,B,BAO_0000190,BAO_0000357,single protein format
CHEMBL5254625,1,1,9.284,9.284,9.284,9.284,B,BAO_0000190,BAO_0000357,single protein format
CHEMBL5256378,18,18,5.585125000000001,5.44374,5.585125000000001,5.44374,B,BAO_0000190,BAO_0000357,single protein format
CHEMBL5265203,13,13,7.703196923076923,8.19654,7.664892307692308,8.19654,B,BAO_0000190,BAO_0000357,single protein format
CHEMBL5303778,1,1,5.1,5.1,5.1,5.1,B,BAO_0000190,BAO_0000357,single protein format
CHEMBL5322183,1,1,5.48945,5.48945,5.48945,5.48945,B,BAO_0000190,BAO_0000357,single protein format
CHEMBL5328229,5,5,7.307092,7.23433,7.307092,7.23433,B,BAO_0000190,BAO_0000357,single protein format
CHEMBL5332047,1,1,5.32514,5.32514,5.213480000000001,5.213480000000001,B,BAO_0000190,BAO_0000357,single protein format
CHEMBL5332064,1,1,5.10182,5.10182,5.213480000000001,5.213480000000001,B,BAO_0000190,BAO_0000357,single protein format
CHEMBL5333551,19,19,5.806241578947368,5.83684,5.806241578947368,5.83684,B,BAO_0000190,BAO_0000357,single protein format
CHEMBL5336023,7,7,5.382322857142857,5.37059,5.382322857142857,5.37059,B,BAO_0000190,BAO_0000357,single protein format
CHEMBL5339525,4,4,6.7375025,6.685805,6.7375025,6.685805,B,BAO_0000190,BAO_0000357,single protein format
CHEMBL5339528,1,1,7.74473,7.74473,7.74473,7.74473,B,BAO_0000190,BAO_0000357,single protein format
CHEMBL5339533,1,1,6.88606,6.88606,7.046835,7.046835,B,BAO_0000190,BAO_0000357,single protein format
CHEMBL5339548,1,1,7.19382,7.19382,7.19382,7.19382,B,BAO_0000190,BAO_0000357,single protein format
CHEMBL5339551,1,1,7.22185,7.22185,7.22185,7.22185,B,BAO_0000190,BAO_0000357,single protein format
CHEMBL5339557,1,1,6.04096,6.04096,6.04096,6.04096,B,BAO_0000190,BAO_0000357,single protein format
CHEMBL5339579,1,1,6.49485,6.49485,6.49485,6.49485,B,BAO_0000190,BAO_0000357,single protein format
CHEMBL5339584,1,1,5.55596,5.55596,5.55596,5.55596,B,BAO_0000190,BAO_0000357,single protein format
CHEMBL5339587,1,1,5.13668,5.13668,5.13668,5.13668,B,BAO_0000190,BAO_0000357,single protein format
CHEMBL5341188,8,4,5.23943375,5.223395,5.23943375,5.2273175,B,BAO_0000190,BAO_0000357,single protein format
CHEMBL5341227,3,3,5.79742,5.82391,5.79742,5.82391,B,BAO_0000190,BAO_0000357,single protein format
CHEMBL5344489,6,6,6.192166666666666,6.138605,6.192166666666666,6.138605,B,BAO_0000190,BAO_0000357,single protein format
CHEMBL5355279,1,1,9.85387,9.85387,9.85387,9.85387,B,BAO_0000190,BAO_0000219,cell-based format
CHEMBL5355282,8,8,9.1842075,9.26144,9.1842075,9.26144,B,BAO_0000190,BAO_0000357,single protein format
CHEMBL5357280,1,1,6.52288,6.52288,6.52288,6.52288,B,BAO_0000190,BAO_0000357,single protein format
CHEMBL5357679,1,1,5.26841,5.26841,5.26841,5.26841,B,BAO_0000190,BAO_0000357,single protein format
CHEMBL5358702,1,1,6.79588,6.79588,6.79588,6.79588,B,BAO_0000190,BAO_0000357,single protein format
CHEMBL5359759,1,1,5.71287,5.71287,5.71287,5.71287,B,BAO_0000190,BAO_0000357,single protein format
CHEMBL5359761,1,1,7.76955,7.76955,7.76955,7.76955,B,BAO_0000190,BAO_0000357,single protein format
CHEMBL5359765,2,2,6.161384999999999,6.161384999999999,6.40601,6.40601,B,BAO_0000190,BAO_0000357,single protein format
CHEMBL5362932,12,12,5.482387499999999,5.496790000000001,5.482387499999999,5.496790000000001,B,BAO_0000190,BAO_0000357,single protein format
CHEMBL5363199,1,1,5.61979,5.61979,5.61979,5.61979,B,BAO_0000190,BAO_0000357,single protein format
CHEMBL5363205,2,2,6.055655,6.055655,6.055655,6.055655,B,BAO_0000190,BAO_0000357,single protein format
CHEMBL5385331,4,2,5.249805,5.2496100000000006,5.249805,5.249805,B,BAO_0000190,BAO_0000357,single protein format
CHEMBL5387529,1,1,5.74715,5.74715,5.635015,5.635015,B,BAO_0000190,BAO_0000357,single protein format
CHEMBL5391610,1,1,5.06956,5.06956,5.06956,5.06956,B,BAO_0000190,BAO_0000357,single protein format
CHEMBL5393547,1,1,5.767,5.767,5.767,5.767,B,BAO_0000190,BAO_0000219,cell-based format
CHEMBL5502003,18,18,6.026503333333333,6.02366,6.026503333333333,6.02366,B,BAO_0000190,BAO_0000219,cell-based format
CHEMBL5502544,15,15,6.042998666666666,5.9974,6.042998666666666,5.9974,B,BAO_0000190,BAO_0000357,single protein format
CHEMBL5502615,1,1,7.6784,7.6784,7.6784,7.6784,B,BAO_0000190,BAO_0000357,single protein format
CHEMBL5502619,1,1,6.71897,6.71897,6.71897,6.71897,B,BAO_0000190,BAO_0000357,single protein format
CHEMBL5506282,1,1,9.36653,9.36653,9.36653,9.36653,B,BAO_0000190,BAO_0000357,single protein format
CHEMBL5506600,1,1,6.82391,6.82391,6.82391,6.82391,B,BAO_0000190,BAO_0000357,single protein format
CHEMBL5506604,1,1,7.25964,7.25964,7.25964,7.25964,B,BAO_0000190,BAO_0000219,cell-based format
CHEMBL5506610,1,1,6.49485,6.49485,6.49485,6.49485,B,BAO_0000190,BAO_0000357,single protein format
CHEMBL5528685,2,2,7.70181,7.70181,7.70181,7.70181,B,BAO_0000190,BAO_0000357,single protein format
CHEMBL5529083,32,32,6.9097115625,6.817729999999999,6.9097115625,6.817729999999999,B,BAO_0000190,BAO_0000357,single protein format
CHEMBL5536823,12,12,7.011888333333334,6.9850650000000005,7.011888333333334,6.9850650000000005,B,BAO_0000190,BAO_0000019,assay format
CHEMBL5542067,1,1,5.52288,5.52288,5.635015,5.635015,B,BAO_0000190,BAO_0000357,single protein format
CHEMBL5543838,28,28,5.418297142857142,5.3980250000000005,5.413559464285713,5.3980250000000005,B,BAO_0000190,BAO_0000357,single protein format
CHEMBL5550742,1,1,5.32883,5.32883,5.32883,5.32883,B,BAO_0000190,BAO_0000357,single protein format
CHEMBL5552532,11,11,5.779769090909091,5.74958,5.779769090909091,5.74958,B,BAO_0000190,BAO_0000219,cell-based format
CHEMBL5577000,14,14,5.714439999999998,5.71444,5.714439999999998,5.71444,B,BAO_0000190,BAO_0000357,single protein format
CHEMBL5577002,5,5,6.866460000000001,6.86646,6.866460000000001,6.86646,B,BAO_0000190,BAO_0000357,single protein format
CHEMBL5580691,4,4,6.3056925,6.08559,6.306674999999999,6.08559,B,BAO_0000190,BAO_0000357,single protein format
CHEMBL5580694,1,1,6.05061,6.05061,6.05061,6.05061,B,BAO_0000190,BAO_0000219,cell-based format
CHEMBL5580696,3,3,5.43847,5.35655,5.43847,5.35655,B,BAO_0000190,BAO_0000357,single protein format
CHEMBL5580699,1,1,5.72125,5.72125,5.72125,5.72125,B,BAO_0000190,BAO_0000219,cell-based format
CHEMBL5580722,1,1,7.0,7.0,7.0,7.0,B,BAO_0000190,BAO_0000357,single protein format
CHEMBL5580724,1,1,5.37779,5.37779,5.37779,5.37779,B,BAO_0000190,BAO_0000357,single protein format
CHEMBL5580732,1,1,7.5376,7.5376,7.5376,7.5376,B,BAO_0000190,BAO_0000357,single protein format
CHEMBL5584915,8,8,5.95806,5.937445,5.95806,5.937445,B,BAO_0000190,BAO_0000357,single protein format
CHEMBL5587617,2,2,6.6566849999999995,6.6566849999999995,6.6566849999999995,6.6566849999999995,B,BAO_0000190,BAO_0000357,single protein format
CHEMBL5608454,3,3,6.035523333333333,5.78781,7.497384999999999,7.49485,B,BAO_0000190,BAO_0000357,single protein format
CHEMBL5625542,3,3,6.1597100000000005,6.09691,6.1597100000000005,6.09691,B,BAO_0000190,BAO_0000357,single protein format
CHEMBL5626978,5,5,6.496017999999999,6.3279,6.496017999999999,6.3279,B,BAO_0000190,BAO_0000357,single protein format
CHEMBL5627005,2,2,5.13847,5.13847,5.13847,5.13847,B,BAO_0000190,BAO_0000357,single protein format
CHEMBL5634693,1,1,6.6517,6.6517,6.6517,6.6517,B,BAO_0000190,BAO_0000357,single protein format
CHEMBL5635997,3,3,6.334756666666667,6.11805,6.334756666666667,6.11805,B,BAO_0000190,BAO_0000357,single protein format
CHEMBL5637766,13,13,5.990352307692307,6.09151,6.062201538461538,6.09151,B,BAO_0000190,BAO_0000357,single protein format
CHEMBL5731540,2,2,5.327605,5.327605,5.327605,5.327605,B,BAO_0000190,BAO_0000357,single protein format
CHEMBL5732338,17,17,6.440116470588236,6.4034,6.455205588235294,6.4034,B,BAO_0000190,BAO_0000019,assay format
CHEMBL6077328,11,11,7.84761090909091,7.66878,7.84761090909091,7.66878,B,BAO_0000190,BAO_0000219,cell-based format
CHEMBL6078819,3,3,5.174296666666667,5.18376,5.174296666666667,5.18376,B,BAO_0000190,BAO_0000357,single protein format
CHEMBL6080378,1,1,5.77728,5.77728,5.77728,5.77728,B,BAO_0000190,BAO_0000357,single protein format
CHEMBL6083504,3,3,5.632813333333334,5.59007,5.632813333333334,5.59007,B,BAO_0000190,BAO_0000357,single protein format
CHEMBL6083514,3,3,5.956556666666667,5.51713,5.956556666666667,5.51713,B,BAO_0000190,BAO_0000357,single protein format
CHEMBL6092585,4,4,6.108442500000001,6.18962,6.14549375,6.2637225,B,BAO_0000190,BAO_0000357,single protein format
CHEMBL6092587,1,1,5.45346,5.45346,5.782715,5.782715,B,BAO_0000190,BAO_0000357,single protein format
CHEMBL6092658,6,6,6.938031666666667,6.83375,6.938031666666667,6.83375,B,BAO_0000190,BAO_0000219,cell-based format
CHEMBL6095432,11,11,7.015961818181818,7.05998,7.019697727272727,7.05998,B,BAO_0000190,BAO_0000219,cell-based format
CHEMBL6095517,14,14,5.381843571428573,5.19898,5.381843571428573,5.19898,B,BAO_0000190,BAO_0000357,single protein format
CHEMBL6095524,1,1,6.01773,6.01773,5.93272,5.93272,B,BAO_0000190,BAO_0000357,single protein format
CHEMBL6105286,3,3,5.297933333333333,5.23359,5.297933333333333,5.23359,B,BAO_0000190,BAO_0000357,single protein format
CHEMBL6105678,3,3,6.613499999999999,7.14874,6.613499999999999,7.14874,B,BAO_0000190,BAO_0000357,single protein format
CHEMBL6107997,3,3,5.509519999999999,5.34679,6.08877,5.34679,B,BAO_0000190,BAO_0000357,single protein format
CHEMBL6115623,3,3,5.906680000000001,6.04576,5.906680000000001,6.04576,B,BAO_0000190,BAO_0000357,single protein format
CHEMBL6115624,2,2,6.863085,6.863085,6.863085,6.863085,B,BAO_0000190,BAO_0000357,single protein format
CHEMBL6115626,1,1,5.2426,5.2426,5.2426,5.2426,B,BAO_0000190,BAO_0000357,single protein format
CHEMBL6115628,2,2,6.72636,6.72636,6.72636,6.72636,B,BAO_0000190,BAO_0000357,single protein format
CHEMBL6115632,1,1,5.14206,5.14206,5.14206,5.14206,B,BAO_0000190,BAO_0000357,single protein format
CHEMBL6117388,1,1,6.00877,6.00877,6.00877,6.00877,B,BAO_0000190,BAO_0000357,single protein format
CHEMBL6117393,1,1,6.66154,6.66154,6.66154,6.66154,B,BAO_0000190,BAO_0000357,single protein format
CHEMBL6124325,8,8,5.792135,5.8221799999999995,5.96335625,5.8221799999999995,B,BAO_0000190,BAO_0000357,single protein format
CHEMBL6124464,11,11,6.105104545454545,6.28912,6.102115909090909,6.28912,B,BAO_0000190,BAO_0000019,assay format
CHEMBL6128008,6,6,6.235923333333333,6.090625,6.176691666666667,6.090625,B,BAO_0000190,BAO_0000357,single protein format
CHEMBL6128014,3,3,8.368263333333333,8.20066,8.368263333333333,8.20066,B,BAO_0000190,BAO_0000357,single protein format
CHEMBL6128015,5,5,7.854576,7.52288,7.743854999999999,7.49485,B,BAO_0000190,BAO_0000357,single protein format
CHEMBL6128021,3,3,6.808416666666666,6.8041,6.808416666666666,6.8041,B,BAO_0000190,BAO_0000357,single protein format
CHEMBL6128025,5,5,7.4535219999999995,7.52288,7.4535219999999995,7.52288,B,BAO_0000190,BAO_0000357,single protein format
CHEMBL6128029,2,2,6.96777,6.96777,6.96777,6.96777,B,BAO_0000190,BAO_0000357,single protein format
CHEMBL6128031,2,2,5.690185,5.690185,5.8321375,5.8321375,B,BAO_0000190,BAO_0000357,single protein format
CHEMBL6128035,3,3,5.366593333333333,5.25337,5.366593333333333,5.25337,B,BAO_0000190,BAO_0000357,single protein format
CHEMBL6136009,1,1,6.4318,6.4318,6.4318,6.4318,B,BAO_0000190,BAO_0000357,single protein format
CHEMBL6136017,11,11,5.504548181818181,5.47108,5.504548181818181,5.47108,B,BAO_0000190,BAO_0000357,single protein format
CHEMBL6140524,17,17,6.182323529411764,6.16941,6.190126764705882,6.16941,B,BAO_0000190,BAO_0000357,single protein format
CHEMBL6158745,2,2,5.923855,5.923855,5.4657275,5.4657275,B,BAO_0000190,BAO_0000357,single protein format
CHEMBL6178592,2,2,7.37848,7.37848,7.37848,7.37848,B,BAO_0000190,BAO_0000357,single protein format
CHEMBL6178598,4,4,6.1246925,5.948235,6.08449875,5.948235,B,BAO_0000190,BAO_0000219,cell-based format
CHEMBL6179076,3,3,6.946920000000001,6.94692,6.946920000000001,6.94692,B,BAO_0000190,BAO_0000357,single protein format
CHEMBL6182969,1,1,6.37675,6.37675,6.37675,6.37675,B,BAO_0000190,BAO_0000357,single protein format
CHEMBL6183007,1,1,9.31876,9.31876,9.31876,9.31876,B,BAO_0000190,BAO_0000357,single protein format
CHEMBL6183009,1,1,6.39794,6.39794,6.39794,6.39794,B,BAO_0000190,BAO_0000357,single protein format
CHEMBL6183244,3,3,7.94068,7.95468,7.94068,7.95468,B,BAO_0000190,BAO_0000357,single protein format
