source_index,InChIkey,cleaned_smiles,molecule_chembl_id,parent_molecule_chembl_id,activity_id,record_id,classification,component_count,components,warning
400,HJQWOPNMCWHTII-OIBOYYEISA-N,CNC(=O)Oc1ccc2c(c1)[C@]1(C)CC[N+](C)(C)C1N2C.COS(=O)(=O)[O-],CHEMBL539109,CHEMBL136526,645329,287886,small charged fragment; residual salt or counterion candidate,2,"[{""carbon_atoms"": 16, ""elements"": ""C,N,O"", ""formal_charge"": 1, ""heavy_atoms"": 21, ""smiles"": ""CNC(=O)Oc1ccc2c(c1)[C@]1(C)CC[N+](C)(C)C1N2C""}, {""carbon_atoms"": 1, ""elements"": ""C,O,S"", ""formal_charge"": -1, ""heavy_atoms"": 6, ""smiles"": ""COS(=O)(=O)[O-]""}]",Disconnected fragments remain after salt removal
584,HZOTZTANVBDFOF-PBCQUBLHSA-N,CNC(=O)Oc1ccc2c(c1)[C@]1(C)CCN(C)[C@@H]1N2C.O=C(O)c1ccccc1O,CHEMBL338975,CHEMBL94,833026,231955,multiple substantial organic components; mixture or multicomponent entity uncertain,2,"[{""carbon_atoms"": 15, ""elements"": ""C,N,O"", ""formal_charge"": 0, ""heavy_atoms"": 20, ""smiles"": ""CNC(=O)Oc1ccc2c(c1)[C@]1(C)CCN(C)[C@@H]1N2C""}, {""carbon_atoms"": 7, ""elements"": ""C,O"", ""formal_charge"": 0, ""heavy_atoms"": 10, ""smiles"": ""O=C(O)c1ccccc1O""}]",Disconnected fragments remain after salt removal
648,LZVMXWWPYZKCHX-LCOAMIHASA-N,CCCCCCNC(=O)Oc1ccc2c(c1)[C@]1(C)CCN(CCC)C1C2.Cc1ccc(C(=O)OC(C(=O)O)C(OC(=O)c2ccc(C)cc2)C(=O)O)cc1,CHEMBL2448609,CHEMBL2448608,947450,49750,multiple substantial organic components; mixture or multicomponent entity uncertain,2,"[{""carbon_atoms"": 20, ""elements"": ""C,O"", ""formal_charge"": 0, ""heavy_atoms"": 28, ""smiles"": ""Cc1ccc(C(=O)OC(C(=O)O)C(OC(=O)c2ccc(C)cc2)C(=O)O)cc1""}, {""carbon_atoms"": 22, ""elements"": ""C,N,O"", ""formal_charge"": 0, ""heavy_atoms"": 26, ""smiles"": ""CCCCCCNC(=O)Oc1ccc2c(c1)[C@]1(C)CCN(CCC)C1C2""}]",Disconnected fragments remain after salt removal
1477,OSZNNLWOYWAHSS-UHFFFAOYSA-M,CN(C)C(=O)Oc1cccc([N+](C)(C)C)c1.COS(=O)(=O)[O-],CHEMBL211471,CHEMBL278020,1759434,524204,small charged fragment; residual salt or counterion candidate,2,"[{""carbon_atoms"": 12, ""elements"": ""C,N,O"", ""formal_charge"": 1, ""heavy_atoms"": 16, ""smiles"": ""CN(C)C(=O)Oc1cccc([N+](C)(C)C)c1""}, {""carbon_atoms"": 1, ""elements"": ""C,O,S"", ""formal_charge"": -1, ""heavy_atoms"": 6, ""smiles"": ""COS(=O)(=O)[O-]""}]",Disconnected fragments remain after salt removal
1873,AIOPRUMQDAHASD-UHFFFAOYSA-N,O=C1C2=C(CCCC2)S(=O)(=O)N1c1ccncc1.[O-][Cl+3]([O-])([O-])O,CHEMBL512569,CHEMBL1187627,2379080,722217,other disconnected structure; uncertain,2,"[{""carbon_atoms"": 12, ""elements"": ""C,N,O,S"", ""formal_charge"": 0, ""heavy_atoms"": 18, ""smiles"": ""O=C1C2=C(CCCC2)S(=O)(=O)N1c1ccncc1""}, {""carbon_atoms"": 0, ""elements"": ""Cl,O"", ""formal_charge"": 0, ""heavy_atoms"": 5, ""smiles"": ""[O-][Cl+3]([O-])([O-])O""}]",Disconnected fragments remain after salt removal
2556,OSZNNLWOYWAHSS-UHFFFAOYSA-M,CN(C)C(=O)Oc1cccc([N+](C)(C)C)c1.COS(=O)(=O)[O-],CHEMBL211471,CHEMBL278020,3370594,925572,small charged fragment; residual salt or counterion candidate,2,"[{""carbon_atoms"": 12, ""elements"": ""C,N,O"", ""formal_charge"": 1, ""heavy_atoms"": 16, ""smiles"": ""CN(C)C(=O)Oc1cccc([N+](C)(C)C)c1""}, {""carbon_atoms"": 1, ""elements"": ""C,O,S"", ""formal_charge"": -1, ""heavy_atoms"": 6, ""smiles"": ""COS(=O)(=O)[O-]""}]",Disconnected fragments remain after salt removal
2559,CQGHRZNZXOPOFO-UHFFFAOYSA-N,COS(=O)(=O)[O-].C[N+](C)(C)c1cccc(OC(=O)Nc2ccccc2)c1,CHEMBL1172830,CHEMBL1200222,3370600,925608,small charged fragment; residual salt or counterion candidate,2,"[{""carbon_atoms"": 16, ""elements"": ""C,N,O"", ""formal_charge"": 1, ""heavy_atoms"": 20, ""smiles"": ""C[N+](C)(C)c1cccc(OC(=O)Nc2ccccc2)c1""}, {""carbon_atoms"": 1, ""elements"": ""C,O,S"", ""formal_charge"": -1, ""heavy_atoms"": 6, ""smiles"": ""COS(=O)(=O)[O-]""}]",Disconnected fragments remain after salt removal
3446,OSZNNLWOYWAHSS-UHFFFAOYSA-M,CN(C)C(=O)Oc1cccc([N+](C)(C)C)c1.COS(=O)(=O)[O-],CHEMBL211471,CHEMBL278020,13280294,1892709,small charged fragment; residual salt or counterion candidate,2,"[{""carbon_atoms"": 12, ""elements"": ""C,N,O"", ""formal_charge"": 1, ""heavy_atoms"": 16, ""smiles"": ""CN(C)C(=O)Oc1cccc([N+](C)(C)C)c1""}, {""carbon_atoms"": 1, ""elements"": ""C,O,S"", ""formal_charge"": -1, ""heavy_atoms"": 6, ""smiles"": ""COS(=O)(=O)[O-]""}]",Disconnected fragments remain after salt removal
3554,DZYGXSJGGFTJRZ-UHFFFAOYSA-L,COc1c(F)c[n+](CCC[n+]2cc(F)c(OC)c(F)c2)cc1F.O=S(=O)([O-])C(F)(F)F.O=S(=O)([O-])C(F)(F)F,CHEMBL2441695,CHEMBL3558911,13509742,1928026,small charged fragment; residual salt or counterion candidate,3,"[{""carbon_atoms"": 15, ""elements"": ""C,F,N,O"", ""formal_charge"": 2, ""heavy_atoms"": 23, ""smiles"": ""COc1c(F)c[n+](CCC[n+]2cc(F)c(OC)c(F)c2)cc1F""}, {""carbon_atoms"": 1, ""elements"": ""C,F,O,S"", ""formal_charge"": -1, ""heavy_atoms"": 8, ""smiles"": ""O=S(=O)([O-])C(F)(F)F""}, {""carbon_atoms"": 1, ""elements"": ""C,F,O,S"", ""formal_charge"": -1, ""heavy_atoms"": 8, ""smiles"": ""O=S(=O)([O-])C(F)(F)F""}]",Disconnected fragments remain after salt removal
3555,JFDUQVSBGRJINQ-UHFFFAOYSA-M,COc1c(F)c[n+](C)cc1F.O=S(=O)([O-])C(F)(F)F,CHEMBL2441694,CHEMBL3558910,13509743,1928025,small charged fragment; residual salt or counterion candidate,2,"[{""carbon_atoms"": 7, ""elements"": ""C,F,N,O"", ""formal_charge"": 1, ""heavy_atoms"": 11, ""smiles"": ""COc1c(F)c[n+](C)cc1F""}, {""carbon_atoms"": 1, ""elements"": ""C,F,O,S"", ""formal_charge"": -1, ""heavy_atoms"": 8, ""smiles"": ""O=S(=O)([O-])C(F)(F)F""}]",Disconnected fragments remain after salt removal
3556,RCILLJWHFVCMFJ-UHFFFAOYSA-N,COc1cccc(C#N)[n+]1C.F[B-](F)(F)F,CHEMBL2441693,CHEMBL3558909,13509744,1928024,small charged fragment; residual salt or counterion candidate,2,"[{""carbon_atoms"": 8, ""elements"": ""C,N,O"", ""formal_charge"": 1, ""heavy_atoms"": 11, ""smiles"": ""COc1cccc(C#N)[n+]1C""}, {""carbon_atoms"": 0, ""elements"": ""B,F"", ""formal_charge"": -1, ""heavy_atoms"": 5, ""smiles"": ""F[B-](F)(F)F""}]",Disconnected fragments remain after salt removal
3557,IXIUOPRQOBPZBE-UHFFFAOYSA-N,COc1ccc(C#N)c[n+]1C.F[B-](F)(F)F,CHEMBL2441692,CHEMBL3558908,13509745,1928023,small charged fragment; residual salt or counterion candidate,2,"[{""carbon_atoms"": 8, ""elements"": ""C,N,O"", ""formal_charge"": 1, ""heavy_atoms"": 11, ""smiles"": ""COc1ccc(C#N)c[n+]1C""}, {""carbon_atoms"": 0, ""elements"": ""B,F"", ""formal_charge"": -1, ""heavy_atoms"": 5, ""smiles"": ""F[B-](F)(F)F""}]",Disconnected fragments remain after salt removal
3558,NJWRPFBBVUCRJN-UHFFFAOYSA-N,COc1cc(C#N)cc[n+]1C.F[B-](F)(F)F,CHEMBL2441691,CHEMBL3558907,13509746,1928022,small charged fragment; residual salt or counterion candidate,2,"[{""carbon_atoms"": 8, ""elements"": ""C,N,O"", ""formal_charge"": 1, ""heavy_atoms"": 11, ""smiles"": ""COc1cc(C#N)cc[n+]1C""}, {""carbon_atoms"": 0, ""elements"": ""B,F"", ""formal_charge"": -1, ""heavy_atoms"": 5, ""smiles"": ""F[B-](F)(F)F""}]",Disconnected fragments remain after salt removal
3559,MVZRDWBAHPJFAX-UHFFFAOYSA-N,COc1ccc([N+](=O)[O-])c[n+]1C.F[B-](F)(F)F,CHEMBL2441690,CHEMBL3558906,13509747,1928021,small charged fragment; residual salt or counterion candidate,2,"[{""carbon_atoms"": 7, ""elements"": ""C,N,O"", ""formal_charge"": 1, ""heavy_atoms"": 12, ""smiles"": ""COc1ccc([N+](=O)[O-])c[n+]1C""}, {""carbon_atoms"": 0, ""elements"": ""B,F"", ""formal_charge"": -1, ""heavy_atoms"": 5, ""smiles"": ""F[B-](F)(F)F""}]",Disconnected fragments remain after salt removal
3560,NVKJIDUGEIZEPW-UHFFFAOYSA-N,COc1cccc(C(F)(F)F)[n+]1C.F[B-](F)(F)F,CHEMBL2441689,CHEMBL3558905,13509748,1928020,small charged fragment; residual salt or counterion candidate,2,"[{""carbon_atoms"": 8, ""elements"": ""C,F,N,O"", ""formal_charge"": 1, ""heavy_atoms"": 13, ""smiles"": ""COc1cccc(C(F)(F)F)[n+]1C""}, {""carbon_atoms"": 0, ""elements"": ""B,F"", ""formal_charge"": -1, ""heavy_atoms"": 5, ""smiles"": ""F[B-](F)(F)F""}]",Disconnected fragments remain after salt removal
3561,GOPOJUNHRUEADH-UHFFFAOYSA-N,COc1ccc(C(F)(F)F)c[n+]1C.F[B-](F)(F)F,CHEMBL2441688,CHEMBL3558893,13509749,1928019,small charged fragment; residual salt or counterion candidate,2,"[{""carbon_atoms"": 8, ""elements"": ""C,F,N,O"", ""formal_charge"": 1, ""heavy_atoms"": 13, ""smiles"": ""COc1ccc(C(F)(F)F)c[n+]1C""}, {""carbon_atoms"": 0, ""elements"": ""B,F"", ""formal_charge"": -1, ""heavy_atoms"": 5, ""smiles"": ""F[B-](F)(F)F""}]",Disconnected fragments remain after salt removal
3562,XHTGCKJCACSSBM-UHFFFAOYSA-N,COc1ccc(F)c[n+]1C.F[B-](F)(F)F,CHEMBL2441687,CHEMBL3558896,13509750,1928018,small charged fragment; residual salt or counterion candidate,2,"[{""carbon_atoms"": 7, ""elements"": ""C,F,N,O"", ""formal_charge"": 1, ""heavy_atoms"": 10, ""smiles"": ""COc1ccc(F)c[n+]1C""}, {""carbon_atoms"": 0, ""elements"": ""B,F"", ""formal_charge"": -1, ""heavy_atoms"": 5, ""smiles"": ""F[B-](F)(F)F""}]",Disconnected fragments remain after salt removal
3564,KOHSSLUAOTXHJA-UHFFFAOYSA-N,COc1cccc[n+]1C.F[B-](F)(F)F,CHEMBL2441685,CHEMBL3558891,13509752,1928016,small charged fragment; residual salt or counterion candidate,2,"[{""carbon_atoms"": 7, ""elements"": ""C,N,O"", ""formal_charge"": 1, ""heavy_atoms"": 9, ""smiles"": ""COc1cccc[n+]1C""}, {""carbon_atoms"": 0, ""elements"": ""B,F"", ""formal_charge"": -1, ""heavy_atoms"": 5, ""smiles"": ""F[B-](F)(F)F""}]",Disconnected fragments remain after salt removal
3565,ZMKVQRBBDBSXEZ-UHFFFAOYSA-M,COc1c(F)c[n+](CCCCCOc2ccc3c(C)cc(=O)oc3c2)cc1F.O=S(=O)([O-])C(F)(F)F,CHEMBL2441684,CHEMBL3558890,13509753,1928015,small charged fragment; residual salt or counterion candidate,2,"[{""carbon_atoms"": 21, ""elements"": ""C,F,N,O"", ""formal_charge"": 1, ""heavy_atoms"": 28, ""smiles"": ""COc1c(F)c[n+](CCCCCOc2ccc3c(C)cc(=O)oc3c2)cc1F""}, {""carbon_atoms"": 1, ""elements"": ""C,F,O,S"", ""formal_charge"": -1, ""heavy_atoms"": 8, ""smiles"": ""O=S(=O)([O-])C(F)(F)F""}]",Disconnected fragments remain after salt removal
3566,XRUAEVWJKITXIG-UHFFFAOYSA-M,COc1c(F)c[n+](CCCCOc2ccc3c(C)cc(=O)oc3c2)cc1F.O=S(=O)([O-])C(F)(F)F,CHEMBL2440134,CHEMBL3558889,13509754,1928014,small charged fragment; residual salt or counterion candidate,2,"[{""carbon_atoms"": 20, ""elements"": ""C,F,N,O"", ""formal_charge"": 1, ""heavy_atoms"": 27, ""smiles"": ""COc1c(F)c[n+](CCCCOc2ccc3c(C)cc(=O)oc3c2)cc1F""}, {""carbon_atoms"": 1, ""elements"": ""C,F,O,S"", ""formal_charge"": -1, ""heavy_atoms"": 8, ""smiles"": ""O=S(=O)([O-])C(F)(F)F""}]",Disconnected fragments remain after salt removal
3567,RMKGVUWQYULRKN-UHFFFAOYSA-M,COc1c(F)c[n+](CCCOc2ccc3c(C)cc(=O)oc3c2)cc1F.O=S(=O)([O-])C(F)(F)F,CHEMBL2441683,CHEMBL3558888,13509755,1928013,small charged fragment; residual salt or counterion candidate,2,"[{""carbon_atoms"": 19, ""elements"": ""C,F,N,O"", ""formal_charge"": 1, ""heavy_atoms"": 26, ""smiles"": ""COc1c(F)c[n+](CCCOc2ccc3c(C)cc(=O)oc3c2)cc1F""}, {""carbon_atoms"": 1, ""elements"": ""C,F,O,S"", ""formal_charge"": -1, ""heavy_atoms"": 8, ""smiles"": ""O=S(=O)([O-])C(F)(F)F""}]",Disconnected fragments remain after salt removal
3568,KOFNHFQRLFTDHJ-UHFFFAOYSA-M,COc1ccc(C(F)(F)F)c[n+]1CCCCCOc1ccc2c(C)cc(=O)oc2c1.O=S(=O)([O-])C(F)(F)F,CHEMBL2441682,CHEMBL3558887,13509756,1928012,small charged fragment; residual salt or counterion candidate,2,"[{""carbon_atoms"": 22, ""elements"": ""C,F,N,O"", ""formal_charge"": 1, ""heavy_atoms"": 30, ""smiles"": ""COc1ccc(C(F)(F)F)c[n+]1CCCCCOc1ccc2c(C)cc(=O)oc2c1""}, {""carbon_atoms"": 1, ""elements"": ""C,F,O,S"", ""formal_charge"": -1, ""heavy_atoms"": 8, ""smiles"": ""O=S(=O)([O-])C(F)(F)F""}]",Disconnected fragments remain after salt removal
3569,FIRPLAXRQZWEEH-UHFFFAOYSA-M,COc1ccc(C(F)(F)F)c[n+]1CCCCOc1ccc2c(C)cc(=O)oc2c1.O=S(=O)([O-])C(F)(F)F,CHEMBL2441681,CHEMBL3558895,13509757,1928011,small charged fragment; residual salt or counterion candidate,2,"[{""carbon_atoms"": 21, ""elements"": ""C,F,N,O"", ""formal_charge"": 1, ""heavy_atoms"": 29, ""smiles"": ""COc1ccc(C(F)(F)F)c[n+]1CCCCOc1ccc2c(C)cc(=O)oc2c1""}, {""carbon_atoms"": 1, ""elements"": ""C,F,O,S"", ""formal_charge"": -1, ""heavy_atoms"": 8, ""smiles"": ""O=S(=O)([O-])C(F)(F)F""}]",Disconnected fragments remain after salt removal
3570,MJCLAGLRDDLAEC-UHFFFAOYSA-M,COc1ccc(C(F)(F)F)c[n+]1CCCOc1ccc2c(C)cc(=O)oc2c1.O=S(=O)([O-])C(F)(F)F,CHEMBL2441680,CHEMBL3558904,13509758,1928010,small charged fragment; residual salt or counterion candidate,2,"[{""carbon_atoms"": 20, ""elements"": ""C,F,N,O"", ""formal_charge"": 1, ""heavy_atoms"": 28, ""smiles"": ""COc1ccc(C(F)(F)F)c[n+]1CCCOc1ccc2c(C)cc(=O)oc2c1""}, {""carbon_atoms"": 1, ""elements"": ""C,F,O,S"", ""formal_charge"": -1, ""heavy_atoms"": 8, ""smiles"": ""O=S(=O)([O-])C(F)(F)F""}]",Disconnected fragments remain after salt removal
3571,MWYNVORGIJQEOF-UHFFFAOYSA-L,COc1ccc(C(F)(F)F)c[n+]1CCCCC[n+]1cc(C(F)(F)F)ccc1OC.O=S(=O)([O-])C(F)(F)F.O=S(=O)([O-])C(F)(F)F,CHEMBL2441679,CHEMBL3558903,13509759,1928009,small charged fragment; residual salt or counterion candidate,3,"[{""carbon_atoms"": 19, ""elements"": ""C,F,N,O"", ""formal_charge"": 2, ""heavy_atoms"": 29, ""smiles"": ""COc1ccc(C(F)(F)F)c[n+]1CCCCC[n+]1cc(C(F)(F)F)ccc1OC""}, {""carbon_atoms"": 1, ""elements"": ""C,F,O,S"", ""formal_charge"": -1, ""heavy_atoms"": 8, ""smiles"": ""O=S(=O)([O-])C(F)(F)F""}, {""carbon_atoms"": 1, ""elements"": ""C,F,O,S"", ""formal_charge"": -1, ""heavy_atoms"": 8, ""smiles"": ""O=S(=O)([O-])C(F)(F)F""}]",Disconnected fragments remain after salt removal
3572,UFMWOXVORSENPN-UHFFFAOYSA-L,COc1ccc(C(F)(F)F)c[n+]1CCC[n+]1cc(C(F)(F)F)ccc1OC.O=S(=O)([O-])C(F)(F)F.O=S(=O)([O-])C(F)(F)F,CHEMBL2441678,CHEMBL3558902,13509760,1928008,small charged fragment; residual salt or counterion candidate,3,"[{""carbon_atoms"": 17, ""elements"": ""C,F,N,O"", ""formal_charge"": 2, ""heavy_atoms"": 27, ""smiles"": ""COc1ccc(C(F)(F)F)c[n+]1CCC[n+]1cc(C(F)(F)F)ccc1OC""}, {""carbon_atoms"": 1, ""elements"": ""C,F,O,S"", ""formal_charge"": -1, ""heavy_atoms"": 8, ""smiles"": ""O=S(=O)([O-])C(F)(F)F""}, {""carbon_atoms"": 1, ""elements"": ""C,F,O,S"", ""formal_charge"": -1, ""heavy_atoms"": 8, ""smiles"": ""O=S(=O)([O-])C(F)(F)F""}]",Disconnected fragments remain after salt removal
3574,WEAJDBKFZZKOML-UHFFFAOYSA-M,COc1cc2c(cc1OC)C(=O)C(CCCCCCCc1cccc(OC)[n+]1C)C2.O=S(=O)([O-])C(F)(F)F,CHEMBL2441676,CHEMBL3558918,13509762,1928006,small charged fragment; residual salt or counterion candidate,2,"[{""carbon_atoms"": 25, ""elements"": ""C,N,O"", ""formal_charge"": 1, ""heavy_atoms"": 30, ""smiles"": ""COc1cc2c(cc1OC)C(=O)C(CCCCCCCc1cccc(OC)[n+]1C)C2""}, {""carbon_atoms"": 1, ""elements"": ""C,F,O,S"", ""formal_charge"": -1, ""heavy_atoms"": 8, ""smiles"": ""O=S(=O)([O-])C(F)(F)F""}]",Disconnected fragments remain after salt removal
3575,UJVAAQLXSLBDKJ-UHFFFAOYSA-M,COc1cc2c(cc1OC)C(=O)C(CCCCCCc1cccc(OC)[n+]1C)C2.O=S(=O)([O-])C(F)(F)F,CHEMBL2441675,CHEMBL3558917,13509763,1928005,small charged fragment; residual salt or counterion candidate,2,"[{""carbon_atoms"": 24, ""elements"": ""C,N,O"", ""formal_charge"": 1, ""heavy_atoms"": 29, ""smiles"": ""COc1cc2c(cc1OC)C(=O)C(CCCCCCc1cccc(OC)[n+]1C)C2""}, {""carbon_atoms"": 1, ""elements"": ""C,F,O,S"", ""formal_charge"": -1, ""heavy_atoms"": 8, ""smiles"": ""O=S(=O)([O-])C(F)(F)F""}]",Disconnected fragments remain after salt removal
3576,VBUYOKNRZXECHE-UHFFFAOYSA-M,COc1cc2c(cc1OC)C(=O)C(CCCCCc1cccc(OC)[n+]1C)C2.O=S(=O)([O-])C(F)(F)F,CHEMBL2441674,CHEMBL3558916,13509764,1928004,small charged fragment; residual salt or counterion candidate,2,"[{""carbon_atoms"": 23, ""elements"": ""C,N,O"", ""formal_charge"": 1, ""heavy_atoms"": 28, ""smiles"": ""COc1cc2c(cc1OC)C(=O)C(CCCCCc1cccc(OC)[n+]1C)C2""}, {""carbon_atoms"": 1, ""elements"": ""C,F,O,S"", ""formal_charge"": -1, ""heavy_atoms"": 8, ""smiles"": ""O=S(=O)([O-])C(F)(F)F""}]",Disconnected fragments remain after salt removal
3577,BSUMSWVFHNXTDM-UHFFFAOYSA-L,COc1cc2c(cc1OC)C[N+](C)(CCCCCCCc1cccc(OC)[n+]1C)CC2.O=S(=O)([O-])C(F)(F)F.O=S(=O)([O-])C(F)(F)F,CHEMBL2441673,CHEMBL3558915,13509765,1928003,small charged fragment; residual salt or counterion candidate,3,"[{""carbon_atoms"": 26, ""elements"": ""C,N,O"", ""formal_charge"": 2, ""heavy_atoms"": 31, ""smiles"": ""COc1cc2c(cc1OC)C[N+](C)(CCCCCCCc1cccc(OC)[n+]1C)CC2""}, {""carbon_atoms"": 1, ""elements"": ""C,F,O,S"", ""formal_charge"": -1, ""heavy_atoms"": 8, ""smiles"": ""O=S(=O)([O-])C(F)(F)F""}, {""carbon_atoms"": 1, ""elements"": ""C,F,O,S"", ""formal_charge"": -1, ""heavy_atoms"": 8, ""smiles"": ""O=S(=O)([O-])C(F)(F)F""}]",Disconnected fragments remain after salt removal
3578,NMTWMKMOKNHOOG-UHFFFAOYSA-L,COc1cc2c(cc1OC)C[N+](C)(CCCCCCc1cccc(OC)[n+]1C)CC2.O=S(=O)([O-])C(F)(F)F.O=S(=O)([O-])C(F)(F)F,CHEMBL2441672,CHEMBL3558914,13509766,1928002,small charged fragment; residual salt or counterion candidate,3,"[{""carbon_atoms"": 25, ""elements"": ""C,N,O"", ""formal_charge"": 2, ""heavy_atoms"": 30, ""smiles"": ""COc1cc2c(cc1OC)C[N+](C)(CCCCCCc1cccc(OC)[n+]1C)CC2""}, {""carbon_atoms"": 1, ""elements"": ""C,F,O,S"", ""formal_charge"": -1, ""heavy_atoms"": 8, ""smiles"": ""O=S(=O)([O-])C(F)(F)F""}, {""carbon_atoms"": 1, ""elements"": ""C,F,O,S"", ""formal_charge"": -1, ""heavy_atoms"": 8, ""smiles"": ""O=S(=O)([O-])C(F)(F)F""}]",Disconnected fragments remain after salt removal
3579,DNIAPZKFQRYDIQ-UHFFFAOYSA-L,COc1cc2c(cc1OC)C[N+](C)(CCCCCc1cccc(OC)[n+]1C)CC2.O=S(=O)([O-])C(F)(F)F.O=S(=O)([O-])C(F)(F)F,CHEMBL2441671,CHEMBL3558900,13509767,1928001,small charged fragment; residual salt or counterion candidate,3,"[{""carbon_atoms"": 24, ""elements"": ""C,N,O"", ""formal_charge"": 2, ""heavy_atoms"": 29, ""smiles"": ""COc1cc2c(cc1OC)C[N+](C)(CCCCCc1cccc(OC)[n+]1C)CC2""}, {""carbon_atoms"": 1, ""elements"": ""C,F,O,S"", ""formal_charge"": -1, ""heavy_atoms"": 8, ""smiles"": ""O=S(=O)([O-])C(F)(F)F""}, {""carbon_atoms"": 1, ""elements"": ""C,F,O,S"", ""formal_charge"": -1, ""heavy_atoms"": 8, ""smiles"": ""O=S(=O)([O-])C(F)(F)F""}]",Disconnected fragments remain after salt removal
3580,WASMKRBLJDLFHW-UHFFFAOYSA-L,COc1cc2c(cc1OC)C[N+](C)(CCCCc1cccc(OC)[n+]1C)CC2.O=S(=O)([O-])C(F)(F)F.O=S(=O)([O-])C(F)(F)F,CHEMBL2441670,CHEMBL3558894,13509768,1928000,small charged fragment; residual salt or counterion candidate,3,"[{""carbon_atoms"": 23, ""elements"": ""C,N,O"", ""formal_charge"": 2, ""heavy_atoms"": 28, ""smiles"": ""COc1cc2c(cc1OC)C[N+](C)(CCCCc1cccc(OC)[n+]1C)CC2""}, {""carbon_atoms"": 1, ""elements"": ""C,F,O,S"", ""formal_charge"": -1, ""heavy_atoms"": 8, ""smiles"": ""O=S(=O)([O-])C(F)(F)F""}, {""carbon_atoms"": 1, ""elements"": ""C,F,O,S"", ""formal_charge"": -1, ""heavy_atoms"": 8, ""smiles"": ""O=S(=O)([O-])C(F)(F)F""}]",Disconnected fragments remain after salt removal
3581,QFBURNNTMZXPOD-UHFFFAOYSA-L,COc1cccc(CCCCCCCCc2cccc(OC)[n+]2C)[n+]1C.O=S(=O)([O-])C(F)(F)F.O=S(=O)([O-])C(F)(F)F,CHEMBL2441669,CHEMBL3558899,13509769,1927999,small charged fragment; residual salt or counterion candidate,3,"[{""carbon_atoms"": 22, ""elements"": ""C,N,O"", ""formal_charge"": 2, ""heavy_atoms"": 26, ""smiles"": ""COc1cccc(CCCCCCCCc2cccc(OC)[n+]2C)[n+]1C""}, {""carbon_atoms"": 1, ""elements"": ""C,F,O,S"", ""formal_charge"": -1, ""heavy_atoms"": 8, ""smiles"": ""O=S(=O)([O-])C(F)(F)F""}, {""carbon_atoms"": 1, ""elements"": ""C,F,O,S"", ""formal_charge"": -1, ""heavy_atoms"": 8, ""smiles"": ""O=S(=O)([O-])C(F)(F)F""}]",Disconnected fragments remain after salt removal
3582,QRYDRTQUSXTXJI-UHFFFAOYSA-L,COc1cccc(CCCCCCCc2cccc(OC)[n+]2C)[n+]1C.O=S(=O)([O-])C(F)(F)F.O=S(=O)([O-])C(F)(F)F,CHEMBL2441668,CHEMBL3558898,13509770,1927998,small charged fragment; residual salt or counterion candidate,3,"[{""carbon_atoms"": 21, ""elements"": ""C,N,O"", ""formal_charge"": 2, ""heavy_atoms"": 25, ""smiles"": ""COc1cccc(CCCCCCCc2cccc(OC)[n+]2C)[n+]1C""}, {""carbon_atoms"": 1, ""elements"": ""C,F,O,S"", ""formal_charge"": -1, ""heavy_atoms"": 8, ""smiles"": ""O=S(=O)([O-])C(F)(F)F""}, {""carbon_atoms"": 1, ""elements"": ""C,F,O,S"", ""formal_charge"": -1, ""heavy_atoms"": 8, ""smiles"": ""O=S(=O)([O-])C(F)(F)F""}]",Disconnected fragments remain after salt removal
3583,RHYDVDVFZJIWDU-UHFFFAOYSA-L,COc1cccc(CCCCCCc2cccc(OC)[n+]2C)[n+]1C.O=S(=O)([O-])C(F)(F)F.O=S(=O)([O-])C(F)(F)F,CHEMBL2441667,CHEMBL3558897,13509771,1927997,small charged fragment; residual salt or counterion candidate,3,"[{""carbon_atoms"": 20, ""elements"": ""C,N,O"", ""formal_charge"": 2, ""heavy_atoms"": 24, ""smiles"": ""COc1cccc(CCCCCCc2cccc(OC)[n+]2C)[n+]1C""}, {""carbon_atoms"": 1, ""elements"": ""C,F,O,S"", ""formal_charge"": -1, ""heavy_atoms"": 8, ""smiles"": ""O=S(=O)([O-])C(F)(F)F""}, {""carbon_atoms"": 1, ""elements"": ""C,F,O,S"", ""formal_charge"": -1, ""heavy_atoms"": 8, ""smiles"": ""O=S(=O)([O-])C(F)(F)F""}]",Disconnected fragments remain after salt removal
3584,QTAZWBRNRWOAHK-UHFFFAOYSA-L,COc1cccc(CCCCCc2cccc(OC)[n+]2C)[n+]1C.O=S(=O)([O-])C(F)(F)F.O=S(=O)([O-])C(F)(F)F,CHEMBL2441666,CHEMBL3558913,13509772,1927996,small charged fragment; residual salt or counterion candidate,3,"[{""carbon_atoms"": 19, ""elements"": ""C,N,O"", ""formal_charge"": 2, ""heavy_atoms"": 23, ""smiles"": ""COc1cccc(CCCCCc2cccc(OC)[n+]2C)[n+]1C""}, {""carbon_atoms"": 1, ""elements"": ""C,F,O,S"", ""formal_charge"": -1, ""heavy_atoms"": 8, ""smiles"": ""O=S(=O)([O-])C(F)(F)F""}, {""carbon_atoms"": 1, ""elements"": ""C,F,O,S"", ""formal_charge"": -1, ""heavy_atoms"": 8, ""smiles"": ""O=S(=O)([O-])C(F)(F)F""}]",Disconnected fragments remain after salt removal
3585,JPPCLTDDFRWLJD-UHFFFAOYSA-L,COc1cccc(CCc2cccc(OC)[n+]2C)[n+]1C.O=S(=O)([O-])C(F)(F)F.O=S(=O)([O-])C(F)(F)F,CHEMBL2441665,CHEMBL3558912,13509773,1927995,small charged fragment; residual salt or counterion candidate,3,"[{""carbon_atoms"": 16, ""elements"": ""C,N,O"", ""formal_charge"": 2, ""heavy_atoms"": 20, ""smiles"": ""COc1cccc(CCc2cccc(OC)[n+]2C)[n+]1C""}, {""carbon_atoms"": 1, ""elements"": ""C,F,O,S"", ""formal_charge"": -1, ""heavy_atoms"": 8, ""smiles"": ""O=S(=O)([O-])C(F)(F)F""}, {""carbon_atoms"": 1, ""elements"": ""C,F,O,S"", ""formal_charge"": -1, ""heavy_atoms"": 8, ""smiles"": ""O=S(=O)([O-])C(F)(F)F""}]",Disconnected fragments remain after salt removal
3586,DZYGXSJGGFTJRZ-UHFFFAOYSA-L,COc1c(F)c[n+](CCC[n+]2cc(F)c(OC)c(F)c2)cc1F.O=S(=O)([O-])C(F)(F)F.O=S(=O)([O-])C(F)(F)F,CHEMBL2441695,CHEMBL3558911,13509774,1928026,small charged fragment; residual salt or counterion candidate,3,"[{""carbon_atoms"": 15, ""elements"": ""C,F,N,O"", ""formal_charge"": 2, ""heavy_atoms"": 23, ""smiles"": ""COc1c(F)c[n+](CCC[n+]2cc(F)c(OC)c(F)c2)cc1F""}, {""carbon_atoms"": 1, ""elements"": ""C,F,O,S"", ""formal_charge"": -1, ""heavy_atoms"": 8, ""smiles"": ""O=S(=O)([O-])C(F)(F)F""}, {""carbon_atoms"": 1, ""elements"": ""C,F,O,S"", ""formal_charge"": -1, ""heavy_atoms"": 8, ""smiles"": ""O=S(=O)([O-])C(F)(F)F""}]",Disconnected fragments remain after salt removal
3587,JFDUQVSBGRJINQ-UHFFFAOYSA-M,COc1c(F)c[n+](C)cc1F.O=S(=O)([O-])C(F)(F)F,CHEMBL2441694,CHEMBL3558910,13509775,1928025,small charged fragment; residual salt or counterion candidate,2,"[{""carbon_atoms"": 7, ""elements"": ""C,F,N,O"", ""formal_charge"": 1, ""heavy_atoms"": 11, ""smiles"": ""COc1c(F)c[n+](C)cc1F""}, {""carbon_atoms"": 1, ""elements"": ""C,F,O,S"", ""formal_charge"": -1, ""heavy_atoms"": 8, ""smiles"": ""O=S(=O)([O-])C(F)(F)F""}]",Disconnected fragments remain after salt removal
3588,RCILLJWHFVCMFJ-UHFFFAOYSA-N,COc1cccc(C#N)[n+]1C.F[B-](F)(F)F,CHEMBL2441693,CHEMBL3558909,13509776,1928024,small charged fragment; residual salt or counterion candidate,2,"[{""carbon_atoms"": 8, ""elements"": ""C,N,O"", ""formal_charge"": 1, ""heavy_atoms"": 11, ""smiles"": ""COc1cccc(C#N)[n+]1C""}, {""carbon_atoms"": 0, ""elements"": ""B,F"", ""formal_charge"": -1, ""heavy_atoms"": 5, ""smiles"": ""F[B-](F)(F)F""}]",Disconnected fragments remain after salt removal
3589,IXIUOPRQOBPZBE-UHFFFAOYSA-N,COc1ccc(C#N)c[n+]1C.F[B-](F)(F)F,CHEMBL2441692,CHEMBL3558908,13509777,1928023,small charged fragment; residual salt or counterion candidate,2,"[{""carbon_atoms"": 8, ""elements"": ""C,N,O"", ""formal_charge"": 1, ""heavy_atoms"": 11, ""smiles"": ""COc1ccc(C#N)c[n+]1C""}, {""carbon_atoms"": 0, ""elements"": ""B,F"", ""formal_charge"": -1, ""heavy_atoms"": 5, ""smiles"": ""F[B-](F)(F)F""}]",Disconnected fragments remain after salt removal
3590,NJWRPFBBVUCRJN-UHFFFAOYSA-N,COc1cc(C#N)cc[n+]1C.F[B-](F)(F)F,CHEMBL2441691,CHEMBL3558907,13509778,1928022,small charged fragment; residual salt or counterion candidate,2,"[{""carbon_atoms"": 8, ""elements"": ""C,N,O"", ""formal_charge"": 1, ""heavy_atoms"": 11, ""smiles"": ""COc1cc(C#N)cc[n+]1C""}, {""carbon_atoms"": 0, ""elements"": ""B,F"", ""formal_charge"": -1, ""heavy_atoms"": 5, ""smiles"": ""F[B-](F)(F)F""}]",Disconnected fragments remain after salt removal
3591,MVZRDWBAHPJFAX-UHFFFAOYSA-N,COc1ccc([N+](=O)[O-])c[n+]1C.F[B-](F)(F)F,CHEMBL2441690,CHEMBL3558906,13509779,1928021,small charged fragment; residual salt or counterion candidate,2,"[{""carbon_atoms"": 7, ""elements"": ""C,N,O"", ""formal_charge"": 1, ""heavy_atoms"": 12, ""smiles"": ""COc1ccc([N+](=O)[O-])c[n+]1C""}, {""carbon_atoms"": 0, ""elements"": ""B,F"", ""formal_charge"": -1, ""heavy_atoms"": 5, ""smiles"": ""F[B-](F)(F)F""}]",Disconnected fragments remain after salt removal
3592,NVKJIDUGEIZEPW-UHFFFAOYSA-N,COc1cccc(C(F)(F)F)[n+]1C.F[B-](F)(F)F,CHEMBL2441689,CHEMBL3558905,13509780,1928020,small charged fragment; residual salt or counterion candidate,2,"[{""carbon_atoms"": 8, ""elements"": ""C,F,N,O"", ""formal_charge"": 1, ""heavy_atoms"": 13, ""smiles"": ""COc1cccc(C(F)(F)F)[n+]1C""}, {""carbon_atoms"": 0, ""elements"": ""B,F"", ""formal_charge"": -1, ""heavy_atoms"": 5, ""smiles"": ""F[B-](F)(F)F""}]",Disconnected fragments remain after salt removal
3593,GOPOJUNHRUEADH-UHFFFAOYSA-N,COc1ccc(C(F)(F)F)c[n+]1C.F[B-](F)(F)F,CHEMBL2441688,CHEMBL3558893,13509781,1928019,small charged fragment; residual salt or counterion candidate,2,"[{""carbon_atoms"": 8, ""elements"": ""C,F,N,O"", ""formal_charge"": 1, ""heavy_atoms"": 13, ""smiles"": ""COc1ccc(C(F)(F)F)c[n+]1C""}, {""carbon_atoms"": 0, ""elements"": ""B,F"", ""formal_charge"": -1, ""heavy_atoms"": 5, ""smiles"": ""F[B-](F)(F)F""}]",Disconnected fragments remain after salt removal
3594,XHTGCKJCACSSBM-UHFFFAOYSA-N,COc1ccc(F)c[n+]1C.F[B-](F)(F)F,CHEMBL2441687,CHEMBL3558896,13509782,1928018,small charged fragment; residual salt or counterion candidate,2,"[{""carbon_atoms"": 7, ""elements"": ""C,F,N,O"", ""formal_charge"": 1, ""heavy_atoms"": 10, ""smiles"": ""COc1ccc(F)c[n+]1C""}, {""carbon_atoms"": 0, ""elements"": ""B,F"", ""formal_charge"": -1, ""heavy_atoms"": 5, ""smiles"": ""F[B-](F)(F)F""}]",Disconnected fragments remain after salt removal
3595,DYNNAWSJUCTGKF-UHFFFAOYSA-N,COc1c(F)ccc[n+]1C.F[B-](F)(F)F,CHEMBL2441686,CHEMBL3558892,13509783,1928017,small charged fragment; residual salt or counterion candidate,2,"[{""carbon_atoms"": 7, ""elements"": ""C,F,N,O"", ""formal_charge"": 1, ""heavy_atoms"": 10, ""smiles"": ""COc1c(F)ccc[n+]1C""}, {""carbon_atoms"": 0, ""elements"": ""B,F"", ""formal_charge"": -1, ""heavy_atoms"": 5, ""smiles"": ""F[B-](F)(F)F""}]",Disconnected fragments remain after salt removal
3596,KOHSSLUAOTXHJA-UHFFFAOYSA-N,COc1cccc[n+]1C.F[B-](F)(F)F,CHEMBL2441685,CHEMBL3558891,13509784,1928016,small charged fragment; residual salt or counterion candidate,2,"[{""carbon_atoms"": 7, ""elements"": ""C,N,O"", ""formal_charge"": 1, ""heavy_atoms"": 9, ""smiles"": ""COc1cccc[n+]1C""}, {""carbon_atoms"": 0, ""elements"": ""B,F"", ""formal_charge"": -1, ""heavy_atoms"": 5, ""smiles"": ""F[B-](F)(F)F""}]",Disconnected fragments remain after salt removal
3597,ZMKVQRBBDBSXEZ-UHFFFAOYSA-M,COc1c(F)c[n+](CCCCCOc2ccc3c(C)cc(=O)oc3c2)cc1F.O=S(=O)([O-])C(F)(F)F,CHEMBL2441684,CHEMBL3558890,13509785,1928015,small charged fragment; residual salt or counterion candidate,2,"[{""carbon_atoms"": 21, ""elements"": ""C,F,N,O"", ""formal_charge"": 1, ""heavy_atoms"": 28, ""smiles"": ""COc1c(F)c[n+](CCCCCOc2ccc3c(C)cc(=O)oc3c2)cc1F""}, {""carbon_atoms"": 1, ""elements"": ""C,F,O,S"", ""formal_charge"": -1, ""heavy_atoms"": 8, ""smiles"": ""O=S(=O)([O-])C(F)(F)F""}]",Disconnected fragments remain after salt removal
3598,XRUAEVWJKITXIG-UHFFFAOYSA-M,COc1c(F)c[n+](CCCCOc2ccc3c(C)cc(=O)oc3c2)cc1F.O=S(=O)([O-])C(F)(F)F,CHEMBL2440134,CHEMBL3558889,13509786,1928014,small charged fragment; residual salt or counterion candidate,2,"[{""carbon_atoms"": 20, ""elements"": ""C,F,N,O"", ""formal_charge"": 1, ""heavy_atoms"": 27, ""smiles"": ""COc1c(F)c[n+](CCCCOc2ccc3c(C)cc(=O)oc3c2)cc1F""}, {""carbon_atoms"": 1, ""elements"": ""C,F,O,S"", ""formal_charge"": -1, ""heavy_atoms"": 8, ""smiles"": ""O=S(=O)([O-])C(F)(F)F""}]",Disconnected fragments remain after salt removal
3599,RMKGVUWQYULRKN-UHFFFAOYSA-M,COc1c(F)c[n+](CCCOc2ccc3c(C)cc(=O)oc3c2)cc1F.O=S(=O)([O-])C(F)(F)F,CHEMBL2441683,CHEMBL3558888,13509787,1928013,small charged fragment; residual salt or counterion candidate,2,"[{""carbon_atoms"": 19, ""elements"": ""C,F,N,O"", ""formal_charge"": 1, ""heavy_atoms"": 26, ""smiles"": ""COc1c(F)c[n+](CCCOc2ccc3c(C)cc(=O)oc3c2)cc1F""}, {""carbon_atoms"": 1, ""elements"": ""C,F,O,S"", ""formal_charge"": -1, ""heavy_atoms"": 8, ""smiles"": ""O=S(=O)([O-])C(F)(F)F""}]",Disconnected fragments remain after salt removal
3600,KOFNHFQRLFTDHJ-UHFFFAOYSA-M,COc1ccc(C(F)(F)F)c[n+]1CCCCCOc1ccc2c(C)cc(=O)oc2c1.O=S(=O)([O-])C(F)(F)F,CHEMBL2441682,CHEMBL3558887,13509788,1928012,small charged fragment; residual salt or counterion candidate,2,"[{""carbon_atoms"": 22, ""elements"": ""C,F,N,O"", ""formal_charge"": 1, ""heavy_atoms"": 30, ""smiles"": ""COc1ccc(C(F)(F)F)c[n+]1CCCCCOc1ccc2c(C)cc(=O)oc2c1""}, {""carbon_atoms"": 1, ""elements"": ""C,F,O,S"", ""formal_charge"": -1, ""heavy_atoms"": 8, ""smiles"": ""O=S(=O)([O-])C(F)(F)F""}]",Disconnected fragments remain after salt removal
3601,FIRPLAXRQZWEEH-UHFFFAOYSA-M,COc1ccc(C(F)(F)F)c[n+]1CCCCOc1ccc2c(C)cc(=O)oc2c1.O=S(=O)([O-])C(F)(F)F,CHEMBL2441681,CHEMBL3558895,13509789,1928011,small charged fragment; residual salt or counterion candidate,2,"[{""carbon_atoms"": 21, ""elements"": ""C,F,N,O"", ""formal_charge"": 1, ""heavy_atoms"": 29, ""smiles"": ""COc1ccc(C(F)(F)F)c[n+]1CCCCOc1ccc2c(C)cc(=O)oc2c1""}, {""carbon_atoms"": 1, ""elements"": ""C,F,O,S"", ""formal_charge"": -1, ""heavy_atoms"": 8, ""smiles"": ""O=S(=O)([O-])C(F)(F)F""}]",Disconnected fragments remain after salt removal
3602,MJCLAGLRDDLAEC-UHFFFAOYSA-M,COc1ccc(C(F)(F)F)c[n+]1CCCOc1ccc2c(C)cc(=O)oc2c1.O=S(=O)([O-])C(F)(F)F,CHEMBL2441680,CHEMBL3558904,13509790,1928010,small charged fragment; residual salt or counterion candidate,2,"[{""carbon_atoms"": 20, ""elements"": ""C,F,N,O"", ""formal_charge"": 1, ""heavy_atoms"": 28, ""smiles"": ""COc1ccc(C(F)(F)F)c[n+]1CCCOc1ccc2c(C)cc(=O)oc2c1""}, {""carbon_atoms"": 1, ""elements"": ""C,F,O,S"", ""formal_charge"": -1, ""heavy_atoms"": 8, ""smiles"": ""O=S(=O)([O-])C(F)(F)F""}]",Disconnected fragments remain after salt removal
3603,MWYNVORGIJQEOF-UHFFFAOYSA-L,COc1ccc(C(F)(F)F)c[n+]1CCCCC[n+]1cc(C(F)(F)F)ccc1OC.O=S(=O)([O-])C(F)(F)F.O=S(=O)([O-])C(F)(F)F,CHEMBL2441679,CHEMBL3558903,13509791,1928009,small charged fragment; residual salt or counterion candidate,3,"[{""carbon_atoms"": 19, ""elements"": ""C,F,N,O"", ""formal_charge"": 2, ""heavy_atoms"": 29, ""smiles"": ""COc1ccc(C(F)(F)F)c[n+]1CCCCC[n+]1cc(C(F)(F)F)ccc1OC""}, {""carbon_atoms"": 1, ""elements"": ""C,F,O,S"", ""formal_charge"": -1, ""heavy_atoms"": 8, ""smiles"": ""O=S(=O)([O-])C(F)(F)F""}, {""carbon_atoms"": 1, ""elements"": ""C,F,O,S"", ""formal_charge"": -1, ""heavy_atoms"": 8, ""smiles"": ""O=S(=O)([O-])C(F)(F)F""}]",Disconnected fragments remain after salt removal
3604,UFMWOXVORSENPN-UHFFFAOYSA-L,COc1ccc(C(F)(F)F)c[n+]1CCC[n+]1cc(C(F)(F)F)ccc1OC.O=S(=O)([O-])C(F)(F)F.O=S(=O)([O-])C(F)(F)F,CHEMBL2441678,CHEMBL3558902,13509792,1928008,small charged fragment; residual salt or counterion candidate,3,"[{""carbon_atoms"": 17, ""elements"": ""C,F,N,O"", ""formal_charge"": 2, ""heavy_atoms"": 27, ""smiles"": ""COc1ccc(C(F)(F)F)c[n+]1CCC[n+]1cc(C(F)(F)F)ccc1OC""}, {""carbon_atoms"": 1, ""elements"": ""C,F,O,S"", ""formal_charge"": -1, ""heavy_atoms"": 8, ""smiles"": ""O=S(=O)([O-])C(F)(F)F""}, {""carbon_atoms"": 1, ""elements"": ""C,F,O,S"", ""formal_charge"": -1, ""heavy_atoms"": 8, ""smiles"": ""O=S(=O)([O-])C(F)(F)F""}]",Disconnected fragments remain after salt removal
3605,JSAZPCMIHLNCTG-UHFFFAOYSA-M,COc1ccc(C(F)(F)F)c[n+]1CCCCCO.O=S(=O)([O-])C(F)(F)F,CHEMBL2441677,CHEMBL3558901,13509793,1928007,small charged fragment; residual salt or counterion candidate,2,"[{""carbon_atoms"": 12, ""elements"": ""C,F,N,O"", ""formal_charge"": 1, ""heavy_atoms"": 18, ""smiles"": ""COc1ccc(C(F)(F)F)c[n+]1CCCCCO""}, {""carbon_atoms"": 1, ""elements"": ""C,F,O,S"", ""formal_charge"": -1, ""heavy_atoms"": 8, ""smiles"": ""O=S(=O)([O-])C(F)(F)F""}]",Disconnected fragments remain after salt removal
3606,WEAJDBKFZZKOML-UHFFFAOYSA-M,COc1cc2c(cc1OC)C(=O)C(CCCCCCCc1cccc(OC)[n+]1C)C2.O=S(=O)([O-])C(F)(F)F,CHEMBL2441676,CHEMBL3558918,13509794,1928006,small charged fragment; residual salt or counterion candidate,2,"[{""carbon_atoms"": 25, ""elements"": ""C,N,O"", ""formal_charge"": 1, ""heavy_atoms"": 30, ""smiles"": ""COc1cc2c(cc1OC)C(=O)C(CCCCCCCc1cccc(OC)[n+]1C)C2""}, {""carbon_atoms"": 1, ""elements"": ""C,F,O,S"", ""formal_charge"": -1, ""heavy_atoms"": 8, ""smiles"": ""O=S(=O)([O-])C(F)(F)F""}]",Disconnected fragments remain after salt removal
3607,UJVAAQLXSLBDKJ-UHFFFAOYSA-M,COc1cc2c(cc1OC)C(=O)C(CCCCCCc1cccc(OC)[n+]1C)C2.O=S(=O)([O-])C(F)(F)F,CHEMBL2441675,CHEMBL3558917,13509795,1928005,small charged fragment; residual salt or counterion candidate,2,"[{""carbon_atoms"": 24, ""elements"": ""C,N,O"", ""formal_charge"": 1, ""heavy_atoms"": 29, ""smiles"": ""COc1cc2c(cc1OC)C(=O)C(CCCCCCc1cccc(OC)[n+]1C)C2""}, {""carbon_atoms"": 1, ""elements"": ""C,F,O,S"", ""formal_charge"": -1, ""heavy_atoms"": 8, ""smiles"": ""O=S(=O)([O-])C(F)(F)F""}]",Disconnected fragments remain after salt removal
3608,VBUYOKNRZXECHE-UHFFFAOYSA-M,COc1cc2c(cc1OC)C(=O)C(CCCCCc1cccc(OC)[n+]1C)C2.O=S(=O)([O-])C(F)(F)F,CHEMBL2441674,CHEMBL3558916,13509796,1928004,small charged fragment; residual salt or counterion candidate,2,"[{""carbon_atoms"": 23, ""elements"": ""C,N,O"", ""formal_charge"": 1, ""heavy_atoms"": 28, ""smiles"": ""COc1cc2c(cc1OC)C(=O)C(CCCCCc1cccc(OC)[n+]1C)C2""}, {""carbon_atoms"": 1, ""elements"": ""C,F,O,S"", ""formal_charge"": -1, ""heavy_atoms"": 8, ""smiles"": ""O=S(=O)([O-])C(F)(F)F""}]",Disconnected fragments remain after salt removal
3609,BSUMSWVFHNXTDM-UHFFFAOYSA-L,COc1cc2c(cc1OC)C[N+](C)(CCCCCCCc1cccc(OC)[n+]1C)CC2.O=S(=O)([O-])C(F)(F)F.O=S(=O)([O-])C(F)(F)F,CHEMBL2441673,CHEMBL3558915,13509797,1928003,small charged fragment; residual salt or counterion candidate,3,"[{""carbon_atoms"": 26, ""elements"": ""C,N,O"", ""formal_charge"": 2, ""heavy_atoms"": 31, ""smiles"": ""COc1cc2c(cc1OC)C[N+](C)(CCCCCCCc1cccc(OC)[n+]1C)CC2""}, {""carbon_atoms"": 1, ""elements"": ""C,F,O,S"", ""formal_charge"": -1, ""heavy_atoms"": 8, ""smiles"": ""O=S(=O)([O-])C(F)(F)F""}, {""carbon_atoms"": 1, ""elements"": ""C,F,O,S"", ""formal_charge"": -1, ""heavy_atoms"": 8, ""smiles"": ""O=S(=O)([O-])C(F)(F)F""}]",Disconnected fragments remain after salt removal
3610,NMTWMKMOKNHOOG-UHFFFAOYSA-L,COc1cc2c(cc1OC)C[N+](C)(CCCCCCc1cccc(OC)[n+]1C)CC2.O=S(=O)([O-])C(F)(F)F.O=S(=O)([O-])C(F)(F)F,CHEMBL2441672,CHEMBL3558914,13509798,1928002,small charged fragment; residual salt or counterion candidate,3,"[{""carbon_atoms"": 25, ""elements"": ""C,N,O"", ""formal_charge"": 2, ""heavy_atoms"": 30, ""smiles"": ""COc1cc2c(cc1OC)C[N+](C)(CCCCCCc1cccc(OC)[n+]1C)CC2""}, {""carbon_atoms"": 1, ""elements"": ""C,F,O,S"", ""formal_charge"": -1, ""heavy_atoms"": 8, ""smiles"": ""O=S(=O)([O-])C(F)(F)F""}, {""carbon_atoms"": 1, ""elements"": ""C,F,O,S"", ""formal_charge"": -1, ""heavy_atoms"": 8, ""smiles"": ""O=S(=O)([O-])C(F)(F)F""}]",Disconnected fragments remain after salt removal
3611,DNIAPZKFQRYDIQ-UHFFFAOYSA-L,COc1cc2c(cc1OC)C[N+](C)(CCCCCc1cccc(OC)[n+]1C)CC2.O=S(=O)([O-])C(F)(F)F.O=S(=O)([O-])C(F)(F)F,CHEMBL2441671,CHEMBL3558900,13509799,1928001,small charged fragment; residual salt or counterion candidate,3,"[{""carbon_atoms"": 24, ""elements"": ""C,N,O"", ""formal_charge"": 2, ""heavy_atoms"": 29, ""smiles"": ""COc1cc2c(cc1OC)C[N+](C)(CCCCCc1cccc(OC)[n+]1C)CC2""}, {""carbon_atoms"": 1, ""elements"": ""C,F,O,S"", ""formal_charge"": -1, ""heavy_atoms"": 8, ""smiles"": ""O=S(=O)([O-])C(F)(F)F""}, {""carbon_atoms"": 1, ""elements"": ""C,F,O,S"", ""formal_charge"": -1, ""heavy_atoms"": 8, ""smiles"": ""O=S(=O)([O-])C(F)(F)F""}]",Disconnected fragments remain after salt removal
3612,WASMKRBLJDLFHW-UHFFFAOYSA-L,COc1cc2c(cc1OC)C[N+](C)(CCCCc1cccc(OC)[n+]1C)CC2.O=S(=O)([O-])C(F)(F)F.O=S(=O)([O-])C(F)(F)F,CHEMBL2441670,CHEMBL3558894,13509800,1928000,small charged fragment; residual salt or counterion candidate,3,"[{""carbon_atoms"": 23, ""elements"": ""C,N,O"", ""formal_charge"": 2, ""heavy_atoms"": 28, ""smiles"": ""COc1cc2c(cc1OC)C[N+](C)(CCCCc1cccc(OC)[n+]1C)CC2""}, {""carbon_atoms"": 1, ""elements"": ""C,F,O,S"", ""formal_charge"": -1, ""heavy_atoms"": 8, ""smiles"": ""O=S(=O)([O-])C(F)(F)F""}, {""carbon_atoms"": 1, ""elements"": ""C,F,O,S"", ""formal_charge"": -1, ""heavy_atoms"": 8, ""smiles"": ""O=S(=O)([O-])C(F)(F)F""}]",Disconnected fragments remain after salt removal
3613,QFBURNNTMZXPOD-UHFFFAOYSA-L,COc1cccc(CCCCCCCCc2cccc(OC)[n+]2C)[n+]1C.O=S(=O)([O-])C(F)(F)F.O=S(=O)([O-])C(F)(F)F,CHEMBL2441669,CHEMBL3558899,13509801,1927999,small charged fragment; residual salt or counterion candidate,3,"[{""carbon_atoms"": 22, ""elements"": ""C,N,O"", ""formal_charge"": 2, ""heavy_atoms"": 26, ""smiles"": ""COc1cccc(CCCCCCCCc2cccc(OC)[n+]2C)[n+]1C""}, {""carbon_atoms"": 1, ""elements"": ""C,F,O,S"", ""formal_charge"": -1, ""heavy_atoms"": 8, ""smiles"": ""O=S(=O)([O-])C(F)(F)F""}, {""carbon_atoms"": 1, ""elements"": ""C,F,O,S"", ""formal_charge"": -1, ""heavy_atoms"": 8, ""smiles"": ""O=S(=O)([O-])C(F)(F)F""}]",Disconnected fragments remain after salt removal
3614,QRYDRTQUSXTXJI-UHFFFAOYSA-L,COc1cccc(CCCCCCCc2cccc(OC)[n+]2C)[n+]1C.O=S(=O)([O-])C(F)(F)F.O=S(=O)([O-])C(F)(F)F,CHEMBL2441668,CHEMBL3558898,13509802,1927998,small charged fragment; residual salt or counterion candidate,3,"[{""carbon_atoms"": 21, ""elements"": ""C,N,O"", ""formal_charge"": 2, ""heavy_atoms"": 25, ""smiles"": ""COc1cccc(CCCCCCCc2cccc(OC)[n+]2C)[n+]1C""}, {""carbon_atoms"": 1, ""elements"": ""C,F,O,S"", ""formal_charge"": -1, ""heavy_atoms"": 8, ""smiles"": ""O=S(=O)([O-])C(F)(F)F""}, {""carbon_atoms"": 1, ""elements"": ""C,F,O,S"", ""formal_charge"": -1, ""heavy_atoms"": 8, ""smiles"": ""O=S(=O)([O-])C(F)(F)F""}]",Disconnected fragments remain after salt removal
3615,RHYDVDVFZJIWDU-UHFFFAOYSA-L,COc1cccc(CCCCCCc2cccc(OC)[n+]2C)[n+]1C.O=S(=O)([O-])C(F)(F)F.O=S(=O)([O-])C(F)(F)F,CHEMBL2441667,CHEMBL3558897,13509803,1927997,small charged fragment; residual salt or counterion candidate,3,"[{""carbon_atoms"": 20, ""elements"": ""C,N,O"", ""formal_charge"": 2, ""heavy_atoms"": 24, ""smiles"": ""COc1cccc(CCCCCCc2cccc(OC)[n+]2C)[n+]1C""}, {""carbon_atoms"": 1, ""elements"": ""C,F,O,S"", ""formal_charge"": -1, ""heavy_atoms"": 8, ""smiles"": ""O=S(=O)([O-])C(F)(F)F""}, {""carbon_atoms"": 1, ""elements"": ""C,F,O,S"", ""formal_charge"": -1, ""heavy_atoms"": 8, ""smiles"": ""O=S(=O)([O-])C(F)(F)F""}]",Disconnected fragments remain after salt removal
3616,QTAZWBRNRWOAHK-UHFFFAOYSA-L,COc1cccc(CCCCCc2cccc(OC)[n+]2C)[n+]1C.O=S(=O)([O-])C(F)(F)F.O=S(=O)([O-])C(F)(F)F,CHEMBL2441666,CHEMBL3558913,13509804,1927996,small charged fragment; residual salt or counterion candidate,3,"[{""carbon_atoms"": 19, ""elements"": ""C,N,O"", ""formal_charge"": 2, ""heavy_atoms"": 23, ""smiles"": ""COc1cccc(CCCCCc2cccc(OC)[n+]2C)[n+]1C""}, {""carbon_atoms"": 1, ""elements"": ""C,F,O,S"", ""formal_charge"": -1, ""heavy_atoms"": 8, ""smiles"": ""O=S(=O)([O-])C(F)(F)F""}, {""carbon_atoms"": 1, ""elements"": ""C,F,O,S"", ""formal_charge"": -1, ""heavy_atoms"": 8, ""smiles"": ""O=S(=O)([O-])C(F)(F)F""}]",Disconnected fragments remain after salt removal
3617,JPPCLTDDFRWLJD-UHFFFAOYSA-L,COc1cccc(CCc2cccc(OC)[n+]2C)[n+]1C.O=S(=O)([O-])C(F)(F)F.O=S(=O)([O-])C(F)(F)F,CHEMBL2441665,CHEMBL3558912,13509805,1927995,small charged fragment; residual salt or counterion candidate,3,"[{""carbon_atoms"": 16, ""elements"": ""C,N,O"", ""formal_charge"": 2, ""heavy_atoms"": 20, ""smiles"": ""COc1cccc(CCc2cccc(OC)[n+]2C)[n+]1C""}, {""carbon_atoms"": 1, ""elements"": ""C,F,O,S"", ""formal_charge"": -1, ""heavy_atoms"": 8, ""smiles"": ""O=S(=O)([O-])C(F)(F)F""}, {""carbon_atoms"": 1, ""elements"": ""C,F,O,S"", ""formal_charge"": -1, ""heavy_atoms"": 8, ""smiles"": ""O=S(=O)([O-])C(F)(F)F""}]",Disconnected fragments remain after salt removal
5214,QJIQQDHJZNJCAK-UHFFFAOYSA-N,C[n+]1c2ccccc2c(-c2ccccc2)c2ccccc21.F[B-](F)(F)F,CHEMBL4090498,CHEMBL4117538,18221736,3023680,small charged fragment; residual salt or counterion candidate,2,"[{""carbon_atoms"": 20, ""elements"": ""C,N"", ""formal_charge"": 1, ""heavy_atoms"": 21, ""smiles"": ""C[n+]1c2ccccc2c(-c2ccccc2)c2ccccc21""}, {""carbon_atoms"": 0, ""elements"": ""B,F"", ""formal_charge"": -1, ""heavy_atoms"": 5, ""smiles"": ""F[B-](F)(F)F""}]",Disconnected fragments remain after salt removal
5215,GEPQXJSCQZRDPR-UHFFFAOYSA-N,Cc1ccc(-c2c3ccccc3[n+](C)c3ccccc23)cc1.F[B-](F)(F)F,CHEMBL4069472,CHEMBL4117767,18221737,3023681,small charged fragment; residual salt or counterion candidate,2,"[{""carbon_atoms"": 21, ""elements"": ""C,N"", ""formal_charge"": 1, ""heavy_atoms"": 22, ""smiles"": ""Cc1ccc(-c2c3ccccc3[n+](C)c3ccccc23)cc1""}, {""carbon_atoms"": 0, ""elements"": ""B,F"", ""formal_charge"": -1, ""heavy_atoms"": 5, ""smiles"": ""F[B-](F)(F)F""}]",Disconnected fragments remain after salt removal
5216,VDDAQULAKJCUMT-UHFFFAOYSA-O,C[n+]1c2ccccc2c(-c2ccc(N)cc2)c2ccccc21.F[B-](F)(F)F,CHEMBL4104952,CHEMBL4117272,18221738,3023682,small charged fragment; residual salt or counterion candidate,2,"[{""carbon_atoms"": 20, ""elements"": ""C,N"", ""formal_charge"": 1, ""heavy_atoms"": 22, ""smiles"": ""C[n+]1c2ccccc2c(-c2ccc(N)cc2)c2ccccc21""}, {""carbon_atoms"": 0, ""elements"": ""B,F"", ""formal_charge"": -1, ""heavy_atoms"": 5, ""smiles"": ""F[B-](F)(F)F""}]",Disconnected fragments remain after salt removal
5217,LJYRFWOVKRFWDT-UHFFFAOYSA-N,CCN(CC)c1ccc(-c2c3ccccc3[n+](C)c3ccccc23)cc1.F[B-](F)(F)F,CHEMBL4080726,CHEMBL4117409,18221739,3023683,small charged fragment; residual salt or counterion candidate,2,"[{""carbon_atoms"": 24, ""elements"": ""C,N"", ""formal_charge"": 1, ""heavy_atoms"": 26, ""smiles"": ""CCN(CC)c1ccc(-c2c3ccccc3[n+](C)c3ccccc23)cc1""}, {""carbon_atoms"": 0, ""elements"": ""B,F"", ""formal_charge"": -1, ""heavy_atoms"": 5, ""smiles"": ""F[B-](F)(F)F""}]",Disconnected fragments remain after salt removal
5218,NBFTUVPRELWPTN-UHFFFAOYSA-O,C[n+]1c2ccccc2c(-c2ccc(NC(=O)C(F)(F)F)cc2)c2ccccc21.F[B-](F)(F)F,CHEMBL4097249,CHEMBL4116516,18221740,3023684,small charged fragment; residual salt or counterion candidate,2,"[{""carbon_atoms"": 22, ""elements"": ""C,F,N,O"", ""formal_charge"": 1, ""heavy_atoms"": 28, ""smiles"": ""C[n+]1c2ccccc2c(-c2ccc(NC(=O)C(F)(F)F)cc2)c2ccccc21""}, {""carbon_atoms"": 0, ""elements"": ""B,F"", ""formal_charge"": -1, ""heavy_atoms"": 5, ""smiles"": ""F[B-](F)(F)F""}]",Disconnected fragments remain after salt removal
5219,LVPQLHGFEFJVIY-UHFFFAOYSA-O,CC(=O)Nc1ccc(-c2c3ccccc3[n+](C)c3ccccc23)cc1.F[B-](F)(F)F,CHEMBL4070057,CHEMBL4117872,18221741,3023685,small charged fragment; residual salt or counterion candidate,2,"[{""carbon_atoms"": 22, ""elements"": ""C,N,O"", ""formal_charge"": 1, ""heavy_atoms"": 25, ""smiles"": ""CC(=O)Nc1ccc(-c2c3ccccc3[n+](C)c3ccccc23)cc1""}, {""carbon_atoms"": 0, ""elements"": ""B,F"", ""formal_charge"": -1, ""heavy_atoms"": 5, ""smiles"": ""F[B-](F)(F)F""}]",Disconnected fragments remain after salt removal
5220,ARPIRDNTBBMMOV-UHFFFAOYSA-N,C[n+]1c2ccccc2c(-c2ccc(F)cc2)c2ccccc21.F[B-](F)(F)F,CHEMBL4078265,CHEMBL4117965,18221742,3023686,small charged fragment; residual salt or counterion candidate,2,"[{""carbon_atoms"": 20, ""elements"": ""C,F,N"", ""formal_charge"": 1, ""heavy_atoms"": 22, ""smiles"": ""C[n+]1c2ccccc2c(-c2ccc(F)cc2)c2ccccc21""}, {""carbon_atoms"": 0, ""elements"": ""B,F"", ""formal_charge"": -1, ""heavy_atoms"": 5, ""smiles"": ""F[B-](F)(F)F""}]",Disconnected fragments remain after salt removal
5221,BCLZKIRWDWQUPF-UHFFFAOYSA-N,COc1ccc(-c2c3ccccc3[n+](C)c3ccccc23)cc1.F[B-](F)(F)F,CHEMBL4096311,CHEMBL4117139,18221743,3023687,small charged fragment; residual salt or counterion candidate,2,"[{""carbon_atoms"": 21, ""elements"": ""C,N,O"", ""formal_charge"": 1, ""heavy_atoms"": 23, ""smiles"": ""COc1ccc(-c2c3ccccc3[n+](C)c3ccccc23)cc1""}, {""carbon_atoms"": 0, ""elements"": ""B,F"", ""formal_charge"": -1, ""heavy_atoms"": 5, ""smiles"": ""F[B-](F)(F)F""}]",Disconnected fragments remain after salt removal
5222,YORKUFKQURBMSZ-UHFFFAOYSA-O,C[n+]1c2ccccc2c(-c2cc(C(C)(C)C)cc(C(C)(C)C)c2O)c2ccccc21.F[B-](F)(F)F,CHEMBL4067342,CHEMBL4117328,18221744,3023688,small charged fragment; residual salt or counterion candidate,2,"[{""carbon_atoms"": 28, ""elements"": ""C,N,O"", ""formal_charge"": 1, ""heavy_atoms"": 30, ""smiles"": ""C[n+]1c2ccccc2c(-c2cc(C(C)(C)C)cc(C(C)(C)C)c2O)c2ccccc21""}, {""carbon_atoms"": 0, ""elements"": ""B,F"", ""formal_charge"": -1, ""heavy_atoms"": 5, ""smiles"": ""F[B-](F)(F)F""}]",Disconnected fragments remain after salt removal
5223,BAGSXLUDVYKVIC-UHFFFAOYSA-O,Cc1cc(-c2c3ccccc3[n+](C)c3ccccc23)cc(C)c1O.F[B-](F)(F)F,CHEMBL4088594,CHEMBL4117013,18221745,3023689,small charged fragment; residual salt or counterion candidate,2,"[{""carbon_atoms"": 22, ""elements"": ""C,N,O"", ""formal_charge"": 1, ""heavy_atoms"": 24, ""smiles"": ""Cc1cc(-c2c3ccccc3[n+](C)c3ccccc23)cc(C)c1O""}, {""carbon_atoms"": 0, ""elements"": ""B,F"", ""formal_charge"": -1, ""heavy_atoms"": 5, ""smiles"": ""F[B-](F)(F)F""}]",Disconnected fragments remain after salt removal
5224,INWDKRFVPRXIOW-UHFFFAOYSA-N,Cc1cc(-c2c3ccccc3[n+](C)c3ccccc23)cc(C)c1C.F[B-](F)(F)F,CHEMBL4071110,CHEMBL4117082,18221746,3023690,small charged fragment; residual salt or counterion candidate,2,"[{""carbon_atoms"": 23, ""elements"": ""C,N"", ""formal_charge"": 1, ""heavy_atoms"": 24, ""smiles"": ""Cc1cc(-c2c3ccccc3[n+](C)c3ccccc23)cc(C)c1C""}, {""carbon_atoms"": 0, ""elements"": ""B,F"", ""formal_charge"": -1, ""heavy_atoms"": 5, ""smiles"": ""F[B-](F)(F)F""}]",Disconnected fragments remain after salt removal
5225,IIUWPXLRLXWQNY-UHFFFAOYSA-O,C[n+]1c2ccccc2c(-c2c(O)ccc3ccccc23)c2ccccc21.F[B-](F)(F)F,CHEMBL4091935,CHEMBL4117613,18221747,3023691,small charged fragment; residual salt or counterion candidate,2,"[{""carbon_atoms"": 24, ""elements"": ""C,N,O"", ""formal_charge"": 1, ""heavy_atoms"": 26, ""smiles"": ""C[n+]1c2ccccc2c(-c2c(O)ccc3ccccc23)c2ccccc21""}, {""carbon_atoms"": 0, ""elements"": ""B,F"", ""formal_charge"": -1, ""heavy_atoms"": 5, ""smiles"": ""F[B-](F)(F)F""}]",Disconnected fragments remain after salt removal
5226,ZAFVQDWBFZDZMN-UHFFFAOYSA-N,C[n+]1c2ccccc2c(-c2cccs2)c2ccccc21.F[B-](F)(F)F,CHEMBL4070092,CHEMBL4116517,18221748,3023692,small charged fragment; residual salt or counterion candidate,2,"[{""carbon_atoms"": 18, ""elements"": ""C,N,S"", ""formal_charge"": 1, ""heavy_atoms"": 20, ""smiles"": ""C[n+]1c2ccccc2c(-c2cccs2)c2ccccc21""}, {""carbon_atoms"": 0, ""elements"": ""B,F"", ""formal_charge"": -1, ""heavy_atoms"": 5, ""smiles"": ""F[B-](F)(F)F""}]",Disconnected fragments remain after salt removal
5233,OKRHHXVOEYSUHF-UHFFFAOYSA-O,C[n+]1c2ccccc2c(N)c2ccccc21.F[B-](F)(F)F,CHEMBL4063635,CHEMBL1181389,18221755,3023699,small charged fragment; residual salt or counterion candidate,2,"[{""carbon_atoms"": 14, ""elements"": ""C,N"", ""formal_charge"": 1, ""heavy_atoms"": 16, ""smiles"": ""C[n+]1c2ccccc2c(N)c2ccccc21""}, {""carbon_atoms"": 0, ""elements"": ""B,F"", ""formal_charge"": -1, ""heavy_atoms"": 5, ""smiles"": ""F[B-](F)(F)F""}]",Disconnected fragments remain after salt removal
5234,BKTZBFNYKWRXJS-UHFFFAOYSA-O,CCCCNc1c2ccccc2[n+](C)c2ccccc12.F[B-](F)(F)F,CHEMBL4083288,CHEMBL4117741,18221756,3023700,small charged fragment; residual salt or counterion candidate,2,"[{""carbon_atoms"": 18, ""elements"": ""C,N"", ""formal_charge"": 1, ""heavy_atoms"": 20, ""smiles"": ""CCCCNc1c2ccccc2[n+](C)c2ccccc12""}, {""carbon_atoms"": 0, ""elements"": ""B,F"", ""formal_charge"": -1, ""heavy_atoms"": 5, ""smiles"": ""F[B-](F)(F)F""}]",Disconnected fragments remain after salt removal
5395,IURNUQXLRLZNBM-YLAFAASESA-N,CNC(=O)Oc1ccc2c(c1)[C@]1(C)CCN[C@@H]1N2.O=C(O)c1ccccc1O,CHEMBL4172401,CHEMBL4299889,18343553,3046060,multiple substantial organic components; mixture or multicomponent entity uncertain,2,"[{""carbon_atoms"": 13, ""elements"": ""C,N,O"", ""formal_charge"": 0, ""heavy_atoms"": 18, ""smiles"": ""CNC(=O)Oc1ccc2c(c1)[C@]1(C)CCN[C@@H]1N2""}, {""carbon_atoms"": 7, ""elements"": ""C,O"", ""formal_charge"": 0, ""heavy_atoms"": 10, ""smiles"": ""O=C(O)c1ccccc1O""}]",Disconnected fragments remain after salt removal
5397,IURNUQXLRLZNBM-YLAFAASESA-N,CNC(=O)Oc1ccc2c(c1)[C@]1(C)CCN[C@@H]1N2.O=C(O)c1ccccc1O,CHEMBL4172401,CHEMBL4299889,18343573,3046060,multiple substantial organic components; mixture or multicomponent entity uncertain,2,"[{""carbon_atoms"": 13, ""elements"": ""C,N,O"", ""formal_charge"": 0, ""heavy_atoms"": 18, ""smiles"": ""CNC(=O)Oc1ccc2c(c1)[C@]1(C)CCN[C@@H]1N2""}, {""carbon_atoms"": 7, ""elements"": ""C,O"", ""formal_charge"": 0, ""heavy_atoms"": 10, ""smiles"": ""O=C(O)c1ccccc1O""}]",Disconnected fragments remain after salt removal
5515,QVTLTOVJHONAJB-UHFFFAOYSA-N,CN(C)C(=O)Oc1cccc2c1cc(C(=O)NCCOCCO)c[n+]2C.COS(=O)(=O)[O-],CHEMBL4165100,CHEMBL4301960,18430824,3058840,small charged fragment; residual salt or counterion candidate,2,"[{""carbon_atoms"": 18, ""elements"": ""C,N,O"", ""formal_charge"": 1, ""heavy_atoms"": 26, ""smiles"": ""CN(C)C(=O)Oc1cccc2c1cc(C(=O)NCCOCCO)c[n+]2C""}, {""carbon_atoms"": 1, ""elements"": ""C,O,S"", ""formal_charge"": -1, ""heavy_atoms"": 6, ""smiles"": ""COS(=O)(=O)[O-]""}]",Disconnected fragments remain after salt removal
5517,LFGCRRHRHMMUPN-UHFFFAOYSA-N,CN(C)C(=O)Oc1cccc2c1cc(C(=O)NCCOCCOCCN1C(=O)c3ccccc3C1=O)c[n+]2C.O=S(=O)([O-])C(F)(F)F,CHEMBL4168520,CHEMBL4302781,18430826,3058842,small charged fragment; residual salt or counterion candidate,2,"[{""carbon_atoms"": 28, ""elements"": ""C,N,O"", ""formal_charge"": 1, ""heavy_atoms"": 39, ""smiles"": ""CN(C)C(=O)Oc1cccc2c1cc(C(=O)NCCOCCOCCN1C(=O)c3ccccc3C1=O)c[n+]2C""}, {""carbon_atoms"": 1, ""elements"": ""C,F,O,S"", ""formal_charge"": -1, ""heavy_atoms"": 8, ""smiles"": ""O=S(=O)([O-])C(F)(F)F""}]",Disconnected fragments remain after salt removal
7517,ZSFKPACEHFMZRW-JCDSVUNTSA-N,CCN1/C(=C/C(C)=O)Sc2ccc(OC(=O)OCCOCCNC(=O)c3cc4c(OC(=O)N(C)C)cccc4[n+](C)c3)cc21.COS(=O)(=O)[O-],CHEMBL5219350,CHEMBL5223028,24963218,3899820,small charged fragment; residual salt or counterion candidate,2,"[{""carbon_atoms"": 31, ""elements"": ""C,N,O,S"", ""formal_charge"": 1, ""heavy_atoms"": 44, ""smiles"": ""CCN1/C(=C/C(C)=O)Sc2ccc(OC(=O)OCCOCCNC(=O)c3cc4c(OC(=O)N(C)C)cccc4[n+](C)c3)cc21""}, {""carbon_atoms"": 1, ""elements"": ""C,O,S"", ""formal_charge"": -1, ""heavy_atoms"": 6, ""smiles"": ""COS(=O)(=O)[O-]""}]",Disconnected fragments remain after salt removal
