scope,count,missing,nonfinite,min,max,mean,median,std,statistic,value
train,4204.0,0.0,0.0,5.0,10.96059,6.552062252616556,6.35655,1.1357767455142145,,
train,,,,,,,,,quantile_1%,5.0182727
train,,,,,,,,,quantile_5%,5.11919
train,,,,,,,,,quantile_25%,5.63827
train,,,,,,,,,quantile_50%,6.35655
train,,,,,,,,,quantile_75%,7.26323
train,,,,,,,,,quantile_95%,8.647242499999999
train,,,,,,,,,quantile_99%,9.852971200000008
test,1051.0,0.0,0.0,5.0,9.92082,6.627418924833492,6.50864,1.158179240226118,,
test,,,,,,,,,quantile_1%,5.0
test,,,,,,,,,quantile_5%,5.0778
test,,,,,,,,,quantile_25%,5.60206
test,,,,,,,,,quantile_50%,6.50864
test,,,,,,,,,quantile_75%,7.4437
test,,,,,,,,,quantile_95%,8.776035
test,,,,,,,,,quantile_99%,9.337655
