stage_order,stage,before_rows,rows_after,rows_removed,percent_removed,unique_InChIKeys,unique_cleaned_SMILES,missing_canonical_smiles,missing_standard_units,missing_standard_value,standard_value_count,standard_value_missing,standard_value_nonfinite,standard_value_min,standard_value_max,standard_value_mean,standard_value_median,standard_value_std,missing_cleaned_smiles,missing_InChIkey,missing_IC50,IC50_count,IC50_missing,IC50_nonfinite,IC50_min,IC50_max,IC50_mean,IC50_median,IC50_std,missing_PIC50,PIC50_count,PIC50_missing,PIC50_nonfinite,PIC50_min,PIC50_max,PIC50_mean,PIC50_median,PIC50_std
1,Raw saved ChEMBL retrieval snapshot,8793,8793,0,0.0,0,7175,2.0,0,0,8793,0,0,0.0,163681652.14,111617.47614405947,1450.0,2001514.3332938298,,,,,,,,,,,,,,,,,,,,
2,Initial validity/null handling,8793,8072,721,8.199704310246787,0,6571,1.0,0,0,8072,0,0,0.008,100000.0,10349.18698277998,1000.0,21889.752790934133,,,,,,,,,,,,,,,,,,,,
3,Salt removal and SMILES cleaning,8072,8072,0,0.0,0,6471,,0,0,8072,0,0,0.008,100000.0,10349.18698277998,1000.0,21889.752790934133,1.0,,,,,,,,,,,,,,,,,,,
4,InChIKey generation,8072,8072,0,0.0,6471,6471,,0,0,8072,0,0,0.008,100000.0,10349.18698277998,1000.0,21889.752790934133,1.0,1.0,,,,,,,,,,,,,,,,,,
5,potential_duplicate removal,8072,7248,824,10.20812685827552,6471,6471,,0,0,7248,0,0,0.008,100000.0,11228.330996978477,1350.0,22748.503371773935,1.0,1.0,,,,,,,,,,,,,,,,,,
6,Supported-unit filter and IC50 normalization,7248,7185,63,0.8692052980132451,6421,6421,,0,0,7185,0,0,0.01095,100000.0,11326.705585956855,1418.0,22823.65067265197,1.0,1.0,0.0,7185.0,0.0,0.0,0.01095,100000.0,11327.440730006958,1418.0,22823.303800147547,,,,,,,,,
7,pIC50 conversion,7185,7185,0,0.0,6421,6421,,0,0,7185,0,0,0.01095,100000.0,11326.705585956855,1418.0,22823.65067265197,1.0,1.0,0.0,7185.0,0.0,0.0,0.01095,100000.0,11327.440730006958,1418.0,22823.303800147547,0.0,7185.0,0.0,0.0,4.0,10.96059,6.037848480167015,5.84832,1.3282337385354588
8,"standard_relation == ""="" filter",7185,6462,723,10.062630480167014,5735,5735,,0,0,6462,0,0,0.01095,100000.0,7732.846806731662,930.0,16293.436848013727,1.0,1.0,0.0,6462.0,0.0,0.0,0.01095,100000.0,7733.664202274838,930.0,16293.076900161439,0.0,6462.0,0.0,0.0,4.0,10.96059,6.192455530795419,6.03152,1.297581599922097
9,IC50_nM > 0 and IC50_nM <= 10000 activity filter,6462,5255,1207,18.67842773135252,4620,4620,,0,0,5255,0,0,0.01095,10000.0,1703.7392797526168,400.0,2505.3317714025966,1.0,1.0,0.0,5255.0,0.0,0.0,0.01095,10000.0,1704.74441961941,410.0,2504.872361531494,0.0,5255.0,0.0,0.0,5.0,10.96059,6.567133587059944,6.38722,1.1405798027329845
10,Current-order replicate MAD <= 1.0,5255,5206,49,0.9324452901998097,4597,4597,,0,0,5206,0,0,0.01095,10000.0,1697.6311242988857,403.5,2500.610809713102,0.0,0.0,0.0,5206.0,0.0,0.0,0.01095,10000.0,1698.6457247598923,411.0,2500.148676231616,0.0,5206.0,0.0,0.0,5.0,10.96059,6.568239729158664,6.40304,1.1237502849684533
11,Final molecule-level InChIKey deduplication,5206,4597,609,11.698040722243565,4597,4597,,0,0,4597,0,0,0.01095,10000.0,1791.9007943223842,500.0,2555.5315531404744,0.0,0.0,0.0,4597.0,0.0,0.0,0.01095,10000.0,1793.0498067217752,500.0,2554.976994032237,0.0,4597.0,0.0,0.0,5.0,10.96059,6.517570785294757,6.30103,1.1280260559991142
