source_index,InChIkey,cleaned_smiles,warning,molecule_chembl_id,parent_molecule_chembl_id,activity_id,record_id,classification,component_count,components
1850,,,RDKit parse failed or cleaned SMILES is empty,,,,,,,
400,HJQWOPNMCWHTII-OIBOYYEISA-N,CNC(=O)Oc1ccc2c(c1)[C@]1(C)CC[N+](C)(C)C1N2C.COS(=O)(=O)[O-],Disconnected fragments remain after salt removal,CHEMBL539109,CHEMBL136526,645329.0,287886.0,small charged fragment; residual salt or counterion candidate,2.0,"[{""carbon_atoms"": 16, ""elements"": ""C,N,O"", ""formal_charge"": 1, ""heavy_atoms"": 21, ""smiles"": ""CNC(=O)Oc1ccc2c(c1)[C@]1(C)CC[N+](C)(C)C1N2C""}, {""carbon_atoms"": 1, ""elements"": ""C,O,S"", ""formal_charge"": -1, ""heavy_atoms"": 6, ""smiles"": ""COS(=O)(=O)[O-]""}]"
584,HZOTZTANVBDFOF-PBCQUBLHSA-N,CNC(=O)Oc1ccc2c(c1)[C@]1(C)CCN(C)[C@@H]1N2C.O=C(O)c1ccccc1O,Disconnected fragments remain after salt removal,CHEMBL338975,CHEMBL94,833026.0,231955.0,multiple substantial organic components; mixture or multicomponent entity uncertain,2.0,"[{""carbon_atoms"": 15, ""elements"": ""C,N,O"", ""formal_charge"": 0, ""heavy_atoms"": 20, ""smiles"": ""CNC(=O)Oc1ccc2c(c1)[C@]1(C)CCN(C)[C@@H]1N2C""}, {""carbon_atoms"": 7, ""elements"": ""C,O"", ""formal_charge"": 0, ""heavy_atoms"": 10, ""smiles"": ""O=C(O)c1ccccc1O""}]"
648,LZVMXWWPYZKCHX-LCOAMIHASA-N,CCCCCCNC(=O)Oc1ccc2c(c1)[C@]1(C)CCN(CCC)C1C2.Cc1ccc(C(=O)OC(C(=O)O)C(OC(=O)c2ccc(C)cc2)C(=O)O)cc1,Disconnected fragments remain after salt removal,CHEMBL2448609,CHEMBL2448608,947450.0,49750.0,multiple substantial organic components; mixture or multicomponent entity uncertain,2.0,"[{""carbon_atoms"": 20, ""elements"": ""C,O"", ""formal_charge"": 0, ""heavy_atoms"": 28, ""smiles"": ""Cc1ccc(C(=O)OC(C(=O)O)C(OC(=O)c2ccc(C)cc2)C(=O)O)cc1""}, {""carbon_atoms"": 22, ""elements"": ""C,N,O"", ""formal_charge"": 0, ""heavy_atoms"": 26, ""smiles"": ""CCCCCCNC(=O)Oc1ccc2c(c1)[C@]1(C)CCN(CCC)C1C2""}]"
1477,OSZNNLWOYWAHSS-UHFFFAOYSA-M,CN(C)C(=O)Oc1cccc([N+](C)(C)C)c1.COS(=O)(=O)[O-],Disconnected fragments remain after salt removal,CHEMBL211471,CHEMBL278020,1759434.0,524204.0,small charged fragment; residual salt or counterion candidate,2.0,"[{""carbon_atoms"": 12, ""elements"": ""C,N,O"", ""formal_charge"": 1, ""heavy_atoms"": 16, ""smiles"": ""CN(C)C(=O)Oc1cccc([N+](C)(C)C)c1""}, {""carbon_atoms"": 1, ""elements"": ""C,O,S"", ""formal_charge"": -1, ""heavy_atoms"": 6, ""smiles"": ""COS(=O)(=O)[O-]""}]"
1873,AIOPRUMQDAHASD-UHFFFAOYSA-N,O=C1C2=C(CCCC2)S(=O)(=O)N1c1ccncc1.[O-][Cl+3]([O-])([O-])O,Disconnected fragments remain after salt removal,CHEMBL512569,CHEMBL1187627,2379080.0,722217.0,other disconnected structure; uncertain,2.0,"[{""carbon_atoms"": 12, ""elements"": ""C,N,O,S"", ""formal_charge"": 0, ""heavy_atoms"": 18, ""smiles"": ""O=C1C2=C(CCCC2)S(=O)(=O)N1c1ccncc1""}, {""carbon_atoms"": 0, ""elements"": ""Cl,O"", ""formal_charge"": 0, ""heavy_atoms"": 5, ""smiles"": ""[O-][Cl+3]([O-])([O-])O""}]"
2556,OSZNNLWOYWAHSS-UHFFFAOYSA-M,CN(C)C(=O)Oc1cccc([N+](C)(C)C)c1.COS(=O)(=O)[O-],Disconnected fragments remain after salt removal,CHEMBL211471,CHEMBL278020,3370594.0,925572.0,small charged fragment; residual salt or counterion candidate,2.0,"[{""carbon_atoms"": 12, ""elements"": ""C,N,O"", ""formal_charge"": 1, ""heavy_atoms"": 16, ""smiles"": ""CN(C)C(=O)Oc1cccc([N+](C)(C)C)c1""}, {""carbon_atoms"": 1, ""elements"": ""C,O,S"", ""formal_charge"": -1, ""heavy_atoms"": 6, ""smiles"": ""COS(=O)(=O)[O-]""}]"
2559,CQGHRZNZXOPOFO-UHFFFAOYSA-N,COS(=O)(=O)[O-].C[N+](C)(C)c1cccc(OC(=O)Nc2ccccc2)c1,Disconnected fragments remain after salt removal,CHEMBL1172830,CHEMBL1200222,3370600.0,925608.0,small charged fragment; residual salt or counterion candidate,2.0,"[{""carbon_atoms"": 16, ""elements"": ""C,N,O"", ""formal_charge"": 1, ""heavy_atoms"": 20, ""smiles"": ""C[N+](C)(C)c1cccc(OC(=O)Nc2ccccc2)c1""}, {""carbon_atoms"": 1, ""elements"": ""C,O,S"", ""formal_charge"": -1, ""heavy_atoms"": 6, ""smiles"": ""COS(=O)(=O)[O-]""}]"
3446,OSZNNLWOYWAHSS-UHFFFAOYSA-M,CN(C)C(=O)Oc1cccc([N+](C)(C)C)c1.COS(=O)(=O)[O-],Disconnected fragments remain after salt removal,CHEMBL211471,CHEMBL278020,13280294.0,1892709.0,small charged fragment; residual salt or counterion candidate,2.0,"[{""carbon_atoms"": 12, ""elements"": ""C,N,O"", ""formal_charge"": 1, ""heavy_atoms"": 16, ""smiles"": ""CN(C)C(=O)Oc1cccc([N+](C)(C)C)c1""}, {""carbon_atoms"": 1, ""elements"": ""C,O,S"", ""formal_charge"": -1, ""heavy_atoms"": 6, ""smiles"": ""COS(=O)(=O)[O-]""}]"
3554,DZYGXSJGGFTJRZ-UHFFFAOYSA-L,COc1c(F)c[n+](CCC[n+]2cc(F)c(OC)c(F)c2)cc1F.O=S(=O)([O-])C(F)(F)F.O=S(=O)([O-])C(F)(F)F,Disconnected fragments remain after salt removal,CHEMBL2441695,CHEMBL3558911,13509742.0,1928026.0,small charged fragment; residual salt or counterion candidate,3.0,"[{""carbon_atoms"": 15, ""elements"": ""C,F,N,O"", ""formal_charge"": 2, ""heavy_atoms"": 23, ""smiles"": ""COc1c(F)c[n+](CCC[n+]2cc(F)c(OC)c(F)c2)cc1F""}, {""carbon_atoms"": 1, ""elements"": ""C,F,O,S"", ""formal_charge"": -1, ""heavy_atoms"": 8, ""smiles"": ""O=S(=O)([O-])C(F)(F)F""}, {""carbon_atoms"": 1, ""elements"": ""C,F,O,S"", ""formal_charge"": -1, ""heavy_atoms"": 8, ""smiles"": ""O=S(=O)([O-])C(F)(F)F""}]"
3555,JFDUQVSBGRJINQ-UHFFFAOYSA-M,COc1c(F)c[n+](C)cc1F.O=S(=O)([O-])C(F)(F)F,Disconnected fragments remain after salt removal,CHEMBL2441694,CHEMBL3558910,13509743.0,1928025.0,small charged fragment; residual salt or counterion candidate,2.0,"[{""carbon_atoms"": 7, ""elements"": ""C,F,N,O"", ""formal_charge"": 1, ""heavy_atoms"": 11, ""smiles"": ""COc1c(F)c[n+](C)cc1F""}, {""carbon_atoms"": 1, ""elements"": ""C,F,O,S"", ""formal_charge"": -1, ""heavy_atoms"": 8, ""smiles"": ""O=S(=O)([O-])C(F)(F)F""}]"
3556,RCILLJWHFVCMFJ-UHFFFAOYSA-N,COc1cccc(C#N)[n+]1C.F[B-](F)(F)F,Disconnected fragments remain after salt removal,CHEMBL2441693,CHEMBL3558909,13509744.0,1928024.0,small charged fragment; residual salt or counterion candidate,2.0,"[{""carbon_atoms"": 8, ""elements"": ""C,N,O"", ""formal_charge"": 1, ""heavy_atoms"": 11, ""smiles"": ""COc1cccc(C#N)[n+]1C""}, {""carbon_atoms"": 0, ""elements"": ""B,F"", ""formal_charge"": -1, ""heavy_atoms"": 5, ""smiles"": ""F[B-](F)(F)F""}]"
3557,IXIUOPRQOBPZBE-UHFFFAOYSA-N,COc1ccc(C#N)c[n+]1C.F[B-](F)(F)F,Disconnected fragments remain after salt removal,CHEMBL2441692,CHEMBL3558908,13509745.0,1928023.0,small charged fragment; residual salt or counterion candidate,2.0,"[{""carbon_atoms"": 8, ""elements"": ""C,N,O"", ""formal_charge"": 1, ""heavy_atoms"": 11, ""smiles"": ""COc1ccc(C#N)c[n+]1C""}, {""carbon_atoms"": 0, ""elements"": ""B,F"", ""formal_charge"": -1, ""heavy_atoms"": 5, ""smiles"": ""F[B-](F)(F)F""}]"
3558,NJWRPFBBVUCRJN-UHFFFAOYSA-N,COc1cc(C#N)cc[n+]1C.F[B-](F)(F)F,Disconnected fragments remain after salt removal,CHEMBL2441691,CHEMBL3558907,13509746.0,1928022.0,small charged fragment; residual salt or counterion candidate,2.0,"[{""carbon_atoms"": 8, ""elements"": ""C,N,O"", ""formal_charge"": 1, ""heavy_atoms"": 11, ""smiles"": ""COc1cc(C#N)cc[n+]1C""}, {""carbon_atoms"": 0, ""elements"": ""B,F"", ""formal_charge"": -1, ""heavy_atoms"": 5, ""smiles"": ""F[B-](F)(F)F""}]"
3559,MVZRDWBAHPJFAX-UHFFFAOYSA-N,COc1ccc([N+](=O)[O-])c[n+]1C.F[B-](F)(F)F,Disconnected fragments remain after salt removal,CHEMBL2441690,CHEMBL3558906,13509747.0,1928021.0,small charged fragment; residual salt or counterion candidate,2.0,"[{""carbon_atoms"": 7, ""elements"": ""C,N,O"", ""formal_charge"": 1, ""heavy_atoms"": 12, ""smiles"": ""COc1ccc([N+](=O)[O-])c[n+]1C""}, {""carbon_atoms"": 0, ""elements"": ""B,F"", ""formal_charge"": -1, ""heavy_atoms"": 5, ""smiles"": ""F[B-](F)(F)F""}]"
3560,NVKJIDUGEIZEPW-UHFFFAOYSA-N,COc1cccc(C(F)(F)F)[n+]1C.F[B-](F)(F)F,Disconnected fragments remain after salt removal,CHEMBL2441689,CHEMBL3558905,13509748.0,1928020.0,small charged fragment; residual salt or counterion candidate,2.0,"[{""carbon_atoms"": 8, ""elements"": ""C,F,N,O"", ""formal_charge"": 1, ""heavy_atoms"": 13, ""smiles"": ""COc1cccc(C(F)(F)F)[n+]1C""}, {""carbon_atoms"": 0, ""elements"": ""B,F"", ""formal_charge"": -1, ""heavy_atoms"": 5, ""smiles"": ""F[B-](F)(F)F""}]"
3561,GOPOJUNHRUEADH-UHFFFAOYSA-N,COc1ccc(C(F)(F)F)c[n+]1C.F[B-](F)(F)F,Disconnected fragments remain after salt removal,CHEMBL2441688,CHEMBL3558893,13509749.0,1928019.0,small charged fragment; residual salt or counterion candidate,2.0,"[{""carbon_atoms"": 8, ""elements"": ""C,F,N,O"", ""formal_charge"": 1, ""heavy_atoms"": 13, ""smiles"": ""COc1ccc(C(F)(F)F)c[n+]1C""}, {""carbon_atoms"": 0, ""elements"": ""B,F"", ""formal_charge"": -1, ""heavy_atoms"": 5, ""smiles"": ""F[B-](F)(F)F""}]"
3562,XHTGCKJCACSSBM-UHFFFAOYSA-N,COc1ccc(F)c[n+]1C.F[B-](F)(F)F,Disconnected fragments remain after salt removal,CHEMBL2441687,CHEMBL3558896,13509750.0,1928018.0,small charged fragment; residual salt or counterion candidate,2.0,"[{""carbon_atoms"": 7, ""elements"": ""C,F,N,O"", ""formal_charge"": 1, ""heavy_atoms"": 10, ""smiles"": ""COc1ccc(F)c[n+]1C""}, {""carbon_atoms"": 0, ""elements"": ""B,F"", ""formal_charge"": -1, ""heavy_atoms"": 5, ""smiles"": ""F[B-](F)(F)F""}]"
3564,KOHSSLUAOTXHJA-UHFFFAOYSA-N,COc1cccc[n+]1C.F[B-](F)(F)F,Disconnected fragments remain after salt removal,CHEMBL2441685,CHEMBL3558891,13509752.0,1928016.0,small charged fragment; residual salt or counterion candidate,2.0,"[{""carbon_atoms"": 7, ""elements"": ""C,N,O"", ""formal_charge"": 1, ""heavy_atoms"": 9, ""smiles"": ""COc1cccc[n+]1C""}, {""carbon_atoms"": 0, ""elements"": ""B,F"", ""formal_charge"": -1, ""heavy_atoms"": 5, ""smiles"": ""F[B-](F)(F)F""}]"
3565,ZMKVQRBBDBSXEZ-UHFFFAOYSA-M,COc1c(F)c[n+](CCCCCOc2ccc3c(C)cc(=O)oc3c2)cc1F.O=S(=O)([O-])C(F)(F)F,Disconnected fragments remain after salt removal,CHEMBL2441684,CHEMBL3558890,13509753.0,1928015.0,small charged fragment; residual salt or counterion candidate,2.0,"[{""carbon_atoms"": 21, ""elements"": ""C,F,N,O"", ""formal_charge"": 1, ""heavy_atoms"": 28, ""smiles"": ""COc1c(F)c[n+](CCCCCOc2ccc3c(C)cc(=O)oc3c2)cc1F""}, {""carbon_atoms"": 1, ""elements"": ""C,F,O,S"", ""formal_charge"": -1, ""heavy_atoms"": 8, ""smiles"": ""O=S(=O)([O-])C(F)(F)F""}]"
3566,XRUAEVWJKITXIG-UHFFFAOYSA-M,COc1c(F)c[n+](CCCCOc2ccc3c(C)cc(=O)oc3c2)cc1F.O=S(=O)([O-])C(F)(F)F,Disconnected fragments remain after salt removal,CHEMBL2440134,CHEMBL3558889,13509754.0,1928014.0,small charged fragment; residual salt or counterion candidate,2.0,"[{""carbon_atoms"": 20, ""elements"": ""C,F,N,O"", ""formal_charge"": 1, ""heavy_atoms"": 27, ""smiles"": ""COc1c(F)c[n+](CCCCOc2ccc3c(C)cc(=O)oc3c2)cc1F""}, {""carbon_atoms"": 1, ""elements"": ""C,F,O,S"", ""formal_charge"": -1, ""heavy_atoms"": 8, ""smiles"": ""O=S(=O)([O-])C(F)(F)F""}]"
3567,RMKGVUWQYULRKN-UHFFFAOYSA-M,COc1c(F)c[n+](CCCOc2ccc3c(C)cc(=O)oc3c2)cc1F.O=S(=O)([O-])C(F)(F)F,Disconnected fragments remain after salt removal,CHEMBL2441683,CHEMBL3558888,13509755.0,1928013.0,small charged fragment; residual salt or counterion candidate,2.0,"[{""carbon_atoms"": 19, ""elements"": ""C,F,N,O"", ""formal_charge"": 1, ""heavy_atoms"": 26, ""smiles"": ""COc1c(F)c[n+](CCCOc2ccc3c(C)cc(=O)oc3c2)cc1F""}, {""carbon_atoms"": 1, ""elements"": ""C,F,O,S"", ""formal_charge"": -1, ""heavy_atoms"": 8, ""smiles"": ""O=S(=O)([O-])C(F)(F)F""}]"
3568,KOFNHFQRLFTDHJ-UHFFFAOYSA-M,COc1ccc(C(F)(F)F)c[n+]1CCCCCOc1ccc2c(C)cc(=O)oc2c1.O=S(=O)([O-])C(F)(F)F,Disconnected fragments remain after salt removal,CHEMBL2441682,CHEMBL3558887,13509756.0,1928012.0,small charged fragment; residual salt or counterion candidate,2.0,"[{""carbon_atoms"": 22, ""elements"": ""C,F,N,O"", ""formal_charge"": 1, ""heavy_atoms"": 30, ""smiles"": ""COc1ccc(C(F)(F)F)c[n+]1CCCCCOc1ccc2c(C)cc(=O)oc2c1""}, {""carbon_atoms"": 1, ""elements"": ""C,F,O,S"", ""formal_charge"": -1, ""heavy_atoms"": 8, ""smiles"": ""O=S(=O)([O-])C(F)(F)F""}]"
3569,FIRPLAXRQZWEEH-UHFFFAOYSA-M,COc1ccc(C(F)(F)F)c[n+]1CCCCOc1ccc2c(C)cc(=O)oc2c1.O=S(=O)([O-])C(F)(F)F,Disconnected fragments remain after salt removal,CHEMBL2441681,CHEMBL3558895,13509757.0,1928011.0,small charged fragment; residual salt or counterion candidate,2.0,"[{""carbon_atoms"": 21, ""elements"": ""C,F,N,O"", ""formal_charge"": 1, ""heavy_atoms"": 29, ""smiles"": ""COc1ccc(C(F)(F)F)c[n+]1CCCCOc1ccc2c(C)cc(=O)oc2c1""}, {""carbon_atoms"": 1, ""elements"": ""C,F,O,S"", ""formal_charge"": -1, ""heavy_atoms"": 8, ""smiles"": ""O=S(=O)([O-])C(F)(F)F""}]"
3570,MJCLAGLRDDLAEC-UHFFFAOYSA-M,COc1ccc(C(F)(F)F)c[n+]1CCCOc1ccc2c(C)cc(=O)oc2c1.O=S(=O)([O-])C(F)(F)F,Disconnected fragments remain after salt removal,CHEMBL2441680,CHEMBL3558904,13509758.0,1928010.0,small charged fragment; residual salt or counterion candidate,2.0,"[{""carbon_atoms"": 20, ""elements"": ""C,F,N,O"", ""formal_charge"": 1, ""heavy_atoms"": 28, ""smiles"": ""COc1ccc(C(F)(F)F)c[n+]1CCCOc1ccc2c(C)cc(=O)oc2c1""}, {""carbon_atoms"": 1, ""elements"": ""C,F,O,S"", ""formal_charge"": -1, ""heavy_atoms"": 8, ""smiles"": ""O=S(=O)([O-])C(F)(F)F""}]"
3571,MWYNVORGIJQEOF-UHFFFAOYSA-L,COc1ccc(C(F)(F)F)c[n+]1CCCCC[n+]1cc(C(F)(F)F)ccc1OC.O=S(=O)([O-])C(F)(F)F.O=S(=O)([O-])C(F)(F)F,Disconnected fragments remain after salt removal,CHEMBL2441679,CHEMBL3558903,13509759.0,1928009.0,small charged fragment; residual salt or counterion candidate,3.0,"[{""carbon_atoms"": 19, ""elements"": ""C,F,N,O"", ""formal_charge"": 2, ""heavy_atoms"": 29, ""smiles"": ""COc1ccc(C(F)(F)F)c[n+]1CCCCC[n+]1cc(C(F)(F)F)ccc1OC""}, {""carbon_atoms"": 1, ""elements"": ""C,F,O,S"", ""formal_charge"": -1, ""heavy_atoms"": 8, ""smiles"": ""O=S(=O)([O-])C(F)(F)F""}, {""carbon_atoms"": 1, ""elements"": ""C,F,O,S"", ""formal_charge"": -1, ""heavy_atoms"": 8, ""smiles"": ""O=S(=O)([O-])C(F)(F)F""}]"
3572,UFMWOXVORSENPN-UHFFFAOYSA-L,COc1ccc(C(F)(F)F)c[n+]1CCC[n+]1cc(C(F)(F)F)ccc1OC.O=S(=O)([O-])C(F)(F)F.O=S(=O)([O-])C(F)(F)F,Disconnected fragments remain after salt removal,CHEMBL2441678,CHEMBL3558902,13509760.0,1928008.0,small charged fragment; residual salt or counterion candidate,3.0,"[{""carbon_atoms"": 17, ""elements"": ""C,F,N,O"", ""formal_charge"": 2, ""heavy_atoms"": 27, ""smiles"": ""COc1ccc(C(F)(F)F)c[n+]1CCC[n+]1cc(C(F)(F)F)ccc1OC""}, {""carbon_atoms"": 1, ""elements"": ""C,F,O,S"", ""formal_charge"": -1, ""heavy_atoms"": 8, ""smiles"": ""O=S(=O)([O-])C(F)(F)F""}, {""carbon_atoms"": 1, ""elements"": ""C,F,O,S"", ""formal_charge"": -1, ""heavy_atoms"": 8, ""smiles"": ""O=S(=O)([O-])C(F)(F)F""}]"
3574,WEAJDBKFZZKOML-UHFFFAOYSA-M,COc1cc2c(cc1OC)C(=O)C(CCCCCCCc1cccc(OC)[n+]1C)C2.O=S(=O)([O-])C(F)(F)F,Disconnected fragments remain after salt removal,CHEMBL2441676,CHEMBL3558918,13509762.0,1928006.0,small charged fragment; residual salt or counterion candidate,2.0,"[{""carbon_atoms"": 25, ""elements"": ""C,N,O"", ""formal_charge"": 1, ""heavy_atoms"": 30, ""smiles"": ""COc1cc2c(cc1OC)C(=O)C(CCCCCCCc1cccc(OC)[n+]1C)C2""}, {""carbon_atoms"": 1, ""elements"": ""C,F,O,S"", ""formal_charge"": -1, ""heavy_atoms"": 8, ""smiles"": ""O=S(=O)([O-])C(F)(F)F""}]"
3575,UJVAAQLXSLBDKJ-UHFFFAOYSA-M,COc1cc2c(cc1OC)C(=O)C(CCCCCCc1cccc(OC)[n+]1C)C2.O=S(=O)([O-])C(F)(F)F,Disconnected fragments remain after salt removal,CHEMBL2441675,CHEMBL3558917,13509763.0,1928005.0,small charged fragment; residual salt or counterion candidate,2.0,"[{""carbon_atoms"": 24, ""elements"": ""C,N,O"", ""formal_charge"": 1, ""heavy_atoms"": 29, ""smiles"": ""COc1cc2c(cc1OC)C(=O)C(CCCCCCc1cccc(OC)[n+]1C)C2""}, {""carbon_atoms"": 1, ""elements"": ""C,F,O,S"", ""formal_charge"": -1, ""heavy_atoms"": 8, ""smiles"": ""O=S(=O)([O-])C(F)(F)F""}]"
3576,VBUYOKNRZXECHE-UHFFFAOYSA-M,COc1cc2c(cc1OC)C(=O)C(CCCCCc1cccc(OC)[n+]1C)C2.O=S(=O)([O-])C(F)(F)F,Disconnected fragments remain after salt removal,CHEMBL2441674,CHEMBL3558916,13509764.0,1928004.0,small charged fragment; residual salt or counterion candidate,2.0,"[{""carbon_atoms"": 23, ""elements"": ""C,N,O"", ""formal_charge"": 1, ""heavy_atoms"": 28, ""smiles"": ""COc1cc2c(cc1OC)C(=O)C(CCCCCc1cccc(OC)[n+]1C)C2""}, {""carbon_atoms"": 1, ""elements"": ""C,F,O,S"", ""formal_charge"": -1, ""heavy_atoms"": 8, ""smiles"": ""O=S(=O)([O-])C(F)(F)F""}]"
3577,BSUMSWVFHNXTDM-UHFFFAOYSA-L,COc1cc2c(cc1OC)C[N+](C)(CCCCCCCc1cccc(OC)[n+]1C)CC2.O=S(=O)([O-])C(F)(F)F.O=S(=O)([O-])C(F)(F)F,Disconnected fragments remain after salt removal,CHEMBL2441673,CHEMBL3558915,13509765.0,1928003.0,small charged fragment; residual salt or counterion candidate,3.0,"[{""carbon_atoms"": 26, ""elements"": ""C,N,O"", ""formal_charge"": 2, ""heavy_atoms"": 31, ""smiles"": ""COc1cc2c(cc1OC)C[N+](C)(CCCCCCCc1cccc(OC)[n+]1C)CC2""}, {""carbon_atoms"": 1, ""elements"": ""C,F,O,S"", ""formal_charge"": -1, ""heavy_atoms"": 8, ""smiles"": ""O=S(=O)([O-])C(F)(F)F""}, {""carbon_atoms"": 1, ""elements"": ""C,F,O,S"", ""formal_charge"": -1, ""heavy_atoms"": 8, ""smiles"": ""O=S(=O)([O-])C(F)(F)F""}]"
3578,NMTWMKMOKNHOOG-UHFFFAOYSA-L,COc1cc2c(cc1OC)C[N+](C)(CCCCCCc1cccc(OC)[n+]1C)CC2.O=S(=O)([O-])C(F)(F)F.O=S(=O)([O-])C(F)(F)F,Disconnected fragments remain after salt removal,CHEMBL2441672,CHEMBL3558914,13509766.0,1928002.0,small charged fragment; residual salt or counterion candidate,3.0,"[{""carbon_atoms"": 25, ""elements"": ""C,N,O"", ""formal_charge"": 2, ""heavy_atoms"": 30, ""smiles"": ""COc1cc2c(cc1OC)C[N+](C)(CCCCCCc1cccc(OC)[n+]1C)CC2""}, {""carbon_atoms"": 1, ""elements"": ""C,F,O,S"", ""formal_charge"": -1, ""heavy_atoms"": 8, ""smiles"": ""O=S(=O)([O-])C(F)(F)F""}, {""carbon_atoms"": 1, ""elements"": ""C,F,O,S"", ""formal_charge"": -1, ""heavy_atoms"": 8, ""smiles"": ""O=S(=O)([O-])C(F)(F)F""}]"
3579,DNIAPZKFQRYDIQ-UHFFFAOYSA-L,COc1cc2c(cc1OC)C[N+](C)(CCCCCc1cccc(OC)[n+]1C)CC2.O=S(=O)([O-])C(F)(F)F.O=S(=O)([O-])C(F)(F)F,Disconnected fragments remain after salt removal,CHEMBL2441671,CHEMBL3558900,13509767.0,1928001.0,small charged fragment; residual salt or counterion candidate,3.0,"[{""carbon_atoms"": 24, ""elements"": ""C,N,O"", ""formal_charge"": 2, ""heavy_atoms"": 29, ""smiles"": ""COc1cc2c(cc1OC)C[N+](C)(CCCCCc1cccc(OC)[n+]1C)CC2""}, {""carbon_atoms"": 1, ""elements"": ""C,F,O,S"", ""formal_charge"": -1, ""heavy_atoms"": 8, ""smiles"": ""O=S(=O)([O-])C(F)(F)F""}, {""carbon_atoms"": 1, ""elements"": ""C,F,O,S"", ""formal_charge"": -1, ""heavy_atoms"": 8, ""smiles"": ""O=S(=O)([O-])C(F)(F)F""}]"
3580,WASMKRBLJDLFHW-UHFFFAOYSA-L,COc1cc2c(cc1OC)C[N+](C)(CCCCc1cccc(OC)[n+]1C)CC2.O=S(=O)([O-])C(F)(F)F.O=S(=O)([O-])C(F)(F)F,Disconnected fragments remain after salt removal,CHEMBL2441670,CHEMBL3558894,13509768.0,1928000.0,small charged fragment; residual salt or counterion candidate,3.0,"[{""carbon_atoms"": 23, ""elements"": ""C,N,O"", ""formal_charge"": 2, ""heavy_atoms"": 28, ""smiles"": ""COc1cc2c(cc1OC)C[N+](C)(CCCCc1cccc(OC)[n+]1C)CC2""}, {""carbon_atoms"": 1, ""elements"": ""C,F,O,S"", ""formal_charge"": -1, ""heavy_atoms"": 8, ""smiles"": ""O=S(=O)([O-])C(F)(F)F""}, {""carbon_atoms"": 1, ""elements"": ""C,F,O,S"", ""formal_charge"": -1, ""heavy_atoms"": 8, ""smiles"": ""O=S(=O)([O-])C(F)(F)F""}]"
3581,QFBURNNTMZXPOD-UHFFFAOYSA-L,COc1cccc(CCCCCCCCc2cccc(OC)[n+]2C)[n+]1C.O=S(=O)([O-])C(F)(F)F.O=S(=O)([O-])C(F)(F)F,Disconnected fragments remain after salt removal,CHEMBL2441669,CHEMBL3558899,13509769.0,1927999.0,small charged fragment; residual salt or counterion candidate,3.0,"[{""carbon_atoms"": 22, ""elements"": ""C,N,O"", ""formal_charge"": 2, ""heavy_atoms"": 26, ""smiles"": ""COc1cccc(CCCCCCCCc2cccc(OC)[n+]2C)[n+]1C""}, {""carbon_atoms"": 1, ""elements"": ""C,F,O,S"", ""formal_charge"": -1, ""heavy_atoms"": 8, ""smiles"": ""O=S(=O)([O-])C(F)(F)F""}, {""carbon_atoms"": 1, ""elements"": ""C,F,O,S"", ""formal_charge"": -1, ""heavy_atoms"": 8, ""smiles"": ""O=S(=O)([O-])C(F)(F)F""}]"
3582,QRYDRTQUSXTXJI-UHFFFAOYSA-L,COc1cccc(CCCCCCCc2cccc(OC)[n+]2C)[n+]1C.O=S(=O)([O-])C(F)(F)F.O=S(=O)([O-])C(F)(F)F,Disconnected fragments remain after salt removal,CHEMBL2441668,CHEMBL3558898,13509770.0,1927998.0,small charged fragment; residual salt or counterion candidate,3.0,"[{""carbon_atoms"": 21, ""elements"": ""C,N,O"", ""formal_charge"": 2, ""heavy_atoms"": 25, ""smiles"": ""COc1cccc(CCCCCCCc2cccc(OC)[n+]2C)[n+]1C""}, {""carbon_atoms"": 1, ""elements"": ""C,F,O,S"", ""formal_charge"": -1, ""heavy_atoms"": 8, ""smiles"": ""O=S(=O)([O-])C(F)(F)F""}, {""carbon_atoms"": 1, ""elements"": ""C,F,O,S"", ""formal_charge"": -1, ""heavy_atoms"": 8, ""smiles"": ""O=S(=O)([O-])C(F)(F)F""}]"
3583,RHYDVDVFZJIWDU-UHFFFAOYSA-L,COc1cccc(CCCCCCc2cccc(OC)[n+]2C)[n+]1C.O=S(=O)([O-])C(F)(F)F.O=S(=O)([O-])C(F)(F)F,Disconnected fragments remain after salt removal,CHEMBL2441667,CHEMBL3558897,13509771.0,1927997.0,small charged fragment; residual salt or counterion candidate,3.0,"[{""carbon_atoms"": 20, ""elements"": ""C,N,O"", ""formal_charge"": 2, ""heavy_atoms"": 24, ""smiles"": ""COc1cccc(CCCCCCc2cccc(OC)[n+]2C)[n+]1C""}, {""carbon_atoms"": 1, ""elements"": ""C,F,O,S"", ""formal_charge"": -1, ""heavy_atoms"": 8, ""smiles"": ""O=S(=O)([O-])C(F)(F)F""}, {""carbon_atoms"": 1, ""elements"": ""C,F,O,S"", ""formal_charge"": -1, ""heavy_atoms"": 8, ""smiles"": ""O=S(=O)([O-])C(F)(F)F""}]"
3584,QTAZWBRNRWOAHK-UHFFFAOYSA-L,COc1cccc(CCCCCc2cccc(OC)[n+]2C)[n+]1C.O=S(=O)([O-])C(F)(F)F.O=S(=O)([O-])C(F)(F)F,Disconnected fragments remain after salt removal,CHEMBL2441666,CHEMBL3558913,13509772.0,1927996.0,small charged fragment; residual salt or counterion candidate,3.0,"[{""carbon_atoms"": 19, ""elements"": ""C,N,O"", ""formal_charge"": 2, ""heavy_atoms"": 23, ""smiles"": ""COc1cccc(CCCCCc2cccc(OC)[n+]2C)[n+]1C""}, {""carbon_atoms"": 1, ""elements"": ""C,F,O,S"", ""formal_charge"": -1, ""heavy_atoms"": 8, ""smiles"": ""O=S(=O)([O-])C(F)(F)F""}, {""carbon_atoms"": 1, ""elements"": ""C,F,O,S"", ""formal_charge"": -1, ""heavy_atoms"": 8, ""smiles"": ""O=S(=O)([O-])C(F)(F)F""}]"
3585,JPPCLTDDFRWLJD-UHFFFAOYSA-L,COc1cccc(CCc2cccc(OC)[n+]2C)[n+]1C.O=S(=O)([O-])C(F)(F)F.O=S(=O)([O-])C(F)(F)F,Disconnected fragments remain after salt removal,CHEMBL2441665,CHEMBL3558912,13509773.0,1927995.0,small charged fragment; residual salt or counterion candidate,3.0,"[{""carbon_atoms"": 16, ""elements"": ""C,N,O"", ""formal_charge"": 2, ""heavy_atoms"": 20, ""smiles"": ""COc1cccc(CCc2cccc(OC)[n+]2C)[n+]1C""}, {""carbon_atoms"": 1, ""elements"": ""C,F,O,S"", ""formal_charge"": -1, ""heavy_atoms"": 8, ""smiles"": ""O=S(=O)([O-])C(F)(F)F""}, {""carbon_atoms"": 1, ""elements"": ""C,F,O,S"", ""formal_charge"": -1, ""heavy_atoms"": 8, ""smiles"": ""O=S(=O)([O-])C(F)(F)F""}]"
3586,DZYGXSJGGFTJRZ-UHFFFAOYSA-L,COc1c(F)c[n+](CCC[n+]2cc(F)c(OC)c(F)c2)cc1F.O=S(=O)([O-])C(F)(F)F.O=S(=O)([O-])C(F)(F)F,Disconnected fragments remain after salt removal,CHEMBL2441695,CHEMBL3558911,13509774.0,1928026.0,small charged fragment; residual salt or counterion candidate,3.0,"[{""carbon_atoms"": 15, ""elements"": ""C,F,N,O"", ""formal_charge"": 2, ""heavy_atoms"": 23, ""smiles"": ""COc1c(F)c[n+](CCC[n+]2cc(F)c(OC)c(F)c2)cc1F""}, {""carbon_atoms"": 1, ""elements"": ""C,F,O,S"", ""formal_charge"": -1, ""heavy_atoms"": 8, ""smiles"": ""O=S(=O)([O-])C(F)(F)F""}, {""carbon_atoms"": 1, ""elements"": ""C,F,O,S"", ""formal_charge"": -1, ""heavy_atoms"": 8, ""smiles"": ""O=S(=O)([O-])C(F)(F)F""}]"
3587,JFDUQVSBGRJINQ-UHFFFAOYSA-M,COc1c(F)c[n+](C)cc1F.O=S(=O)([O-])C(F)(F)F,Disconnected fragments remain after salt removal,CHEMBL2441694,CHEMBL3558910,13509775.0,1928025.0,small charged fragment; residual salt or counterion candidate,2.0,"[{""carbon_atoms"": 7, ""elements"": ""C,F,N,O"", ""formal_charge"": 1, ""heavy_atoms"": 11, ""smiles"": ""COc1c(F)c[n+](C)cc1F""}, {""carbon_atoms"": 1, ""elements"": ""C,F,O,S"", ""formal_charge"": -1, ""heavy_atoms"": 8, ""smiles"": ""O=S(=O)([O-])C(F)(F)F""}]"
3588,RCILLJWHFVCMFJ-UHFFFAOYSA-N,COc1cccc(C#N)[n+]1C.F[B-](F)(F)F,Disconnected fragments remain after salt removal,CHEMBL2441693,CHEMBL3558909,13509776.0,1928024.0,small charged fragment; residual salt or counterion candidate,2.0,"[{""carbon_atoms"": 8, ""elements"": ""C,N,O"", ""formal_charge"": 1, ""heavy_atoms"": 11, ""smiles"": ""COc1cccc(C#N)[n+]1C""}, {""carbon_atoms"": 0, ""elements"": ""B,F"", ""formal_charge"": -1, ""heavy_atoms"": 5, ""smiles"": ""F[B-](F)(F)F""}]"
3589,IXIUOPRQOBPZBE-UHFFFAOYSA-N,COc1ccc(C#N)c[n+]1C.F[B-](F)(F)F,Disconnected fragments remain after salt removal,CHEMBL2441692,CHEMBL3558908,13509777.0,1928023.0,small charged fragment; residual salt or counterion candidate,2.0,"[{""carbon_atoms"": 8, ""elements"": ""C,N,O"", ""formal_charge"": 1, ""heavy_atoms"": 11, ""smiles"": ""COc1ccc(C#N)c[n+]1C""}, {""carbon_atoms"": 0, ""elements"": ""B,F"", ""formal_charge"": -1, ""heavy_atoms"": 5, ""smiles"": ""F[B-](F)(F)F""}]"
3590,NJWRPFBBVUCRJN-UHFFFAOYSA-N,COc1cc(C#N)cc[n+]1C.F[B-](F)(F)F,Disconnected fragments remain after salt removal,CHEMBL2441691,CHEMBL3558907,13509778.0,1928022.0,small charged fragment; residual salt or counterion candidate,2.0,"[{""carbon_atoms"": 8, ""elements"": ""C,N,O"", ""formal_charge"": 1, ""heavy_atoms"": 11, ""smiles"": ""COc1cc(C#N)cc[n+]1C""}, {""carbon_atoms"": 0, ""elements"": ""B,F"", ""formal_charge"": -1, ""heavy_atoms"": 5, ""smiles"": ""F[B-](F)(F)F""}]"
3591,MVZRDWBAHPJFAX-UHFFFAOYSA-N,COc1ccc([N+](=O)[O-])c[n+]1C.F[B-](F)(F)F,Disconnected fragments remain after salt removal,CHEMBL2441690,CHEMBL3558906,13509779.0,1928021.0,small charged fragment; residual salt or counterion candidate,2.0,"[{""carbon_atoms"": 7, ""elements"": ""C,N,O"", ""formal_charge"": 1, ""heavy_atoms"": 12, ""smiles"": ""COc1ccc([N+](=O)[O-])c[n+]1C""}, {""carbon_atoms"": 0, ""elements"": ""B,F"", ""formal_charge"": -1, ""heavy_atoms"": 5, ""smiles"": ""F[B-](F)(F)F""}]"
3592,NVKJIDUGEIZEPW-UHFFFAOYSA-N,COc1cccc(C(F)(F)F)[n+]1C.F[B-](F)(F)F,Disconnected fragments remain after salt removal,CHEMBL2441689,CHEMBL3558905,13509780.0,1928020.0,small charged fragment; residual salt or counterion candidate,2.0,"[{""carbon_atoms"": 8, ""elements"": ""C,F,N,O"", ""formal_charge"": 1, ""heavy_atoms"": 13, ""smiles"": ""COc1cccc(C(F)(F)F)[n+]1C""}, {""carbon_atoms"": 0, ""elements"": ""B,F"", ""formal_charge"": -1, ""heavy_atoms"": 5, ""smiles"": ""F[B-](F)(F)F""}]"
3593,GOPOJUNHRUEADH-UHFFFAOYSA-N,COc1ccc(C(F)(F)F)c[n+]1C.F[B-](F)(F)F,Disconnected fragments remain after salt removal,CHEMBL2441688,CHEMBL3558893,13509781.0,1928019.0,small charged fragment; residual salt or counterion candidate,2.0,"[{""carbon_atoms"": 8, ""elements"": ""C,F,N,O"", ""formal_charge"": 1, ""heavy_atoms"": 13, ""smiles"": ""COc1ccc(C(F)(F)F)c[n+]1C""}, {""carbon_atoms"": 0, ""elements"": ""B,F"", ""formal_charge"": -1, ""heavy_atoms"": 5, ""smiles"": ""F[B-](F)(F)F""}]"
3594,XHTGCKJCACSSBM-UHFFFAOYSA-N,COc1ccc(F)c[n+]1C.F[B-](F)(F)F,Disconnected fragments remain after salt removal,CHEMBL2441687,CHEMBL3558896,13509782.0,1928018.0,small charged fragment; residual salt or counterion candidate,2.0,"[{""carbon_atoms"": 7, ""elements"": ""C,F,N,O"", ""formal_charge"": 1, ""heavy_atoms"": 10, ""smiles"": ""COc1ccc(F)c[n+]1C""}, {""carbon_atoms"": 0, ""elements"": ""B,F"", ""formal_charge"": -1, ""heavy_atoms"": 5, ""smiles"": ""F[B-](F)(F)F""}]"
3595,DYNNAWSJUCTGKF-UHFFFAOYSA-N,COc1c(F)ccc[n+]1C.F[B-](F)(F)F,Disconnected fragments remain after salt removal,CHEMBL2441686,CHEMBL3558892,13509783.0,1928017.0,small charged fragment; residual salt or counterion candidate,2.0,"[{""carbon_atoms"": 7, ""elements"": ""C,F,N,O"", ""formal_charge"": 1, ""heavy_atoms"": 10, ""smiles"": ""COc1c(F)ccc[n+]1C""}, {""carbon_atoms"": 0, ""elements"": ""B,F"", ""formal_charge"": -1, ""heavy_atoms"": 5, ""smiles"": ""F[B-](F)(F)F""}]"
3596,KOHSSLUAOTXHJA-UHFFFAOYSA-N,COc1cccc[n+]1C.F[B-](F)(F)F,Disconnected fragments remain after salt removal,CHEMBL2441685,CHEMBL3558891,13509784.0,1928016.0,small charged fragment; residual salt or counterion candidate,2.0,"[{""carbon_atoms"": 7, ""elements"": ""C,N,O"", ""formal_charge"": 1, ""heavy_atoms"": 9, ""smiles"": ""COc1cccc[n+]1C""}, {""carbon_atoms"": 0, ""elements"": ""B,F"", ""formal_charge"": -1, ""heavy_atoms"": 5, ""smiles"": ""F[B-](F)(F)F""}]"
3597,ZMKVQRBBDBSXEZ-UHFFFAOYSA-M,COc1c(F)c[n+](CCCCCOc2ccc3c(C)cc(=O)oc3c2)cc1F.O=S(=O)([O-])C(F)(F)F,Disconnected fragments remain after salt removal,CHEMBL2441684,CHEMBL3558890,13509785.0,1928015.0,small charged fragment; residual salt or counterion candidate,2.0,"[{""carbon_atoms"": 21, ""elements"": ""C,F,N,O"", ""formal_charge"": 1, ""heavy_atoms"": 28, ""smiles"": ""COc1c(F)c[n+](CCCCCOc2ccc3c(C)cc(=O)oc3c2)cc1F""}, {""carbon_atoms"": 1, ""elements"": ""C,F,O,S"", ""formal_charge"": -1, ""heavy_atoms"": 8, ""smiles"": ""O=S(=O)([O-])C(F)(F)F""}]"
3598,XRUAEVWJKITXIG-UHFFFAOYSA-M,COc1c(F)c[n+](CCCCOc2ccc3c(C)cc(=O)oc3c2)cc1F.O=S(=O)([O-])C(F)(F)F,Disconnected fragments remain after salt removal,CHEMBL2440134,CHEMBL3558889,13509786.0,1928014.0,small charged fragment; residual salt or counterion candidate,2.0,"[{""carbon_atoms"": 20, ""elements"": ""C,F,N,O"", ""formal_charge"": 1, ""heavy_atoms"": 27, ""smiles"": ""COc1c(F)c[n+](CCCCOc2ccc3c(C)cc(=O)oc3c2)cc1F""}, {""carbon_atoms"": 1, ""elements"": ""C,F,O,S"", ""formal_charge"": -1, ""heavy_atoms"": 8, ""smiles"": ""O=S(=O)([O-])C(F)(F)F""}]"
3599,RMKGVUWQYULRKN-UHFFFAOYSA-M,COc1c(F)c[n+](CCCOc2ccc3c(C)cc(=O)oc3c2)cc1F.O=S(=O)([O-])C(F)(F)F,Disconnected fragments remain after salt removal,CHEMBL2441683,CHEMBL3558888,13509787.0,1928013.0,small charged fragment; residual salt or counterion candidate,2.0,"[{""carbon_atoms"": 19, ""elements"": ""C,F,N,O"", ""formal_charge"": 1, ""heavy_atoms"": 26, ""smiles"": ""COc1c(F)c[n+](CCCOc2ccc3c(C)cc(=O)oc3c2)cc1F""}, {""carbon_atoms"": 1, ""elements"": ""C,F,O,S"", ""formal_charge"": -1, ""heavy_atoms"": 8, ""smiles"": ""O=S(=O)([O-])C(F)(F)F""}]"
3600,KOFNHFQRLFTDHJ-UHFFFAOYSA-M,COc1ccc(C(F)(F)F)c[n+]1CCCCCOc1ccc2c(C)cc(=O)oc2c1.O=S(=O)([O-])C(F)(F)F,Disconnected fragments remain after salt removal,CHEMBL2441682,CHEMBL3558887,13509788.0,1928012.0,small charged fragment; residual salt or counterion candidate,2.0,"[{""carbon_atoms"": 22, ""elements"": ""C,F,N,O"", ""formal_charge"": 1, ""heavy_atoms"": 30, ""smiles"": ""COc1ccc(C(F)(F)F)c[n+]1CCCCCOc1ccc2c(C)cc(=O)oc2c1""}, {""carbon_atoms"": 1, ""elements"": ""C,F,O,S"", ""formal_charge"": -1, ""heavy_atoms"": 8, ""smiles"": ""O=S(=O)([O-])C(F)(F)F""}]"
3601,FIRPLAXRQZWEEH-UHFFFAOYSA-M,COc1ccc(C(F)(F)F)c[n+]1CCCCOc1ccc2c(C)cc(=O)oc2c1.O=S(=O)([O-])C(F)(F)F,Disconnected fragments remain after salt removal,CHEMBL2441681,CHEMBL3558895,13509789.0,1928011.0,small charged fragment; residual salt or counterion candidate,2.0,"[{""carbon_atoms"": 21, ""elements"": ""C,F,N,O"", ""formal_charge"": 1, ""heavy_atoms"": 29, ""smiles"": ""COc1ccc(C(F)(F)F)c[n+]1CCCCOc1ccc2c(C)cc(=O)oc2c1""}, {""carbon_atoms"": 1, ""elements"": ""C,F,O,S"", ""formal_charge"": -1, ""heavy_atoms"": 8, ""smiles"": ""O=S(=O)([O-])C(F)(F)F""}]"
3602,MJCLAGLRDDLAEC-UHFFFAOYSA-M,COc1ccc(C(F)(F)F)c[n+]1CCCOc1ccc2c(C)cc(=O)oc2c1.O=S(=O)([O-])C(F)(F)F,Disconnected fragments remain after salt removal,CHEMBL2441680,CHEMBL3558904,13509790.0,1928010.0,small charged fragment; residual salt or counterion candidate,2.0,"[{""carbon_atoms"": 20, ""elements"": ""C,F,N,O"", ""formal_charge"": 1, ""heavy_atoms"": 28, ""smiles"": ""COc1ccc(C(F)(F)F)c[n+]1CCCOc1ccc2c(C)cc(=O)oc2c1""}, {""carbon_atoms"": 1, ""elements"": ""C,F,O,S"", ""formal_charge"": -1, ""heavy_atoms"": 8, ""smiles"": ""O=S(=O)([O-])C(F)(F)F""}]"
3603,MWYNVORGIJQEOF-UHFFFAOYSA-L,COc1ccc(C(F)(F)F)c[n+]1CCCCC[n+]1cc(C(F)(F)F)ccc1OC.O=S(=O)([O-])C(F)(F)F.O=S(=O)([O-])C(F)(F)F,Disconnected fragments remain after salt removal,CHEMBL2441679,CHEMBL3558903,13509791.0,1928009.0,small charged fragment; residual salt or counterion candidate,3.0,"[{""carbon_atoms"": 19, ""elements"": ""C,F,N,O"", ""formal_charge"": 2, ""heavy_atoms"": 29, ""smiles"": ""COc1ccc(C(F)(F)F)c[n+]1CCCCC[n+]1cc(C(F)(F)F)ccc1OC""}, {""carbon_atoms"": 1, ""elements"": ""C,F,O,S"", ""formal_charge"": -1, ""heavy_atoms"": 8, ""smiles"": ""O=S(=O)([O-])C(F)(F)F""}, {""carbon_atoms"": 1, ""elements"": ""C,F,O,S"", ""formal_charge"": -1, ""heavy_atoms"": 8, ""smiles"": ""O=S(=O)([O-])C(F)(F)F""}]"
3604,UFMWOXVORSENPN-UHFFFAOYSA-L,COc1ccc(C(F)(F)F)c[n+]1CCC[n+]1cc(C(F)(F)F)ccc1OC.O=S(=O)([O-])C(F)(F)F.O=S(=O)([O-])C(F)(F)F,Disconnected fragments remain after salt removal,CHEMBL2441678,CHEMBL3558902,13509792.0,1928008.0,small charged fragment; residual salt or counterion candidate,3.0,"[{""carbon_atoms"": 17, ""elements"": ""C,F,N,O"", ""formal_charge"": 2, ""heavy_atoms"": 27, ""smiles"": ""COc1ccc(C(F)(F)F)c[n+]1CCC[n+]1cc(C(F)(F)F)ccc1OC""}, {""carbon_atoms"": 1, ""elements"": ""C,F,O,S"", ""formal_charge"": -1, ""heavy_atoms"": 8, ""smiles"": ""O=S(=O)([O-])C(F)(F)F""}, {""carbon_atoms"": 1, ""elements"": ""C,F,O,S"", ""formal_charge"": -1, ""heavy_atoms"": 8, ""smiles"": ""O=S(=O)([O-])C(F)(F)F""}]"
3605,JSAZPCMIHLNCTG-UHFFFAOYSA-M,COc1ccc(C(F)(F)F)c[n+]1CCCCCO.O=S(=O)([O-])C(F)(F)F,Disconnected fragments remain after salt removal,CHEMBL2441677,CHEMBL3558901,13509793.0,1928007.0,small charged fragment; residual salt or counterion candidate,2.0,"[{""carbon_atoms"": 12, ""elements"": ""C,F,N,O"", ""formal_charge"": 1, ""heavy_atoms"": 18, ""smiles"": ""COc1ccc(C(F)(F)F)c[n+]1CCCCCO""}, {""carbon_atoms"": 1, ""elements"": ""C,F,O,S"", ""formal_charge"": -1, ""heavy_atoms"": 8, ""smiles"": ""O=S(=O)([O-])C(F)(F)F""}]"
3606,WEAJDBKFZZKOML-UHFFFAOYSA-M,COc1cc2c(cc1OC)C(=O)C(CCCCCCCc1cccc(OC)[n+]1C)C2.O=S(=O)([O-])C(F)(F)F,Disconnected fragments remain after salt removal,CHEMBL2441676,CHEMBL3558918,13509794.0,1928006.0,small charged fragment; residual salt or counterion candidate,2.0,"[{""carbon_atoms"": 25, ""elements"": ""C,N,O"", ""formal_charge"": 1, ""heavy_atoms"": 30, ""smiles"": ""COc1cc2c(cc1OC)C(=O)C(CCCCCCCc1cccc(OC)[n+]1C)C2""}, {""carbon_atoms"": 1, ""elements"": ""C,F,O,S"", ""formal_charge"": -1, ""heavy_atoms"": 8, ""smiles"": ""O=S(=O)([O-])C(F)(F)F""}]"
3607,UJVAAQLXSLBDKJ-UHFFFAOYSA-M,COc1cc2c(cc1OC)C(=O)C(CCCCCCc1cccc(OC)[n+]1C)C2.O=S(=O)([O-])C(F)(F)F,Disconnected fragments remain after salt removal,CHEMBL2441675,CHEMBL3558917,13509795.0,1928005.0,small charged fragment; residual salt or counterion candidate,2.0,"[{""carbon_atoms"": 24, ""elements"": ""C,N,O"", ""formal_charge"": 1, ""heavy_atoms"": 29, ""smiles"": ""COc1cc2c(cc1OC)C(=O)C(CCCCCCc1cccc(OC)[n+]1C)C2""}, {""carbon_atoms"": 1, ""elements"": ""C,F,O,S"", ""formal_charge"": -1, ""heavy_atoms"": 8, ""smiles"": ""O=S(=O)([O-])C(F)(F)F""}]"
3608,VBUYOKNRZXECHE-UHFFFAOYSA-M,COc1cc2c(cc1OC)C(=O)C(CCCCCc1cccc(OC)[n+]1C)C2.O=S(=O)([O-])C(F)(F)F,Disconnected fragments remain after salt removal,CHEMBL2441674,CHEMBL3558916,13509796.0,1928004.0,small charged fragment; residual salt or counterion candidate,2.0,"[{""carbon_atoms"": 23, ""elements"": ""C,N,O"", ""formal_charge"": 1, ""heavy_atoms"": 28, ""smiles"": ""COc1cc2c(cc1OC)C(=O)C(CCCCCc1cccc(OC)[n+]1C)C2""}, {""carbon_atoms"": 1, ""elements"": ""C,F,O,S"", ""formal_charge"": -1, ""heavy_atoms"": 8, ""smiles"": ""O=S(=O)([O-])C(F)(F)F""}]"
3609,BSUMSWVFHNXTDM-UHFFFAOYSA-L,COc1cc2c(cc1OC)C[N+](C)(CCCCCCCc1cccc(OC)[n+]1C)CC2.O=S(=O)([O-])C(F)(F)F.O=S(=O)([O-])C(F)(F)F,Disconnected fragments remain after salt removal,CHEMBL2441673,CHEMBL3558915,13509797.0,1928003.0,small charged fragment; residual salt or counterion candidate,3.0,"[{""carbon_atoms"": 26, ""elements"": ""C,N,O"", ""formal_charge"": 2, ""heavy_atoms"": 31, ""smiles"": ""COc1cc2c(cc1OC)C[N+](C)(CCCCCCCc1cccc(OC)[n+]1C)CC2""}, {""carbon_atoms"": 1, ""elements"": ""C,F,O,S"", ""formal_charge"": -1, ""heavy_atoms"": 8, ""smiles"": ""O=S(=O)([O-])C(F)(F)F""}, {""carbon_atoms"": 1, ""elements"": ""C,F,O,S"", ""formal_charge"": -1, ""heavy_atoms"": 8, ""smiles"": ""O=S(=O)([O-])C(F)(F)F""}]"
3610,NMTWMKMOKNHOOG-UHFFFAOYSA-L,COc1cc2c(cc1OC)C[N+](C)(CCCCCCc1cccc(OC)[n+]1C)CC2.O=S(=O)([O-])C(F)(F)F.O=S(=O)([O-])C(F)(F)F,Disconnected fragments remain after salt removal,CHEMBL2441672,CHEMBL3558914,13509798.0,1928002.0,small charged fragment; residual salt or counterion candidate,3.0,"[{""carbon_atoms"": 25, ""elements"": ""C,N,O"", ""formal_charge"": 2, ""heavy_atoms"": 30, ""smiles"": ""COc1cc2c(cc1OC)C[N+](C)(CCCCCCc1cccc(OC)[n+]1C)CC2""}, {""carbon_atoms"": 1, ""elements"": ""C,F,O,S"", ""formal_charge"": -1, ""heavy_atoms"": 8, ""smiles"": ""O=S(=O)([O-])C(F)(F)F""}, {""carbon_atoms"": 1, ""elements"": ""C,F,O,S"", ""formal_charge"": -1, ""heavy_atoms"": 8, ""smiles"": ""O=S(=O)([O-])C(F)(F)F""}]"
3611,DNIAPZKFQRYDIQ-UHFFFAOYSA-L,COc1cc2c(cc1OC)C[N+](C)(CCCCCc1cccc(OC)[n+]1C)CC2.O=S(=O)([O-])C(F)(F)F.O=S(=O)([O-])C(F)(F)F,Disconnected fragments remain after salt removal,CHEMBL2441671,CHEMBL3558900,13509799.0,1928001.0,small charged fragment; residual salt or counterion candidate,3.0,"[{""carbon_atoms"": 24, ""elements"": ""C,N,O"", ""formal_charge"": 2, ""heavy_atoms"": 29, ""smiles"": ""COc1cc2c(cc1OC)C[N+](C)(CCCCCc1cccc(OC)[n+]1C)CC2""}, {""carbon_atoms"": 1, ""elements"": ""C,F,O,S"", ""formal_charge"": -1, ""heavy_atoms"": 8, ""smiles"": ""O=S(=O)([O-])C(F)(F)F""}, {""carbon_atoms"": 1, ""elements"": ""C,F,O,S"", ""formal_charge"": -1, ""heavy_atoms"": 8, ""smiles"": ""O=S(=O)([O-])C(F)(F)F""}]"
3612,WASMKRBLJDLFHW-UHFFFAOYSA-L,COc1cc2c(cc1OC)C[N+](C)(CCCCc1cccc(OC)[n+]1C)CC2.O=S(=O)([O-])C(F)(F)F.O=S(=O)([O-])C(F)(F)F,Disconnected fragments remain after salt removal,CHEMBL2441670,CHEMBL3558894,13509800.0,1928000.0,small charged fragment; residual salt or counterion candidate,3.0,"[{""carbon_atoms"": 23, ""elements"": ""C,N,O"", ""formal_charge"": 2, ""heavy_atoms"": 28, ""smiles"": ""COc1cc2c(cc1OC)C[N+](C)(CCCCc1cccc(OC)[n+]1C)CC2""}, {""carbon_atoms"": 1, ""elements"": ""C,F,O,S"", ""formal_charge"": -1, ""heavy_atoms"": 8, ""smiles"": ""O=S(=O)([O-])C(F)(F)F""}, {""carbon_atoms"": 1, ""elements"": ""C,F,O,S"", ""formal_charge"": -1, ""heavy_atoms"": 8, ""smiles"": ""O=S(=O)([O-])C(F)(F)F""}]"
3613,QFBURNNTMZXPOD-UHFFFAOYSA-L,COc1cccc(CCCCCCCCc2cccc(OC)[n+]2C)[n+]1C.O=S(=O)([O-])C(F)(F)F.O=S(=O)([O-])C(F)(F)F,Disconnected fragments remain after salt removal,CHEMBL2441669,CHEMBL3558899,13509801.0,1927999.0,small charged fragment; residual salt or counterion candidate,3.0,"[{""carbon_atoms"": 22, ""elements"": ""C,N,O"", ""formal_charge"": 2, ""heavy_atoms"": 26, ""smiles"": ""COc1cccc(CCCCCCCCc2cccc(OC)[n+]2C)[n+]1C""}, {""carbon_atoms"": 1, ""elements"": ""C,F,O,S"", ""formal_charge"": -1, ""heavy_atoms"": 8, ""smiles"": ""O=S(=O)([O-])C(F)(F)F""}, {""carbon_atoms"": 1, ""elements"": ""C,F,O,S"", ""formal_charge"": -1, ""heavy_atoms"": 8, ""smiles"": ""O=S(=O)([O-])C(F)(F)F""}]"
3614,QRYDRTQUSXTXJI-UHFFFAOYSA-L,COc1cccc(CCCCCCCc2cccc(OC)[n+]2C)[n+]1C.O=S(=O)([O-])C(F)(F)F.O=S(=O)([O-])C(F)(F)F,Disconnected fragments remain after salt removal,CHEMBL2441668,CHEMBL3558898,13509802.0,1927998.0,small charged fragment; residual salt or counterion candidate,3.0,"[{""carbon_atoms"": 21, ""elements"": ""C,N,O"", ""formal_charge"": 2, ""heavy_atoms"": 25, ""smiles"": ""COc1cccc(CCCCCCCc2cccc(OC)[n+]2C)[n+]1C""}, {""carbon_atoms"": 1, ""elements"": ""C,F,O,S"", ""formal_charge"": -1, ""heavy_atoms"": 8, ""smiles"": ""O=S(=O)([O-])C(F)(F)F""}, {""carbon_atoms"": 1, ""elements"": ""C,F,O,S"", ""formal_charge"": -1, ""heavy_atoms"": 8, ""smiles"": ""O=S(=O)([O-])C(F)(F)F""}]"
3615,RHYDVDVFZJIWDU-UHFFFAOYSA-L,COc1cccc(CCCCCCc2cccc(OC)[n+]2C)[n+]1C.O=S(=O)([O-])C(F)(F)F.O=S(=O)([O-])C(F)(F)F,Disconnected fragments remain after salt removal,CHEMBL2441667,CHEMBL3558897,13509803.0,1927997.0,small charged fragment; residual salt or counterion candidate,3.0,"[{""carbon_atoms"": 20, ""elements"": ""C,N,O"", ""formal_charge"": 2, ""heavy_atoms"": 24, ""smiles"": ""COc1cccc(CCCCCCc2cccc(OC)[n+]2C)[n+]1C""}, {""carbon_atoms"": 1, ""elements"": ""C,F,O,S"", ""formal_charge"": -1, ""heavy_atoms"": 8, ""smiles"": ""O=S(=O)([O-])C(F)(F)F""}, {""carbon_atoms"": 1, ""elements"": ""C,F,O,S"", ""formal_charge"": -1, ""heavy_atoms"": 8, ""smiles"": ""O=S(=O)([O-])C(F)(F)F""}]"
3616,QTAZWBRNRWOAHK-UHFFFAOYSA-L,COc1cccc(CCCCCc2cccc(OC)[n+]2C)[n+]1C.O=S(=O)([O-])C(F)(F)F.O=S(=O)([O-])C(F)(F)F,Disconnected fragments remain after salt removal,CHEMBL2441666,CHEMBL3558913,13509804.0,1927996.0,small charged fragment; residual salt or counterion candidate,3.0,"[{""carbon_atoms"": 19, ""elements"": ""C,N,O"", ""formal_charge"": 2, ""heavy_atoms"": 23, ""smiles"": ""COc1cccc(CCCCCc2cccc(OC)[n+]2C)[n+]1C""}, {""carbon_atoms"": 1, ""elements"": ""C,F,O,S"", ""formal_charge"": -1, ""heavy_atoms"": 8, ""smiles"": ""O=S(=O)([O-])C(F)(F)F""}, {""carbon_atoms"": 1, ""elements"": ""C,F,O,S"", ""formal_charge"": -1, ""heavy_atoms"": 8, ""smiles"": ""O=S(=O)([O-])C(F)(F)F""}]"
3617,JPPCLTDDFRWLJD-UHFFFAOYSA-L,COc1cccc(CCc2cccc(OC)[n+]2C)[n+]1C.O=S(=O)([O-])C(F)(F)F.O=S(=O)([O-])C(F)(F)F,Disconnected fragments remain after salt removal,CHEMBL2441665,CHEMBL3558912,13509805.0,1927995.0,small charged fragment; residual salt or counterion candidate,3.0,"[{""carbon_atoms"": 16, ""elements"": ""C,N,O"", ""formal_charge"": 2, ""heavy_atoms"": 20, ""smiles"": ""COc1cccc(CCc2cccc(OC)[n+]2C)[n+]1C""}, {""carbon_atoms"": 1, ""elements"": ""C,F,O,S"", ""formal_charge"": -1, ""heavy_atoms"": 8, ""smiles"": ""O=S(=O)([O-])C(F)(F)F""}, {""carbon_atoms"": 1, ""elements"": ""C,F,O,S"", ""formal_charge"": -1, ""heavy_atoms"": 8, ""smiles"": ""O=S(=O)([O-])C(F)(F)F""}]"
5214,QJIQQDHJZNJCAK-UHFFFAOYSA-N,C[n+]1c2ccccc2c(-c2ccccc2)c2ccccc21.F[B-](F)(F)F,Disconnected fragments remain after salt removal,CHEMBL4090498,CHEMBL4117538,18221736.0,3023680.0,small charged fragment; residual salt or counterion candidate,2.0,"[{""carbon_atoms"": 20, ""elements"": ""C,N"", ""formal_charge"": 1, ""heavy_atoms"": 21, ""smiles"": ""C[n+]1c2ccccc2c(-c2ccccc2)c2ccccc21""}, {""carbon_atoms"": 0, ""elements"": ""B,F"", ""formal_charge"": -1, ""heavy_atoms"": 5, ""smiles"": ""F[B-](F)(F)F""}]"
5215,GEPQXJSCQZRDPR-UHFFFAOYSA-N,Cc1ccc(-c2c3ccccc3[n+](C)c3ccccc23)cc1.F[B-](F)(F)F,Disconnected fragments remain after salt removal,CHEMBL4069472,CHEMBL4117767,18221737.0,3023681.0,small charged fragment; residual salt or counterion candidate,2.0,"[{""carbon_atoms"": 21, ""elements"": ""C,N"", ""formal_charge"": 1, ""heavy_atoms"": 22, ""smiles"": ""Cc1ccc(-c2c3ccccc3[n+](C)c3ccccc23)cc1""}, {""carbon_atoms"": 0, ""elements"": ""B,F"", ""formal_charge"": -1, ""heavy_atoms"": 5, ""smiles"": ""F[B-](F)(F)F""}]"
5216,VDDAQULAKJCUMT-UHFFFAOYSA-O,C[n+]1c2ccccc2c(-c2ccc(N)cc2)c2ccccc21.F[B-](F)(F)F,Disconnected fragments remain after salt removal,CHEMBL4104952,CHEMBL4117272,18221738.0,3023682.0,small charged fragment; residual salt or counterion candidate,2.0,"[{""carbon_atoms"": 20, ""elements"": ""C,N"", ""formal_charge"": 1, ""heavy_atoms"": 22, ""smiles"": ""C[n+]1c2ccccc2c(-c2ccc(N)cc2)c2ccccc21""}, {""carbon_atoms"": 0, ""elements"": ""B,F"", ""formal_charge"": -1, ""heavy_atoms"": 5, ""smiles"": ""F[B-](F)(F)F""}]"
5217,LJYRFWOVKRFWDT-UHFFFAOYSA-N,CCN(CC)c1ccc(-c2c3ccccc3[n+](C)c3ccccc23)cc1.F[B-](F)(F)F,Disconnected fragments remain after salt removal,CHEMBL4080726,CHEMBL4117409,18221739.0,3023683.0,small charged fragment; residual salt or counterion candidate,2.0,"[{""carbon_atoms"": 24, ""elements"": ""C,N"", ""formal_charge"": 1, ""heavy_atoms"": 26, ""smiles"": ""CCN(CC)c1ccc(-c2c3ccccc3[n+](C)c3ccccc23)cc1""}, {""carbon_atoms"": 0, ""elements"": ""B,F"", ""formal_charge"": -1, ""heavy_atoms"": 5, ""smiles"": ""F[B-](F)(F)F""}]"
5218,NBFTUVPRELWPTN-UHFFFAOYSA-O,C[n+]1c2ccccc2c(-c2ccc(NC(=O)C(F)(F)F)cc2)c2ccccc21.F[B-](F)(F)F,Disconnected fragments remain after salt removal,CHEMBL4097249,CHEMBL4116516,18221740.0,3023684.0,small charged fragment; residual salt or counterion candidate,2.0,"[{""carbon_atoms"": 22, ""elements"": ""C,F,N,O"", ""formal_charge"": 1, ""heavy_atoms"": 28, ""smiles"": ""C[n+]1c2ccccc2c(-c2ccc(NC(=O)C(F)(F)F)cc2)c2ccccc21""}, {""carbon_atoms"": 0, ""elements"": ""B,F"", ""formal_charge"": -1, ""heavy_atoms"": 5, ""smiles"": ""F[B-](F)(F)F""}]"
5219,LVPQLHGFEFJVIY-UHFFFAOYSA-O,CC(=O)Nc1ccc(-c2c3ccccc3[n+](C)c3ccccc23)cc1.F[B-](F)(F)F,Disconnected fragments remain after salt removal,CHEMBL4070057,CHEMBL4117872,18221741.0,3023685.0,small charged fragment; residual salt or counterion candidate,2.0,"[{""carbon_atoms"": 22, ""elements"": ""C,N,O"", ""formal_charge"": 1, ""heavy_atoms"": 25, ""smiles"": ""CC(=O)Nc1ccc(-c2c3ccccc3[n+](C)c3ccccc23)cc1""}, {""carbon_atoms"": 0, ""elements"": ""B,F"", ""formal_charge"": -1, ""heavy_atoms"": 5, ""smiles"": ""F[B-](F)(F)F""}]"
5220,ARPIRDNTBBMMOV-UHFFFAOYSA-N,C[n+]1c2ccccc2c(-c2ccc(F)cc2)c2ccccc21.F[B-](F)(F)F,Disconnected fragments remain after salt removal,CHEMBL4078265,CHEMBL4117965,18221742.0,3023686.0,small charged fragment; residual salt or counterion candidate,2.0,"[{""carbon_atoms"": 20, ""elements"": ""C,F,N"", ""formal_charge"": 1, ""heavy_atoms"": 22, ""smiles"": ""C[n+]1c2ccccc2c(-c2ccc(F)cc2)c2ccccc21""}, {""carbon_atoms"": 0, ""elements"": ""B,F"", ""formal_charge"": -1, ""heavy_atoms"": 5, ""smiles"": ""F[B-](F)(F)F""}]"
5221,BCLZKIRWDWQUPF-UHFFFAOYSA-N,COc1ccc(-c2c3ccccc3[n+](C)c3ccccc23)cc1.F[B-](F)(F)F,Disconnected fragments remain after salt removal,CHEMBL4096311,CHEMBL4117139,18221743.0,3023687.0,small charged fragment; residual salt or counterion candidate,2.0,"[{""carbon_atoms"": 21, ""elements"": ""C,N,O"", ""formal_charge"": 1, ""heavy_atoms"": 23, ""smiles"": ""COc1ccc(-c2c3ccccc3[n+](C)c3ccccc23)cc1""}, {""carbon_atoms"": 0, ""elements"": ""B,F"", ""formal_charge"": -1, ""heavy_atoms"": 5, ""smiles"": ""F[B-](F)(F)F""}]"
5222,YORKUFKQURBMSZ-UHFFFAOYSA-O,C[n+]1c2ccccc2c(-c2cc(C(C)(C)C)cc(C(C)(C)C)c2O)c2ccccc21.F[B-](F)(F)F,Disconnected fragments remain after salt removal,CHEMBL4067342,CHEMBL4117328,18221744.0,3023688.0,small charged fragment; residual salt or counterion candidate,2.0,"[{""carbon_atoms"": 28, ""elements"": ""C,N,O"", ""formal_charge"": 1, ""heavy_atoms"": 30, ""smiles"": ""C[n+]1c2ccccc2c(-c2cc(C(C)(C)C)cc(C(C)(C)C)c2O)c2ccccc21""}, {""carbon_atoms"": 0, ""elements"": ""B,F"", ""formal_charge"": -1, ""heavy_atoms"": 5, ""smiles"": ""F[B-](F)(F)F""}]"
5223,BAGSXLUDVYKVIC-UHFFFAOYSA-O,Cc1cc(-c2c3ccccc3[n+](C)c3ccccc23)cc(C)c1O.F[B-](F)(F)F,Disconnected fragments remain after salt removal,CHEMBL4088594,CHEMBL4117013,18221745.0,3023689.0,small charged fragment; residual salt or counterion candidate,2.0,"[{""carbon_atoms"": 22, ""elements"": ""C,N,O"", ""formal_charge"": 1, ""heavy_atoms"": 24, ""smiles"": ""Cc1cc(-c2c3ccccc3[n+](C)c3ccccc23)cc(C)c1O""}, {""carbon_atoms"": 0, ""elements"": ""B,F"", ""formal_charge"": -1, ""heavy_atoms"": 5, ""smiles"": ""F[B-](F)(F)F""}]"
5224,INWDKRFVPRXIOW-UHFFFAOYSA-N,Cc1cc(-c2c3ccccc3[n+](C)c3ccccc23)cc(C)c1C.F[B-](F)(F)F,Disconnected fragments remain after salt removal,CHEMBL4071110,CHEMBL4117082,18221746.0,3023690.0,small charged fragment; residual salt or counterion candidate,2.0,"[{""carbon_atoms"": 23, ""elements"": ""C,N"", ""formal_charge"": 1, ""heavy_atoms"": 24, ""smiles"": ""Cc1cc(-c2c3ccccc3[n+](C)c3ccccc23)cc(C)c1C""}, {""carbon_atoms"": 0, ""elements"": ""B,F"", ""formal_charge"": -1, ""heavy_atoms"": 5, ""smiles"": ""F[B-](F)(F)F""}]"
5225,IIUWPXLRLXWQNY-UHFFFAOYSA-O,C[n+]1c2ccccc2c(-c2c(O)ccc3ccccc23)c2ccccc21.F[B-](F)(F)F,Disconnected fragments remain after salt removal,CHEMBL4091935,CHEMBL4117613,18221747.0,3023691.0,small charged fragment; residual salt or counterion candidate,2.0,"[{""carbon_atoms"": 24, ""elements"": ""C,N,O"", ""formal_charge"": 1, ""heavy_atoms"": 26, ""smiles"": ""C[n+]1c2ccccc2c(-c2c(O)ccc3ccccc23)c2ccccc21""}, {""carbon_atoms"": 0, ""elements"": ""B,F"", ""formal_charge"": -1, ""heavy_atoms"": 5, ""smiles"": ""F[B-](F)(F)F""}]"
5226,ZAFVQDWBFZDZMN-UHFFFAOYSA-N,C[n+]1c2ccccc2c(-c2cccs2)c2ccccc21.F[B-](F)(F)F,Disconnected fragments remain after salt removal,CHEMBL4070092,CHEMBL4116517,18221748.0,3023692.0,small charged fragment; residual salt or counterion candidate,2.0,"[{""carbon_atoms"": 18, ""elements"": ""C,N,S"", ""formal_charge"": 1, ""heavy_atoms"": 20, ""smiles"": ""C[n+]1c2ccccc2c(-c2cccs2)c2ccccc21""}, {""carbon_atoms"": 0, ""elements"": ""B,F"", ""formal_charge"": -1, ""heavy_atoms"": 5, ""smiles"": ""F[B-](F)(F)F""}]"
5233,OKRHHXVOEYSUHF-UHFFFAOYSA-O,C[n+]1c2ccccc2c(N)c2ccccc21.F[B-](F)(F)F,Disconnected fragments remain after salt removal,CHEMBL4063635,CHEMBL1181389,18221755.0,3023699.0,small charged fragment; residual salt or counterion candidate,2.0,"[{""carbon_atoms"": 14, ""elements"": ""C,N"", ""formal_charge"": 1, ""heavy_atoms"": 16, ""smiles"": ""C[n+]1c2ccccc2c(N)c2ccccc21""}, {""carbon_atoms"": 0, ""elements"": ""B,F"", ""formal_charge"": -1, ""heavy_atoms"": 5, ""smiles"": ""F[B-](F)(F)F""}]"
5234,BKTZBFNYKWRXJS-UHFFFAOYSA-O,CCCCNc1c2ccccc2[n+](C)c2ccccc12.F[B-](F)(F)F,Disconnected fragments remain after salt removal,CHEMBL4083288,CHEMBL4117741,18221756.0,3023700.0,small charged fragment; residual salt or counterion candidate,2.0,"[{""carbon_atoms"": 18, ""elements"": ""C,N"", ""formal_charge"": 1, ""heavy_atoms"": 20, ""smiles"": ""CCCCNc1c2ccccc2[n+](C)c2ccccc12""}, {""carbon_atoms"": 0, ""elements"": ""B,F"", ""formal_charge"": -1, ""heavy_atoms"": 5, ""smiles"": ""F[B-](F)(F)F""}]"
5395,IURNUQXLRLZNBM-YLAFAASESA-N,CNC(=O)Oc1ccc2c(c1)[C@]1(C)CCN[C@@H]1N2.O=C(O)c1ccccc1O,Disconnected fragments remain after salt removal,CHEMBL4172401,CHEMBL4299889,18343553.0,3046060.0,multiple substantial organic components; mixture or multicomponent entity uncertain,2.0,"[{""carbon_atoms"": 13, ""elements"": ""C,N,O"", ""formal_charge"": 0, ""heavy_atoms"": 18, ""smiles"": ""CNC(=O)Oc1ccc2c(c1)[C@]1(C)CCN[C@@H]1N2""}, {""carbon_atoms"": 7, ""elements"": ""C,O"", ""formal_charge"": 0, ""heavy_atoms"": 10, ""smiles"": ""O=C(O)c1ccccc1O""}]"
5397,IURNUQXLRLZNBM-YLAFAASESA-N,CNC(=O)Oc1ccc2c(c1)[C@]1(C)CCN[C@@H]1N2.O=C(O)c1ccccc1O,Disconnected fragments remain after salt removal,CHEMBL4172401,CHEMBL4299889,18343573.0,3046060.0,multiple substantial organic components; mixture or multicomponent entity uncertain,2.0,"[{""carbon_atoms"": 13, ""elements"": ""C,N,O"", ""formal_charge"": 0, ""heavy_atoms"": 18, ""smiles"": ""CNC(=O)Oc1ccc2c(c1)[C@]1(C)CCN[C@@H]1N2""}, {""carbon_atoms"": 7, ""elements"": ""C,O"", ""formal_charge"": 0, ""heavy_atoms"": 10, ""smiles"": ""O=C(O)c1ccccc1O""}]"
5515,QVTLTOVJHONAJB-UHFFFAOYSA-N,CN(C)C(=O)Oc1cccc2c1cc(C(=O)NCCOCCO)c[n+]2C.COS(=O)(=O)[O-],Disconnected fragments remain after salt removal,CHEMBL4165100,CHEMBL4301960,18430824.0,3058840.0,small charged fragment; residual salt or counterion candidate,2.0,"[{""carbon_atoms"": 18, ""elements"": ""C,N,O"", ""formal_charge"": 1, ""heavy_atoms"": 26, ""smiles"": ""CN(C)C(=O)Oc1cccc2c1cc(C(=O)NCCOCCO)c[n+]2C""}, {""carbon_atoms"": 1, ""elements"": ""C,O,S"", ""formal_charge"": -1, ""heavy_atoms"": 6, ""smiles"": ""COS(=O)(=O)[O-]""}]"
5517,LFGCRRHRHMMUPN-UHFFFAOYSA-N,CN(C)C(=O)Oc1cccc2c1cc(C(=O)NCCOCCOCCN1C(=O)c3ccccc3C1=O)c[n+]2C.O=S(=O)([O-])C(F)(F)F,Disconnected fragments remain after salt removal,CHEMBL4168520,CHEMBL4302781,18430826.0,3058842.0,small charged fragment; residual salt or counterion candidate,2.0,"[{""carbon_atoms"": 28, ""elements"": ""C,N,O"", ""formal_charge"": 1, ""heavy_atoms"": 39, ""smiles"": ""CN(C)C(=O)Oc1cccc2c1cc(C(=O)NCCOCCOCCN1C(=O)c3ccccc3C1=O)c[n+]2C""}, {""carbon_atoms"": 1, ""elements"": ""C,F,O,S"", ""formal_charge"": -1, ""heavy_atoms"": 8, ""smiles"": ""O=S(=O)([O-])C(F)(F)F""}]"
7517,ZSFKPACEHFMZRW-JCDSVUNTSA-N,CCN1/C(=C/C(C)=O)Sc2ccc(OC(=O)OCCOCCNC(=O)c3cc4c(OC(=O)N(C)C)cccc4[n+](C)c3)cc21.COS(=O)(=O)[O-],Disconnected fragments remain after salt removal,CHEMBL5219350,CHEMBL5223028,24963218.0,3899820.0,small charged fragment; residual salt or counterion candidate,2.0,"[{""carbon_atoms"": 31, ""elements"": ""C,N,O,S"", ""formal_charge"": 1, ""heavy_atoms"": 44, ""smiles"": ""CCN1/C(=C/C(C)=O)Sc2ccc(OC(=O)OCCOCCNC(=O)c3cc4c(OC(=O)N(C)C)cccc4[n+](C)c3)cc21""}, {""carbon_atoms"": 1, ""elements"": ""C,O,S"", ""formal_charge"": -1, ""heavy_atoms"": 6, ""smiles"": ""COS(=O)(=O)[O-]""}]"
