scaffold_InChI,molecules,split
AAFADTHXZNSIKG-UHFFFAOYSA-N,1,train
AAFDWODPFAYCQI-UHFFFAOYSA-N,1,train
AAWHBYRLSMVMPT-UHFFFAOYSA-N,1,train
ABEMVQRELSYIGR-UHFFFAOYSA-N,1,train
ABKDUSYLKSLQKV-LETNVAMUSA-N,4,train
ACBZXVJRMPPPRP-UHFFFAOYSA-N,1,train
ACCSWVGAMRADDI-UHFFFAOYSA-N,5,train
ACFCLLGSDFAVEQ-CLVAPQHMSA-N,1,train
ACFKCHHVTYBUGP-LVZFUZTISA-N,1,train
ACYWKEMFHFVNQN-UHFFFAOYSA-N,1,train
ADESHZMJQLDWKW-JUKUECOXSA-N,2,train
ADKJHJNFROJLTD-UHFFFAOYSA-N,11,train
ADQQIINZWUFVHW-UHFFFAOYSA-N,3,train
AEDHVDFWLXLDON-UHFFFAOYSA-N,1,train
AEEBVPFVPFLZOH-HTLJXXAVSA-N,1,train
AEFUUWFATZZAGD-UHFFFAOYSA-N,4,train
AETZMXQABULFHJ-UHFFFAOYSA-N,1,train
AEUPTFPGPNPFKY-UHFFFAOYSA-N,1,train
AFZKLKOFXUIXAC-UHFFFAOYSA-N,8,train
AGAAICLBZSPZIQ-UHFFFAOYSA-N,1,train
AGJHYDCWZUUFAE-UHFFFAOYSA-N,11,train
AGQTUPBLVLPGIW-UHFFFAOYSA-N,1,train
AIFRHYZBTHREPW-UHFFFAOYSA-N,2,train
AIFRHYZBTHREPW-UHFFFAOYSA-O,9,train
AJEOSTRBVYLHFL-UHFFFAOYSA-N,1,train
AJMKIWXIURIKPS-UHFFFAOYSA-N,1,train
AJOZGTLFPZNNHP-UHFFFAOYSA-N,1,train
AJUUAUZWBQPTFD-UHFFFAOYSA-N,1,train
AJXQMEAUVWYGSU-UHFFFAOYSA-N,8,train
AKAGGWSNVWAIRP-WEVVVXLNSA-O,2,train
AKCQVKULWVLHMR-UHFFFAOYSA-N,1,train
ALBLVLIIOKNDOE-UHFFFAOYSA-N,1,train
ALNLNNGVDVYQOX-UHFFFAOYSA-N,1,train
ALQDGYVZZVYOGY-UHFFFAOYSA-N,1,train
ALRYRBBCEXMJGI-UHFFFAOYSA-N,1,train
ALUMRCODWIMCFJ-UHFFFAOYSA-N,2,train
ANEOOKIJLUCTER-UHFFFAOYSA-N,1,train
ANOUVHKKLQOCIC-UHFFFAOYSA-N,3,train
ANQGNYZKGOFNSV-UHFFFAOYSA-N,1,train
AOIXPVZGWICCKP-UHFFFAOYSA-N,1,train
AORJEBJUUPLKIC-UHFFFAOYSA-N,22,train
APSMOVSBJJPGKN-UHFFFAOYSA-N,1,train
APTNCCMNWHKRNB-UHFFFAOYSA-N,1,train
APTOOUCCLNCNIA-UHFFFAOYSA-N,1,train
AQMKOPRIUIYUJV-BQYQJAHWSA-N,1,train
AQUGDAJVVDHBAZ-UHFFFAOYSA-N,11,train
AQXGOLHXODDTBW-UHFFFAOYSA-N,1,train
ARFPEMMIFXKGCU-UHFFFAOYSA-N,1,train
ARMJZDJUAIIGAI-ZBJSNUHESA-N,1,train
ASAPLFRQNLSINY-UHFFFAOYSA-N,1,train
ASCBNEJRFFFGFO-LHLOQNFPSA-N,1,train
ASCBNEJRFFFGFO-QOMWVZHYSA-N,1,train
ASIVDOCWODPISQ-UHFFFAOYSA-N,1,train
ASQVBJNOBAVQLY-UHFFFAOYSA-N,1,train
ASURBWAPVQYRGO-UHFFFAOYSA-N,1,train
ASYMEXMFTJJQKN-UHFFFAOYSA-N,2,train
ATASLUKKLHOVPH-UHFFFAOYSA-N,1,train
ATHZIFFSGSWIAU-UHFFFAOYSA-N,1,train
ATNMJYCSSCNVMR-UHFFFAOYSA-N,1,train
ATQZQZVXRCSALL-UHFFFAOYSA-N,1,train
ATULQKOJYBXQER-UHFFFAOYSA-N,1,train
AVBMYNQDDDXVFM-UHFFFAOYSA-N,1,train
AVHMZIMFLFDTIN-UHFFFAOYSA-N,1,train
AVIDOFAMPMEYPP-UHFFFAOYSA-N,1,train
AVIFTUQCMKTSNJ-UHFFFAOYSA-N,1,train
AVRIWDJUZPAWDY-UHFFFAOYSA-N,3,train
AVWREEWMESQTNI-UHFFFAOYSA-N,1,train
AWDLVHWZJJXDBS-UHFFFAOYSA-N,1,train
AXFNCHDFGGPKMF-UHFFFAOYSA-N,1,train
AYKPOJMTNSVOMN-UHFFFAOYSA-N,3,train
AYMKUDMWKRYQAG-DTIOYNMSSA-N,1,train
AYMKUDMWKRYQAG-RRKGBCIJSA-N,9,train
AYMKUDMWKRYQAG-UHFFFAOYSA-N,13,train
AYMKUDMWKRYQAG-VUWPPUDQSA-N,7,train
AYMKUDMWKRYQAG-WDEREUQCSA-N,2,train
AYZUQWARUALHQF-LKIQXGJQSA-N,1,train
AZDCZJVQTAHDHL-UHFFFAOYSA-N,1,train
AZQWKYJCGOJGHM-UHFFFAOYSA-N,1,train
AZSNCMXKYRSIGD-UHFFFAOYSA-N,2,train
AZTOXGFWBBSJAK-MRKIMWIVSA-N,1,train
BAXOFTOLAUCFNW-UHFFFAOYSA-N,1,train
BAXQFXPUSVVDGE-UHFFFAOYSA-O,1,train
BAZGGMGNEFKCHN-OQLLNIDSSA-N,5,train
BBHJSPNDPUSPFW-UHFFFAOYSA-N,3,train
BBVIDBNAYOIXOE-UHFFFAOYSA-N,1,train
BCCIUWOSUZTVEO-UHFFFAOYSA-N,1,train
BDGLNVUCTWNUPS-UHFFFAOYSA-N,12,train
BDRKAJHQPXZFOY-UHFFFAOYSA-N,1,train
BDVRMDSBZVNOLY-UHFFFAOYSA-N,1,train
BEJCDKTYSDLZBF-UHFFFAOYSA-N,1,train
BEYZPMKEFLSJEI-UHFFFAOYSA-N,2,train
BFCQNBAYDZOIHV-UHFFFAOYSA-N,2,train
BFGITSFGKNOFTD-UHFFFAOYSA-N,1,train
BFKYRMLUMLJZJD-LRTDYKAYSA-N,1,train
BFOOQYHXKGWIBI-UHFFFAOYSA-N,1,train
BGFVDKJHBBUGIK-UHFFFAOYSA-N,1,train
BHEXKVGLZMEJRQ-UHFFFAOYSA-N,14,train
BHGVAXXUXFNVSG-UHFFFAOYSA-N,1,train
BHGXULAGFJNHOT-TURZUDJPSA-N,1,train
BHQDTAPCKJANRQ-UHFFFAOYSA-N,1,train
BHSMWYLFMWGEGM-UHFFFAOYSA-N,2,train
BHZJIWUWHZIBMK-UHFFFAOYSA-N,8,train
BHZJIWUWHZIBMK-VMPREFPWSA-N,22,train
BIBARRYXKABQKJ-UHFFFAOYSA-N,1,train
BIDYECAYHGTCEQ-KQWNVCNZSA-N,1,train
BJCSXPZMHOHQFQ-UHFFFAOYSA-N,1,train
BJJFPDPNWBAGOS-UHFFFAOYSA-N,1,train
BKCVYBKXHLCECF-UHFFFAOYSA-N,1,train
BLMJGURMDNTUKU-UHFFFAOYSA-N,1,train
BLMXFPRHYAECRY-FQNRMIAFSA-N,1,train
BLMXFPRHYAECRY-UHFFFAOYSA-N,2,train
BLMXFPRHYAECRY-VYIIXAMBSA-N,2,train
BLNLCJPKUXWYSV-QUOSSWOJSA-N,1,train
BLYRLILMLCWJOU-UHFFFAOYSA-O,8,train
BNBWNJAILLASJW-PMERELPUSA-N,1,train
BNBWNJAILLASJW-SSEXGKCCSA-N,1,train
BNBWNJAILLASJW-UHFFFAOYSA-N,1,train
BNFDZLOQSFVVEC-UHFFFAOYSA-N,2,train
BNGICRROXYSOFL-UHFFFAOYSA-N,1,train
BOEAEKKTIXSDNX-UHFFFAOYSA-N,1,train
BOPBLYZHFOTQOO-UHFFFAOYSA-N,1,train
BOSUEWCVNFFBGV-VAWYXSNFSA-N,1,train
BOUNYXVANQUHLS-UHFFFAOYSA-N,1,train
BOUVISQULAWZBA-UHFFFAOYSA-N,12,train
BOXHJLTYYUXRSS-UHFFFAOYSA-N,3,train
BPPUARIPSMKIPO-UHFFFAOYSA-N,1,train
BPSMUHLNMYEXRF-MAUKXSAKSA-N,1,train
BPUWTEOSJHWSHT-UHFFFAOYSA-N,3,train
BQBKATFOXWUDLB-UHFFFAOYSA-N,2,train
BQIIGTSQOCWPDH-UHFFFAOYSA-O,1,train
BQIQANCGHMQWHH-MQNHUJCZSA-N,1,train
BQNHPQADYSFXTR-UHFFFAOYSA-N,1,train
BQTRLZBZPXOORP-UHFFFAOYSA-N,3,train
BQVUJFOOOANMGT-UHFFFAOYSA-N,3,train
BQYZQHSHVHKUAX-OQKWZONESA-O,1,train
BRBGBGVHTZNKIS-UVTDQMKNSA-N,1,train
BRMDMFQKWSVCHQ-UHFFFAOYSA-P,1,train
BRYVTSKHCICRKZ-UHFFFAOYSA-N,1,train
BSFBZLJJPSYZOM-UHFFFAOYSA-N,2,train
BSRISIKVNVNLJD-UHFFFAOYSA-N,1,train
BSXSSABLTDVJDT-UHFFFAOYSA-O,2,train
BTBQFAQETBWIOC-UHFFFAOYSA-N,1,train
BTKLXNPLNYFENL-MHWRWJLKSA-N,1,train
BTNHZFGRMKCKDX-UHFFFAOYSA-N,1,train
BULPDQLGDINAMU-UHFFFAOYSA-N,1,train
BULPDQLGDINAMU-UHFFFAOYSA-O,1,train
BUXAAHHFQFLYHV-UHFFFAOYSA-N,1,train
BUZJPSLSVFRWOJ-UHFFFAOYSA-N,20,train
BVKKIMOYVHNQMN-UHFFFAOYSA-N,17,train
BVMGKNCKLZWDAI-UHFFFAOYSA-N,3,train
BVQFUYUEQBLTCJ-UHFFFAOYSA-N,1,train
BWDSTVFADYFLHE-UHFFFAOYSA-N,14,train
BWFOBDLMBRNFDG-UDDAOAOMSA-N,1,train
BWHNZUPBZKVKFE-UHFFFAOYSA-N,1,train
BWRMZQGIDWILAU-UHFFFAOYSA-N,1,train
BWWUAZJYGRIHDC-UHFFFAOYSA-N,2,train
BWZFLAUDFHHCEQ-UHFFFAOYSA-N,1,train
BXKAIFOAFMMETC-UHFFFAOYSA-N,1,train
BXXICGWXQFEDAP-UHFFFAOYSA-N,1,train
BYPQEUFUCCZAJU-UHFFFAOYSA-N,1,train
BYUCGUMKBQIYAW-UHFFFAOYSA-N,1,train
BYUOXPBVJAPZNL-MJZABRMRSA-N,1,train
BYUXNAQCYOUTID-UHFFFAOYSA-N,1,train
BYZAGCWPLBSOCX-UHFFFAOYSA-N,1,train
BZFWBAOVKAGSFN-KIYNQFGBSA-N,1,train
BZFWBAOVKAGSFN-NEPJUHHUSA-N,1,train
BZFWBAOVKAGSFN-NWDGAFQWSA-N,2,train
BZFWBAOVKAGSFN-UHFFFAOYSA-N,25,train
BZHBFQGFWMBRKN-UHFFFAOYSA-N,5,train
BZVKJEORXGAQFX-UHFFFAOYSA-N,1,train
CAWADKROFCBGAK-CARJLUJMSA-N,1,train
CBKBXTSQLAZNNG-UHFFFAOYSA-N,1,train
CBPJDUUDTXTXML-UHFFFAOYSA-N,1,train
CBPLVCKGKVDMPI-UHFFFAOYSA-N,7,train
CCWGHNPGJUADOI-XZOQPEGZSA-N,1,train
CDCUJCXPBYIZLI-BZKUTMRRSA-N,1,train
CDCUJCXPBYIZLI-LXANVCGNSA-N,1,train
CEFRVNUQUYBTRI-UHFFFAOYSA-N,1,train
CEJSCHVZPLJXOS-UHFFFAOYSA-N,1,train
CEYJRENWXPAGKD-UHFFFAOYSA-N,1,train
CFBDZCKTSONAGK-UHFFFAOYSA-N,5,train
CFMNRJWKHXEFOQ-UHFFFAOYSA-N,1,train
CFMWIHNMZXMOGE-JCUPVDEDSA-N,3,train
CFTOTSJVQRFXOF-UHFFFAOYSA-N,1,train
CGAHLAWAOLRZHC-UHFFFAOYSA-P,1,train
CGIBXWFVPBDEKZ-UHFFFAOYSA-N,7,train
CGIMGXTZKQHJJU-UHFFFAOYSA-N,1,train
CGJQKDDDVUSTBP-STZFKDTASA-N,1,train
CGPFCMGYTPXYSJ-UHFFFAOYSA-N,1,train
CHESWRHKCUTCBE-UHFFFAOYSA-N,2,train
CHOBURRKJISLAI-UHFFFAOYSA-N,1,train
CHZAJDNXPGNBLF-UHFFFAOYSA-N,1,train
CIYWTMZGOWASMQ-BJKOFHAPSA-N,1,train
CIYWTMZGOWASMQ-RPWUZVMVSA-N,1,train
CIYYAXBPPLHNDV-UHFFFAOYSA-N,1,train
CJDXDXPZBOPRIH-UHFFFAOYSA-O,1,train
CJPWVSWHUPXWHU-UHFFFAOYSA-N,1,train
CJYRQVSVJMWRPL-UHFFFAOYSA-N,1,train
CJYZVXNYXSEUCW-UHFFFAOYSA-N,1,train
CKWMJAPAGAYHIS-UHFFFAOYSA-N,1,train
CLMAEFKVAQVHEY-UHFFFAOYSA-N,2,train
CMHPNWZOHZNFLB-UHFFFAOYSA-N,1,train
CMYOXBIAKNBKIS-UHFFFAOYSA-O,1,train
CNXVDVMAYXLWPD-UHFFFAOYSA-O,1,train
COADHLNTUTYDRI-UHFFFAOYSA-N,1,train
COJHLECINBFIEC-UHFFFAOYSA-N,1,train
COTJTXZAIZKSJE-UHFFFAOYSA-N,1,train
CPIMBZDXMLRJFA-UHFFFAOYSA-N,1,train
CPIQFWQUWNIJFA-UHFFFAOYSA-N,3,train
CPQKZLNBCUOHCW-UHFFFAOYSA-N,3,train
CQURZEFNBDJAOR-UHFFFAOYSA-P,1,train
CQWWLWGATIFQLU-UHFFFAOYSA-N,1,train
CRCCVUJWSLFSBI-UHFFFAOYSA-P,1,train
CRJHULALZRTMAB-MWDXBVQZSA-N,1,train
CRJKPYBOKIRWEV-UHFFFAOYSA-N,1,train
CRPBEXXXEBUOEC-UHFFFAOYSA-N,9,train
CRSZRYQQPLDHRO-UHFFFAOYSA-N,1,train
CSHQXRFENGZQAM-UHFFFAOYSA-N,1,train
CTMIALBUPGLVNI-UHFFFAOYSA-N,1,train
CUNSKXFDFJIUPQ-UHFFFAOYSA-N,1,train
CUPMXLDBQODCHG-UHFFFAOYSA-N,1,train
CVAIGSAFBABGAE-UHFFFAOYSA-N,1,train
CVDOCHGSBFJTHT-UHFFFAOYSA-N,3,train
CVOBJFGIWLQKNN-UHFFFAOYSA-N,1,train
CVXSFPHLOPUFNE-UHFFFAOYSA-N,1,train
CWBJELZIHSQSHL-UHFFFAOYSA-N,2,train
CWEGCQIIDCZZED-UHFFFAOYSA-N,1,train
CWLLUJZBBZQEIN-UHFFFAOYSA-N,1,train
CWSYGAVOGHHPRG-UHFFFAOYSA-N,1,train
CXAJAAIHVWRPHS-UHFFFAOYSA-N,1,train
CXWXQJXEFPUFDZ-UHFFFAOYSA-N,17,train
CXXXASZSTJDALY-UHFFFAOYSA-N,2,train
CYAYCBCGPZWTLM-UHFFFAOYSA-N,3,train
CYDBQWRWTJIQJX-UHFFFAOYSA-N,1,train
CYWUMGVSXWDCBM-JJIBRWJFSA-N,1,train
CYYTWARSWHFVEI-UHFFFAOYSA-O,1,train
CZBDULQWWCSSTR-UHFFFAOYSA-N,1,train
CZPGYOUJFCVDTH-UHFFFAOYSA-N,10,train
CZPWVGJYEJSRLH-UHFFFAOYSA-N,1,train
CZSLYGYSXHUYPJ-UHFFFAOYSA-N,1,train
CZZYITDELCSZES-UHFFFAOYSA-N,3,train
DAGJMMZCVVNNNP-MDZDMXLPSA-O,1,train
DAKMZCNUVKKBIH-UHFFFAOYSA-N,1,train
DASPBOAPKPGSJF-VPTICVGPSA-N,1,train
DAWIZDFDUWIGTD-CQSZACIVSA-N,1,train
DBDVAKGHPZJLTH-UHFFFAOYSA-N,1,train
DBOBKBYZGORZGL-UHFFFAOYSA-N,1,train
DBQKSAHSXVRXEM-UHFFFAOYSA-N,1,train
DBSHGGWKIXHPGL-UHFFFAOYSA-O,1,train
DBTAYZNNWNPYIB-UHFFFAOYSA-N,1,train
DBXSKMIIRVJQNR-UHFFFAOYSA-N,1,train
DCFXDNUUQBWFFR-UHFFFAOYSA-N,2,train
DCXHXENQMQMNRB-UHFFFAOYSA-N,4,train
DCYGRUQSKMONOT-LFYBBSHMSA-N,1,train
DDKKGAJXXCAMEW-AFUMVMLFSA-N,2,train
DDPFTYYIULVSQO-UHFFFAOYSA-N,1,train
DEGUCBACNWCFPX-UHFFFAOYSA-N,2,train
DENHFQWNVWMYSV-YLPQFATFSA-N,5,train
DEOJEYMDLUNGLO-UHFFFAOYSA-N,1,train
DFLQQJXXKXGEQT-DITALETJSA-N,2,train
DGAIWEHSIOVGNT-UHFFFAOYSA-N,1,train
DGLKFDAONHVJIA-SHUZPENHSA-N,1,train
DGNWGXLLTKEQST-UHFFFAOYSA-N,1,train
DGSXIEHZBQNKOR-UHFFFAOYSA-N,1,train
DGXHKSQAMQUCQT-UHFFFAOYSA-N,6,train
DHLYNZLODLVAFM-UHFFFAOYSA-N,2,train
DHNIRRNPHIBRFM-UHFFFAOYSA-N,3,train
DHRJAVRMPRDVQD-UHFFFAOYSA-N,5,train
DHTIEPUWNIRXPY-UHFFFAOYSA-N,1,train
DIBVGLXLEPTAFS-CYBMUJFWSA-N,1,train
DIFMBALLHUXGIP-UHFFFAOYSA-N,1,train
DIRLNGVZIACMRC-CZIZESTLSA-N,2,train
DJHVCZIPEGSZEW-UHFFFAOYSA-N,1,train
DJPKUESIAGEBIQ-UHFFFAOYSA-N,1,train
DKKWHIZUXSVRRX-BRNHUXAOSA-N,1,train
DKLCDUMMOFZXAU-UHFFFAOYSA-N,1,train
DKQOQRBSBAPSKZ-UHFFFAOYSA-N,1,train
DLBUVBWGLMJYOU-UHFFFAOYSA-N,1,train
DMCKQGJPQJHYSG-UHFFFAOYSA-N,1,train
DMDROIPKJWDHFC-UHFFFAOYSA-N,1,train
DMJZMKWUENVGJJ-UHFFFAOYSA-N,1,train
DNMRPYYNCOVHIX-UHFFFAOYSA-N,1,train
DOBQPNDSZWMKBV-UHFFFAOYSA-N,1,train
DOPAXULTVCOLJN-UHFFFAOYSA-N,1,train
DOSYFWUKMLAOET-UHFFFAOYSA-N,1,train
DPHHXAHMHZTUKC-QRIDDKLISA-N,2,train
DPIGXLBJCYWBNT-QRWMCTBCSA-N,1,train
DPIGXLBJCYWBNT-UHFFFAOYSA-N,1,train
DPQLZQXGCGFULQ-UHFFFAOYSA-N,1,train
DPVZNLKVPWECGM-UHFFFAOYSA-N,1,train
DQFBYFPFKXHELB-VAWYXSNFSA-N,12,train
DQHHGJIDSIEIRK-UHFFFAOYSA-N,3,train
DRZHLPIRTGYXKK-UHFFFAOYSA-N,2,train
DSBWNTHVHNOHNA-UHFFFAOYSA-N,1,train
DSERASARYOXWOK-UHFFFAOYSA-P,1,train
DSMOZEUXMCSUIB-UHFFFAOYSA-N,10,train
DSSWIVHVLJERRB-UHFFFAOYSA-N,1,train
DSSYZJQEEUGKTN-UHFFFAOYSA-N,1,train
DSZBRJWAWYRGRC-UHFFFAOYSA-N,1,train
DTIWQBJDQQTGMN-UHFFFAOYSA-N,3,train
DUBCFABUVWVNQL-QGOAFFKASA-N,1,train
DUDLJENWIGRBBX-ZRTHHSRSSA-N,1,train
DVAUGKNGSJLBSB-UHFFFAOYSA-N,9,train
DWEDPPIPSUJMOA-UHFFFAOYSA-N,1,train
DWNXVVDXAPWOOG-UHFFFAOYSA-N,5,train
DWTMGIXXVYXICU-UHFFFAOYSA-N,1,train
DWYHDSLIWMUSOO-UHFFFAOYSA-N,3,train
DXFDENZBIGTAQD-UHFFFAOYSA-N,7,train
DXQPJYSXJVUZSK-UHFFFAOYSA-N,1,train
DXZUJGHPCQSCHE-UHFFFAOYSA-N,2,train
DYDMQTJZQBAGEY-UHFFFAOYSA-N,1,train
DYSZEFXORVXIQO-UHFFFAOYSA-N,1,train
DZBUGLKDJFMEHC-UHFFFAOYSA-N,2,train
DZDRNNGRRUXRQL-UHFFFAOYSA-N,1,train
DZNRRYKCVFWJKP-UHFFFAOYSA-N,1,train
DZSDRGBLRNZFES-UHFFFAOYSA-N,1,train
DZXQKWIYTNJLDC-UHFFFAOYSA-N,2,train
DZYZXJVAPHGOBX-UHFFFAOYSA-N,6,train
FADBKIXZVPGOPE-VAWYXSNFSA-N,1,train
FAHPVPAHXJNBLK-UHFFFAOYSA-N,1,train
FBAAZIXWQQGYFU-UHFFFAOYSA-N,5,train
FBRWAGKHNFWMGN-UHFFFAOYSA-N,1,train
FBSSMMFYDMWLSR-UHFFFAOYSA-N,1,train
FBTGIGPIRWBHTC-UHFFFAOYSA-O,1,train
FBXOOPKVYFVFRA-UHFFFAOYSA-N,2,train
FBYBSOYWJDHSSE-UHFFFAOYSA-N,1,train
FCHXTZSDFHPFEA-UHFFFAOYSA-O,1,train
FCZMQSCKAWGXJI-UHFFFAOYSA-N,1,train
FDDLGIVTPCIZLY-UHFFFAOYSA-N,1,train
FDWCQOGZLWYUBF-UHFFFAOYSA-N,1,train
FEGQVVIECGDZNL-UHFFFAOYSA-N,3,train
FELPMYGHWVAGQT-UHFFFAOYSA-N,5,train
FEWPEMHIXGPAEH-UHFFFAOYSA-N,1,train
FEWSBLNWZZKPCG-UHFFFAOYSA-N,1,train
FEYDUIMOIZSYGW-UHFFFAOYSA-N,1,train
FFIZZPFJAXHTDR-UHFFFAOYSA-N,1,train
FFRRFBBXYMQKCX-UHFFFAOYSA-N,1,train
FGAWVKNKFZRACR-UHFFFAOYSA-N,2,train
FGCZQOHSWGMVPN-UHFFFAOYSA-N,8,train
FGETXRCMJIPTMK-UHFFFAOYSA-N,1,train
FGUBIFBCUVCQNS-UHFFFAOYSA-N,1,train
FGUGVXFFERMMID-ONNCBLDTSA-N,4,train
FGXBJZDVJKQHGB-UHFFFAOYSA-O,1,train
FGYCMKQXOGBSDD-UHFFFAOYSA-N,1,train
FGYCMKQXOGBSDD-UHFFFAOYSA-O,1,train
FHAMORVAQLWZNL-UHFFFAOYSA-O,1,train
FHXCKAKIBCYHMZ-UHFFFAOYSA-N,1,train
FIAASKNVCMLWNY-UHFFFAOYSA-N,1,train
FIIZQHKGJMRJIL-VAWYXSNFSA-N,5,train
FJVHNKWJAPRBDC-UHFFFAOYSA-N,1,train
FKAXNOMJEFGVMA-UHFFFAOYSA-N,1,train
FKFJZGFHHCYXOR-UHFFFAOYSA-N,2,train
FKYNMSJYDRYLMD-UHFFFAOYSA-N,1,train
FLEWNSKCTYCXMT-UHFFFAOYSA-N,1,train
FMHFUABJEGMXDA-UHFFFAOYSA-N,1,train
FNDXYZZNFYPLLV-UHFFFAOYSA-N,1,train
FNKFXYYONXANRT-UHFFFAOYSA-N,1,train
FNXUIRRQXYJKBW-UHFFFAOYSA-N,1,train
FOCJBBQDZCIPRW-CQSZACIVSA-N,4,train
FOGMSWLUAUAHDJ-UHFFFAOYSA-N,2,train
FOHMZMZGIYKSSS-UHFFFAOYSA-N,9,train
FPGWIAWVSIHWBX-UHFFFAOYSA-N,1,train
FPQXGJLVJGKXJD-UHFFFAOYSA-N,2,train
FPUPKICNGPEKDJ-UHFFFAOYSA-N,1,train
FQMHFLKJYARCJX-UHFFFAOYSA-N,3,train
FQUTYOZUGJMHGR-UHFFFAOYSA-N,1,train
FQVGGJLEHUNKNW-UHFFFAOYSA-N,1,train
FROZZPRXNQNBSA-UHFFFAOYSA-N,1,train
FSIJYTFKWYMORV-UHFFFAOYSA-N,1,train
FTDKCSONXJICST-UHFFFAOYSA-N,4,train
FTIASDZNAWKWHK-UHFFFAOYSA-N,1,train
FTJHDEREJQMLMM-UHFFFAOYSA-N,1,train
FTVHXTWXOWQWSW-UHFFFAOYSA-N,1,train
FUZSKXNTSYMEMF-GOSISDBHSA-N,1,train
FUZSKXNTSYMEMF-SFHVURJKSA-N,1,train
FUZSKXNTSYMEMF-UHFFFAOYSA-N,1,train
FVQDLYIAYBFTCK-SAPNQHFASA-N,1,train
FVSZSXKCFKSTNT-UHFFFAOYSA-N,2,train
FVSZSXKCFKSTNT-UHFFFAOYSA-P,2,train
FVWANTDQRFSCAL-UHFFFAOYSA-N,14,train
FVWQPWJWXDUYOX-UHFFFAOYSA-N,1,train
FWHGXAVKRXWJSP-UHFFFAOYSA-N,1,train
FWZLSJAQZGRSHU-UHFFFAOYSA-O,1,train
FXHKMZQULJFLCI-HTLJXXAVSA-N,2,train
FXHKMZQULJFLCI-LHIURRSHSA-N,1,train
FXHKMZQULJFLCI-UHFFFAOYSA-N,2,train
FXNSMRYOOIJHGY-UHFFFAOYSA-N,2,train
FXRNSWLBYKVRMO-UHFFFAOYSA-N,11,train
FYRFGJSXHGSSRA-UHFFFAOYSA-N,4,train
FYRFGJSXHGSSRA-UHFFFAOYSA-O,4,train
FYTTUMGKQQZCRV-UHFFFAOYSA-N,3,train
FYVWOSXKRCLPGK-UHFFFAOYSA-N,1,train
FYWFHMXKMJNXGS-UHFFFAOYSA-N,1,train
FZAANFLYCBJAJT-UHFFFAOYSA-N,1,train
FZCIAYIAQAPWGF-UHFFFAOYSA-N,1,train
FZGXLGWKSSVIND-LJQANCHMSA-N,1,train
FZGXLGWKSSVIND-UHFFFAOYSA-N,1,train
FZNAHZCVWVQRSJ-UHFFFAOYSA-N,1,train
FZOCLHXKQYOSOU-QGOAFFKASA-N,2,train
FZWLAAWBMGSTSO-UHFFFAOYSA-N,1,train
FZYKBLSPMPIYKD-UHFFFAOYSA-N,1,train
GADQUMYHDUBVIK-HSNWFKKSSA-N,1,train
GAGCOTIFWCHLQP-UHFFFAOYSA-N,1,train
GAHQTUGIHSTVHS-UHFFFAOYSA-N,2,train
GBMZEHMOSHVJAK-UHFFFAOYSA-N,1,train
GCCYSNFKZJTBLZ-UHFFFAOYSA-N,1,train
GCDBDMZTKCNPAH-UHFFFAOYSA-N,1,train
GCLZEYNUSOGYSP-UHFFFAOYSA-N,1,train
GCMIDFMBOMINIX-DWCJFUQGSA-N,1,train
GCOLJWQQANRSNV-UHFFFAOYSA-N,1,train
GCTYUVIIPGRTHM-UHFFFAOYSA-N,1,train
GDCVHJQWGCHXEY-UHFFFAOYSA-N,1,train
GDDBSWQWOFNCSG-UHFFFAOYSA-N,2,train
GDDZAQXRTNVYPY-UHFFFAOYSA-N,2,train
GDJCEVNDAZNLPF-UHFFFAOYSA-N,1,train
GDQDVGJLHPAPGQ-CCEZHUSRSA-N,1,train
GDQOEOCEMHZREX-UHFFFAOYSA-N,3,train
GDYXVZFBBRJOFV-UHFFFAOYSA-N,1,train
GDZJKQZAKIQHOI-UHFFFAOYSA-N,15,train
GEBRPJJJIRIALP-UHFFFAOYSA-N,8,train
GEKCKUZLCCBZMA-UHFFFAOYSA-N,1,train
GEKUZXXXYDSGHP-UHFFFAOYSA-N,1,train
GEQSEZZYXMMYJU-UHFFFAOYSA-N,1,train
GEVREHPVEIWFQP-UHFFFAOYSA-N,1,train
GFGBBOQRRYWKTG-UHFFFAOYSA-N,1,train
GFTMVSFOIQWJSE-UHFFFAOYSA-N,2,train
GGEBRZRCKLLEQY-VAWYXSNFSA-N,2,train
GHGXCYPXBDQVRC-UHFFFAOYSA-N,1,train
GHLQIUUQOWYNQU-UHFFFAOYSA-N,1,train
GHLUFKQBBJSVCU-KQWNVCNZSA-N,5,train
GHTCVUQAVGOGDY-UHFFFAOYSA-N,1,train
GHTRHGIMNKDACG-LETNVAMUSA-N,2,train
GIEJESFZGPSEJN-UHFFFAOYSA-N,1,train
GJQFJYAVSJYAOW-UHFFFAOYSA-N,4,train
GKDPNDFNLNWGMS-UHFFFAOYSA-N,2,train
GKDPVZRIURCIHE-UHFFFAOYSA-N,1,train
GKWGQTFMQKLHOX-UHFFFAOYSA-N,1,train
GKXJDPQNEUIPCD-UHFFFAOYSA-N,15,train
GLEKCUCIXWPZNR-UHFFFAOYSA-N,1,train
GLEMOZIKWIXRBD-UHFFFAOYSA-N,1,train
GLHVTNXLNWGCPW-UHFFFAOYSA-N,7,train
GMHLOJBKEVFYBC-SOWLTJPBSA-N,1,train
GMHLOJBKEVFYBC-UHFFFAOYSA-N,1,train
GMMAWAYCLWHMGA-UHFFFAOYSA-N,1,train
GMQZFOMNKDBEQB-UHFFFAOYSA-N,1,train
GMTNCXSPUZXYPO-UHFFFAOYSA-N,1,train
GMXBRECDYFCFAU-UHFFFAOYSA-N,1,train
GNEBPJLUBLDSCS-UHFFFAOYSA-N,1,train
GNOKFBCUBTWYGU-UHFFFAOYSA-N,3,train
GOMMQUCIBUSEBS-HEHNFIMWSA-N,1,train
GOMNOOKGLZYEJT-UHFFFAOYSA-N,3,train
GONCSTXHHUDHEH-WEVVVXLNSA-O,2,train
GPABSMPYRNJXKV-UHFFFAOYSA-N,1,train
GPCCQUBMGXQCPH-UHFFFAOYSA-N,3,train
GPVZXARJQBEXFP-RMKNXTFCSA-N,1,train
GPZKVONVKFJEEO-JQSCYJAISA-N,1,train
GQBWHZBWCYHEEM-UHFFFAOYSA-N,4,train
GQOCQOJNBAHFNH-RRPNLBNLSA-N,1,train
GQOCQOJNBAHFNH-SXOMAYOGSA-N,1,train
GQOCQOJNBAHFNH-UHFFFAOYSA-N,1,train
GQOLUODVXGXBQS-UHFFFAOYSA-N,2,train
GQRRQUSXVVAHGB-ZSWXBHCYSA-N,1,train
GQSOUIQKDSCQSH-UHFFFAOYSA-N,2,train
GQVRUSWODVCDOD-UHFFFAOYSA-N,1,train
GSBGMPKFLCWHGP-UHFFFAOYSA-N,1,train
GSDUGQNEVHEYFA-UHFFFAOYSA-N,1,train
GSNBUYRNVJADAK-UHFFFAOYSA-N,1,train
GTJVRLSLZZLTQZ-UHFFFAOYSA-N,2,train
GTNXCLKKSLDQGQ-DITALETJSA-N,1,train
GTVSDMPQZNLHNQ-UHFFFAOYSA-N,1,train
GUWLQSYUWKOCAS-UHFFFAOYSA-N,1,train
GVDQRHZTBDTQBI-UHFFFAOYSA-N,1,train
GWBKSBZHYBXTIL-UHFFFAOYSA-O,1,train
GWCBLTWBJYAFLK-ILRDRHFLSA-N,1,train
GWDUBPBCOJUTTH-UHFFFAOYSA-N,1,train
GWEHVDNNLFDJLR-UHFFFAOYSA-N,7,train
GWELKBUOZQOQHZ-UHFFFAOYSA-N,4,train
GWKUFDSPVUIGEP-UHFFFAOYSA-N,4,train
GWKZBCSXCDIJEX-UHFFFAOYSA-N,1,train
GWPZNAONEMYVFA-AFTMWWLOSA-N,1,train
GWRLTTKCUHEBFF-UHFFFAOYSA-N,1,train
GWSVBLYOVYFHBW-JISICJPESA-O,1,train
GWUUPPPSIZYHCM-BQYQJAHWSA-N,1,train
GWUUPPPSIZYHCM-FPLPWBNLSA-N,1,train
GXAYYQMQBAJZJJ-UHFFFAOYSA-N,1,train
GXRLPTHGYBPIDP-UHFFFAOYSA-N,1,train
GXXKXVYPWUFQSX-HTLJXXAVSA-N,1,train
GXXKXVYPWUFQSX-LHIURRSHSA-N,1,train
GXXKXVYPWUFQSX-UHFFFAOYSA-N,2,train
GXXYQQYKXRBXSU-UHFFFAOYSA-N,2,train
GYCRGXGRCCAPPT-UHFFFAOYSA-N,1,train
GYHWOBABHGPEJX-UHFFFAOYSA-N,1,train
GYJGARZINSSEOU-UHFFFAOYSA-N,2,train
GYTKOSKWYAYEPO-GOSISDBHSA-N,1,train
GYTKOSKWYAYEPO-UHFFFAOYSA-N,1,train
GYYXDEWHRCMDIO-UHFFFAOYSA-N,4,train
GZLZSRBYDJULSD-UHFFFAOYSA-N,13,train
GZMDVSNEMMSXNM-UHFFFAOYSA-P,1,train
HAAQFCDOAGMIPV-UHFFFAOYSA-N,1,train
HAHTWEYOLHQDOM-UHFFFAOYSA-N,1,train
HAMAIEQEHDOVOU-UHFFFAOYSA-N,1,train
HAXCSBJTTMWOMN-UHFFFAOYSA-N,4,train
HAYVLGNJEPDADG-JGCGQSQUSA-N,1,train
HBEPAIPMAVOACQ-UHFFFAOYSA-N,2,train
HBOWPXFEJMZFMN-UHFFFAOYSA-N,1,train
HCBHBTDRMMSSGG-UHFFFAOYSA-O,2,train
HCINEXNSUBFADG-UHFFFAOYSA-N,1,train
HCWWTCVTEUDIOU-UHFFFAOYSA-O,1,train
HDFMURCSXYPBBG-UHFFFAOYSA-N,1,train
HDFNORIXMROTFT-FXAWDEMLSA-N,1,train
HDRPKPOOFYOYQP-UHFFFAOYSA-N,1,train
HDSPUJRIJBZPAJ-UHFFFAOYSA-N,8,train
HDVPIBWSDSUSSZ-UHFFFAOYSA-O,1,train
HEPAETZTOMPKRE-UHFFFAOYSA-N,1,train
HETNMRPIPFJEGO-UHFFFAOYSA-N,1,train
HEVBNUPYWLJPGT-UHFFFAOYSA-N,2,train
HFDSKLSQDUQSPC-UHFFFAOYSA-N,1,train
HFRNGSUSVIONOS-UHFFFAOYSA-N,1,train
HFWKIXNIVIXPBP-UHFFFAOYSA-N,2,train
HFXNFOSTKCPMIS-UHFFFAOYSA-N,1,train
HFXNFTNROMCBDY-UHFFFAOYSA-O,3,train
HGHUANRELDAGLC-OMOCHNIRSA-N,1,train
HGHUANRELDAGLC-UHFFFAOYSA-N,1,train
HGZOEUIMZNUBQP-UHFFFAOYSA-N,3,train
HIFFPOKGECRZHC-UHFFFAOYSA-N,1,train
HILWYPBKRZUKKA-UHFFFAOYSA-N,1,train
HINFHDUPIIXJBB-UHFFFAOYSA-N,1,train
HJAAUEGOLKGVQB-HNNXBMFYSA-N,1,train
HJBNYAHXYFWQLW-ROCQPJABSA-N,1,train
HJCIVWBIGFKNCN-UHFFFAOYSA-N,1,train
HJELLEISQPFXGX-UHFFFAOYSA-N,2,train
HJHKGRFBRKFGHA-QNGOZBTKSA-N,1,train
HJMWUOBZJOSANB-UHFFFAOYSA-N,1,train
HJVWJYJVIPHSPH-UHFFFAOYSA-N,4,train
HKBSRKXBNXETSO-UHFFFAOYSA-N,1,train
HKGPUPDKEUBKQY-UHFFFAOYSA-N,2,train
HKJPSKQLHUWRSF-UHFFFAOYSA-N,1,train
HKMGZCKGWBFZKW-UHFFFAOYSA-N,1,train
HKOREJWUFCOHQT-LRTDYKAYSA-N,1,train
HKQUHJFCVOBXLG-UHFFFAOYSA-N,1,train
HKRHQXGLSIAVJS-UHFFFAOYSA-N,1,train
HKTVPOSINVFDKN-KGENOOAVSA-N,1,train
HMDAOPZJXAZTGC-PTGBLXJZSA-N,1,train
HMFNQBSADDJDKJ-UHFFFAOYSA-N,1,train
HMHAEJRJHIUQDY-UHFFFAOYSA-N,1,train
HMKCOOKZDCPWSP-UHFFFAOYSA-N,1,train
HMNNGFZGSKJZAA-UHFFFAOYSA-N,1,train
HMNUUZYKJLQTRS-UHFFFAOYSA-O,6,train
HMSMWYXVOXJICA-UHFFFAOYSA-N,1,train
HNDCEIZRFNIZKS-BYPYZUCNSA-N,1,train
HNDCEIZRFNIZKS-SCSAIBSYSA-N,1,train
HNIKWNCSGCNTIO-UHFFFAOYSA-N,1,train
HNOZXLPXQCPGFX-UHFFFAOYSA-N,1,train
HNWLXZHDOFNYPM-UHFFFAOYSA-N,1,train
HOJATIWRETURNC-UHFFFAOYSA-N,1,train
HOOUDOBEEYPAQP-HXPUERGNSA-N,1,train
HPKYQTRKQUMCOS-UHFFFAOYSA-N,1,train
HPUGCMFOSXYTPF-UHFFFAOYSA-N,1,train
HQBNRKGCDQVZPV-ANWICMFUSA-N,1,train
HQDPUZWRGZJKEA-UHFFFAOYSA-N,4,train
HQGLMMZRWJZVMJ-UHFFFAOYSA-N,2,train
HQHNSHBCYQOVNO-FQNRMIAFSA-N,2,train
HQHNSHBCYQOVNO-UHFFFAOYSA-N,3,train
HQHNSHBCYQOVNO-VYIIXAMBSA-N,2,train
HQNDMWVFMSFTIV-UHFFFAOYSA-N,2,train
HQOOCHIABVBRKY-UHFFFAOYSA-N,15,train
HQOOCHIABVBRKY-UHFFFAOYSA-O,1,train
HQQWZYLEQVBJQQ-UHFFFAOYSA-N,1,train
HRAYQSIQNOZKAT-UHFFFAOYSA-N,1,train
HRYFGNDZFJDCOM-UHFFFAOYSA-N,1,train
HRYYACWYRVZXQV-MPYJOUPCSA-N,3,train
HSDRUHGSKQONEV-UHFFFAOYSA-N,1,train
HSFFEMSAVIUGLY-UHFFFAOYSA-N,3,train
HSPJHIDTBHDKEQ-UHFFFAOYSA-N,1,train
HSTOBJDSCBYOQO-UHFFFAOYSA-N,1,train
HTMGTCWBXHRXNE-CYBMUJFWSA-N,1,train
HTMGTCWBXHRXNE-ZDUSSCGKSA-N,1,train
HTNHARYYMXRTRJ-UHFFFAOYSA-N,3,train
HTPULTNUYBAOFU-UHFFFAOYSA-N,1,train
HTWCATBXDHROAO-UHFFFAOYSA-N,1,train
HTXLPNDFPVEZPH-UHFFFAOYSA-N,1,train
HTYXBZGNCHYWRS-QWHCGFSZSA-O,1,train
HTZVJSOFOPIELV-UHFFFAOYSA-N,1,train
HUPDUDCVVDWTET-UHFFFAOYSA-N,1,train
HUQHGGFJJGKEJU-UHFFFAOYSA-N,2,train
HURQPHROLGROAJ-UHFFFAOYSA-N,1,train
HUTGZRVZRJFBSK-UHFFFAOYSA-N,1,train
HVOQIFAVBGXVKS-UHFFFAOYSA-N,1,train
HVQMCODVWMGXKV-UHFFFAOYSA-N,1,train
HVWVPJQXLNDOEK-UHFFFAOYSA-N,1,train
HVXOBYDPHVVOFL-UHFFFAOYSA-N,1,train
HWARFVXWYZKCEU-UHFFFAOYSA-N,1,train
HWDFWWGRLOONQW-UHFFFAOYSA-N,1,train
HWLGLQZTWCGHLI-UHFFFAOYSA-N,1,train
HXFSUKMKWTWURM-UHFFFAOYSA-O,3,train
HXGOXMIBOVOIRT-FHZUCYEKSA-N,1,train
HXNMQPICJQXWHW-UHFFFAOYSA-N,1,train
HYIITDFRNMTEAM-UHFFFAOYSA-N,1,train
HYROFEBEBDJRHZ-UHFFFAOYSA-N,1,train
HZNMNQYADWOOOP-SIKLNZKXSA-N,1,train
HZTZFAQVGYSTHZ-UHFFFAOYSA-N,1,train
IAHJNKLHIZVAKB-UHFFFAOYSA-N,1,train
IANXMZMJBKUVLQ-UHFFFAOYSA-N,1,train
IAONPROFUFTPDB-UHFFFAOYSA-N,1,train
IBMAZESEFQSFBW-UHFFFAOYSA-N,1,train
IBPWGZKZWJYGLA-UHFFFAOYSA-N,1,train
IBPXTZGMIXISTL-FIBWVYCGSA-N,1,train
IBTOQVUCTSMFOJ-UHFFFAOYSA-N,1,train
ICALDSOVJLIENB-UHFFFAOYSA-N,2,train
ICISUXWQUUKZMT-PWSUYJOCSA-N,1,train
ICISUXWQUUKZMT-UHFFFAOYSA-N,2,train
ICROVGRUHKJRIN-UHFFFAOYSA-N,3,train
ICVPCSMALLMIGY-UHFFFAOYSA-N,15,train
ICXOGDKVJOQDQE-UHFFFAOYSA-N,1,train
IDHWMEGKMHKJEO-VMPITWQZSA-O,2,train
IDKGPZZQKZEDSN-UYRXBGFRSA-N,1,train
IDMGTGWKKYHBFA-UHFFFAOYSA-N,1,train
IDOUJHIGVNLISJ-UHFFFAOYSA-N,1,train
IDTOBNOIMGGIOU-UHFFFAOYSA-N,1,train
IDTSETIJMAVCIZ-UHFFFAOYSA-N,1,train
IEBFRRATFZBOGS-UHFFFAOYSA-N,1,train
IEDHWFWHULKXLC-UHFFFAOYSA-N,7,train
IESCBRYMXHTAKI-UHFFFAOYSA-N,2,train
IFNVPYBVJOVWAH-UHFFFAOYSA-N,1,train
IFOPJGURFAUYCJ-UHFFFAOYSA-N,1,train
IFPWYGKQIZAXQD-CQSZACIVSA-N,1,train
IFSOHTNZJVJJGA-UHFFFAOYSA-O,1,train
IFWFLBVLUVGFCZ-NLLRYDLESA-N,1,train
IFWJDCJQEWTHSS-UHFFFAOYSA-N,1,train
IFYBWVINZZLKPU-UHFFFAOYSA-N,1,train
IGCLIIFZMUGQPQ-UHFFFAOYSA-N,1,train
IHMCPZVTIHATBD-HYARGMPZSA-N,12,train
IHNSIFFSNUQGQN-UHFFFAOYSA-N,2,train
IHPSCUSFORMUHM-UHFFFAOYSA-N,1,train
IHQOPGPYTRMDJH-UHFFFAOYSA-N,1,train
IJADZTQNWHSQDA-UHFFFAOYSA-N,1,train
IKICEKYOYFBQLB-UHFFFAOYSA-O,2,train
IKOLJXPQOBOIKI-WHQFWZOJSA-N,1,train
IKRUJDIZDVTNER-UHFFFAOYSA-N,1,train
IKTIJQIGYVSLLE-UHFFFAOYSA-N,2,train
IKTRKOHDYGDICC-UHFFFAOYSA-N,2,train
IKXBHEWXARZDSL-UHFFFAOYSA-N,1,train
ILFYOWGJBKEMSK-UHFFFAOYSA-N,2,train
ILXIVXICKWIRRR-UHFFFAOYSA-N,1,train
IMALDZVHQDNXNG-CMCWBKRRSA-N,1,train
INERHEQVAVQJBO-INIZCTEOSA-N,1,train
INIMHDIZIDCHML-UHFFFAOYSA-N,1,train
INRAOCPTSHECTL-UHFFFAOYSA-N,1,train
INTOIIYEBBHGJB-UHFFFAOYSA-N,1,train
INTOYXAUMDZZCK-UHFFFAOYSA-N,1,train
INWYPVOENBYPSU-UHFFFAOYSA-N,3,train
INXDBDQGBWBWPO-WXUXXXNLSA-N,1,train
IOFOVWPQJWBUPK-UHFFFAOYSA-N,2,train
IOIOYWQHONTBHS-LFOSYLFNSA-N,1,train
IOMWIGQKJJJFHJ-XHVGDULWSA-N,1,train
IOUAQOHTMDFCRB-UHFFFAOYSA-N,1,train
IOVMRCPGYSGUMJ-DXOLEWAWSA-N,1,train
IPJHLISTNYEINS-UHFFFAOYSA-N,1,train
IPNCANNCIDZOHY-VAWYXSNFSA-N,32,train
IPPMEFXXXOMSIW-UHFFFAOYSA-N,1,train
IPUMUXGUXSUZNF-UHFFFAOYSA-N,1,train
IPZAJWSORPKWGS-UHFFFAOYSA-N,1,train
IQPCLHMOVJNIOM-UHFFFAOYSA-N,1,train
ISCNDFDWIJRPET-UHFFFAOYSA-N,1,train
ISMYNYFEVMBAEI-UHFFFAOYSA-N,1,train
ISNUVLPBKHDGCQ-UHFFFAOYSA-N,2,train
ISRHGZSHTXDBCW-FEZSWGLMSA-N,1,train
ISVXEUUPDMXQFL-UHFFFAOYSA-N,1,train
ITDGDWRZOJLDPH-UHFFFAOYSA-N,6,train
ITHXOKQJEXLMKO-GXDHUFHOSA-N,4,train
ITHXOKQJEXLMKO-UHFFFAOYSA-N,4,train
ITHXOKQJEXLMKO-UVTDQMKNSA-N,1,train
ITZOKHKOFJOBFS-UHFFFAOYSA-N,3,train
IUKJVIWCMHHLFY-UHFFFAOYSA-N,1,train
IUPQNTVJUFOXAX-UHFFFAOYSA-N,1,train
IUXDHDQACLSYLE-ZHACJKMWSA-N,3,train
IVIGCJIZBAGQMB-UHFFFAOYSA-N,1,train
IVKKKQOFNSTSIZ-UHFFFAOYSA-N,2,train
IVMJFBQNFVMHFG-UHFFFAOYSA-O,2,train
IVNHZJGUWUCAKA-UHFFFAOYSA-N,1,train
IVZKZMIWFCXNMT-UHFFFAOYSA-N,3,train
IWCRTYMKZQLWMC-UHFFFAOYSA-O,3,train
IWNWFATXWHCBFG-UHFFFAOYSA-N,1,train
IXEXLDBKPOEUPH-JNQSZTNGSA-N,1,train
IXLKETBSVMDOJV-UHFFFAOYSA-N,1,train
IXVWXMHLIKJMLG-UHFFFAOYSA-N,14,train
IXYYOCBGKVPOHF-UHFFFAOYSA-N,1,train
IYDYVVVAQKFGBS-UHFFFAOYSA-N,1,train
IYNUCVAQGDCTFO-UHFFFAOYSA-N,3,train
IYSYICFAXPFNBE-UHFFFAOYSA-O,1,train
IYYBOPITVDILGW-HXUWFJFHSA-N,1,train
IZSJJCSJAOULBC-GWRLCIEASA-N,10,train
IZTUINVRJSCOIR-UHFFFAOYSA-N,1,train
JAVPGDUXURVQQD-UHFFFAOYSA-N,1,train
JBAFHLCCSPPVOV-UHFFFAOYSA-N,1,train
JBJVWRHVBXWURS-UHFFFAOYSA-N,5,train
JBKQSCQUUYXDOK-UHFFFAOYSA-N,1,train
JCHKASOGFPNEMX-UHFFFAOYSA-N,1,train
JCLOJXJAQKBSDI-UHFFFAOYSA-O,1,train
JCWFCWIJNXZDKN-UHFFFAOYSA-N,1,train
JCZZLPWNFXJVKU-UHFFFAOYSA-N,1,train
JDISLMCYHFJWQP-UHFFFAOYSA-N,1,train
JDPXLGVJUFKCGL-UHFFFAOYSA-N,2,train
JDXGTEPAXRUDOH-UHFFFAOYSA-N,1,train
JDYLUVUNDLPZMT-UHFFFAOYSA-N,2,train
JENANTGGBLOTIB-UHFFFAOYSA-N,1,train
JERJOBBWKLLKDH-UHFFFAOYSA-N,1,train
JEXADSKXZBGTNK-UHFFFAOYSA-N,1,train
JEZXOBKWCWPNSS-UHFFFAOYSA-N,1,train
JFOVBMZALMKBGS-UHFFFAOYSA-N,1,train
JFZIGIZYTKMSTN-XSFVSMFZSA-N,12,train
JGGXMRCFUJMMJT-GZTJUZNOSA-N,7,train
JGJZSXALRKGPRE-UHFFFAOYSA-N,1,train
JHINFXUXJFRIPN-UHFFFAOYSA-N,1,train
JHQNMXFHTFUQGJ-UHFFFAOYSA-N,14,train
JHQNMXFHTFUQGJ-UHFFFAOYSA-P,8,train
JITUKBQYIAROBR-UHFFFAOYSA-N,1,train
JIZHIZADWNBANY-UHFFFAOYSA-N,1,train
JJAATQLWMKLMJU-UHFFFAOYSA-P,1,train
JJBDWBUEPCGFMN-UHFFFAOYSA-N,1,train
JJQGXALJLCIDML-UHFFFAOYSA-N,1,train
JJZULEDSKWBYDC-BSYVCWPDSA-N,1,train
JKXVBPGYSLNZPY-UHFFFAOYSA-N,1,train
JKYBFSJNLQTBCS-UHFFFAOYSA-N,5,train
JKYYNNQLDINOBY-UHFFFAOYSA-N,1,train
JMULJIQFSHBVOR-UHFFFAOYSA-N,1,train
JNAALEZZYYJZPB-FMWQYVROSA-N,1,train
JNJOUIZDUSOAGG-UHFFFAOYSA-N,4,train
JNMXZXVKKBDEAS-UHFFFAOYSA-N,1,train
JNNPDYMRWFDTIS-UHFFFAOYSA-N,1,train
JNRAEZULKWNOQO-NTCAYCPXSA-N,3,train
JOCZIAQMXYHQML-UHFFFAOYSA-N,1,train
JOSKSNIVZAEQFU-UHFFFAOYSA-N,1,train
JOSSBZXGFHCABJ-UHFFFAOYSA-N,1,train
JPQZIIHOPJZBDE-UHFFFAOYSA-N,1,train
JPWQKDAHORMNTF-UHFFFAOYSA-N,1,train
JROOHZKVSIFPEO-GWQXNCQPSA-N,1,train
JRTSDOAXCDGRPI-UHFFFAOYSA-O,1,train
JRVMAVKMPQIGHG-LSDHHAIUSA-N,1,train
JRYJUGMRNVCXOY-UHFFFAOYSA-N,1,train
JRYNVBKKSAGWOO-UHFFFAOYSA-N,1,train
JSGAUGGABXMCFB-UHFFFAOYSA-N,1,train
JSOGOOOZEGOQGP-UHFFFAOYSA-N,1,train
JTBMSOXBOXLAFC-UHFFFAOYSA-N,1,train
JTIUHMBHOXJDNB-UHFFFAOYSA-N,1,train
JUHUNMSGGHNUAX-NIHWJDNZSA-N,5,train
JUHUNMSGGHNUAX-SVEVISFRSA-N,1,train
JUJWROOIHBZHMG-UHFFFAOYSA-O,1,train
JUVYNJSGHLUFJL-UHFFFAOYSA-N,1,train
JUWPVFGGRPLWHB-UHFFFAOYSA-N,1,train
JVIRZDYESYVDMN-UHFFFAOYSA-N,1,train
JVKKLSFINYTXOR-WECXDZCISA-N,1,train
JVNVQGLSKUWIEI-UHFFFAOYSA-N,1,train
JWKIBLYWKJBSQP-UHFFFAOYSA-N,1,train
JWVHUNHYELTXQP-UHFFFAOYSA-N,2,train
JWVJYWXTWZLTIK-UHFFFAOYSA-N,1,train
JXDYKVIHCLTXOP-UHFFFAOYSA-N,1,train
JXHMSNWZWHVJCA-UKRRQHHQSA-N,1,train
JYIDXZNSMUEXHK-UHFFFAOYSA-N,6,train
JYJAEHAURXXPSD-UHFFFAOYSA-N,8,train
JYPKWTANCQUPRY-UHFFFAOYSA-N,3,train
JYYICOWOHOXYRP-RIXNLZLZSA-N,1,train
JZNREJCVLZNWHA-UHFFFAOYSA-N,2,train
JZSAQAFZTUPWAR-UHFFFAOYSA-N,3,train
JZSNDOCPSPCPTF-XTCLZLMSSA-N,2,train
KABZVCNOZFGCQY-UHFFFAOYSA-N,1,train
KAHSAWGWWLYAFT-UHFFFAOYSA-N,1,train
KAPFAVLCJMCLFV-UHFFFAOYSA-N,1,train
KBCDJDYGGQCOPI-VYIIXAMBSA-N,3,train
KBQNIGWBLLTLRQ-UHFFFAOYSA-N,1,train
KCUPGLSWPZVOAR-UHFFFAOYSA-N,1,train
KCYQEWRYCDDVDT-UHFFFAOYSA-N,1,train
KDENEWMTDVGOFD-UHFFFAOYSA-N,2,train
KDHWCFCNNGUJCP-UHFFFAOYSA-O,15,train
KDJIOKLLAMSXIU-UHFFFAOYSA-N,1,train
KDMZZYWXGOGWFK-UHFFFAOYSA-N,1,train
KDZSNGMKOGBFFX-UHFFFAOYSA-N,1,train
KEAMGSGUUNWSOY-UHFFFAOYSA-N,1,train
KEDNXTFFWZJTFK-HKOYGPOVSA-O,6,train
KEJZDNMKCLIUCS-KNTRCKAVSA-N,1,train
KEQOENWOUKJZFA-UHFFFAOYSA-N,1,train
KERUJWDWMUIWDG-DTQAZKPQSA-N,1,train
KFJULHIJZGIJHV-VOTSOKGWSA-N,1,train
KGBBKWJISGJVCN-UHFFFAOYSA-O,1,train
KGHILXVWRKUVGB-UHFFFAOYSA-N,2,train
KGNFAYMSUAICCE-UHFFFAOYSA-N,1,train
KGZFSYDNYXKFSD-UHFFFAOYSA-N,5,train
KHEJZVZKTWWWJJ-UHFFFAOYSA-N,1,train
KHHAVNBRJKYISP-UHFFFAOYSA-N,1,train
KHSFZCPGVFDBKX-UHFFFAOYSA-N,2,train
KHXGOLJEPMMSDR-UHFFFAOYSA-N,1,train
KIEJOMKPLBXYDJ-UHFFFAOYSA-N,2,train
KIIZLMFGYAXDCL-UHFFFAOYSA-N,1,train
KIMJOHZHCYGQGH-UHFFFAOYSA-N,1,train
KJLQZKUKATZVAQ-UHFFFAOYSA-N,1,train
KJMYCLYQDKTXBQ-UHFFFAOYSA-N,4,train
KJNXOYPMMMQJTK-UHFFFAOYSA-N,11,train
KJZFEFHKWSIECZ-UHFFFAOYSA-N,1,train
KKBRJWZGYFPYRI-SLMZUGIISA-N,1,train
KKBRJWZGYFPYRI-XAYXJRQQSA-N,1,train
KKCCFJLKYWLUFQ-UHFFFAOYSA-N,1,train
KKJQXNILAUPNKG-UHFFFAOYSA-N,1,train
KLIDKQGGBABHRK-UHFFFAOYSA-N,1,test
KLRSIHXKOHRWGL-UHFFFAOYSA-N,1,test
KLSMYIMTXFGOQC-UUSAFJCLSA-N,1,test
KLTHGJYCURVMAK-UHFFFAOYSA-N,2,train
KLXQFCIXRZUYOM-UHFFFAOYSA-N,1,test
KMFIWXMOTHJQAP-UHFFFAOYSA-N,2,train
KMGYPQZJZPNGND-UHFFFAOYSA-N,1,test
KMIFSYKDECMAFO-UHFFFAOYSA-N,2,train
KMKOTLZTNMZGJF-UHFFFAOYSA-N,1,test
KMPKEANIOVTMHB-UHFFFAOYSA-N,1,test
KNIPHGXUVWAHCN-UHFFFAOYSA-N,2,train
KNOXUMZPTHELAO-MDZDMXLPSA-N,1,test
KNPXKNFBXUYCEE-UHFFFAOYSA-N,1,test
KOEQXAIZPKXQOX-UHFFFAOYSA-N,1,test
KOIDLCJRXGLPMP-UHFFFAOYSA-N,2,train
KONHBRCXLFNLSI-UHFFFAOYSA-N,1,test
KPAKEDUKXVSIAP-UHFFFAOYSA-N,1,test
KPENLIKLNFPEDW-UHFFFAOYSA-N,1,test
KPFQNZTVVGUJNC-UHFFFAOYSA-N,1,test
KPHCBSJHHQUBBB-VAWYXSNFSA-O,1,test
KPVTZSGWKGUMLH-JYFOCSDGSA-N,4,train
KPVTZSGWKGUMLH-MJZABRMRSA-N,2,train
KQDHQTOBWNWDSA-UHFFFAOYSA-N,1,test
KQMHXFQNNKQQBX-UHFFFAOYSA-N,1,test
KQWKYDIWXCLYSS-UHFFFAOYSA-N,1,test
KRAMYPMGEFPBRK-UHFFFAOYSA-N,1,test
KRGUESMZMKNYRU-UHFFFAOYSA-N,25,train
KRSXGTAVHIDVPM-UHFFFAOYSA-N,3,train
KRXZWCABPZLVBL-UHFFFAOYSA-N,2,train
KSEVRYJNJWUQGX-WZJLIZBTSA-N,1,test
KSHJDRKPALPTDQ-UHFFFAOYSA-N,1,test
KSYYXMRZAZGDOQ-UHFFFAOYSA-N,1,test
KTEDBFKQSUUOQJ-UHFFFAOYSA-N,1,test
KTGAIZHNMMMGNC-UHFFFAOYSA-N,2,train
KTJJCDOTNADSQC-UHFFFAOYSA-N,1,test
KUAJKNGLESWEFE-UHFFFAOYSA-N,1,test
KUPDIDJUYIYDME-UHFFFAOYSA-N,2,train
KUXIMKCRVUNBIL-UHFFFAOYSA-N,3,train
KUZOQBPSADEASZ-UHFFFAOYSA-N,11,train
KVANOXIAOYTXBY-ANHUGMMASA-N,1,test
KVANOXIAOYTXBY-VWERDZHISA-N,1,test
KVANOXIAOYTXBY-ZBWWXOROSA-N,1,test
KVVAPUNFOVXMRP-UHFFFAOYSA-N,1,test
KWDIMUXCEPISSB-UHFFFAOYSA-N,4,train
KWMYGHIJOJWNKS-UHFFFAOYSA-N,2,train
KWPBVFQAFVAEQI-UHFFFAOYSA-N,1,test
KWRRGOAPOBYBJX-UHFFFAOYSA-N,2,train
KWXRZCJBVNGGSK-UHFFFAOYSA-N,3,train
KXAKIOXJTOXOFV-UHFFFAOYSA-N,1,test
KXIBITNVZKITGB-UHFFFAOYSA-N,1,test
KXIMCEQJXLUWHI-UHFFFAOYSA-N,1,test
KXIOXPYBXRMFRW-AMHDBWEISA-N,1,test
KXLZLGLFLZFJND-UHFFFAOYSA-N,1,test
KXOAWIQKVPBDOS-UHFFFAOYSA-N,20,train
KXPZDBDNEFKDID-UHFFFAOYSA-N,1,test
KXQJVRXDPOYTNZ-UHFFFAOYSA-N,11,train
KXQNOWMLPWGWBP-CMZGHENWSA-N,1,test
KXVMGAJDZLDKQI-UHFFFAOYSA-N,1,test
KYHRJRLKNXKQIL-UHFFFAOYSA-N,3,train
KYZDSNSHJIAEDG-MLGMXDONSA-N,1,test
KZBDXZADYXMDAU-UHFFFAOYSA-N,1,test
KZERSYUYKGQNPJ-UHFFFAOYSA-N,1,test
KZJOEKCJUWZUDR-UHFFFAOYSA-N,1,test
KZMBWUIEJCJZBV-UHFFFAOYSA-N,1,test
LANUZOXSXLEPKJ-LHHJGKSTSA-N,1,test
LBCGLABVABNEMP-UHFFFAOYSA-N,1,test
LBDRAYNINOXQIR-UHFFFAOYSA-N,4,train
LBLJHHKZXXWZDP-UHFFFAOYSA-O,1,test
LBMKKZJBOCYBME-UHFFFAOYSA-N,1,test
LBOYVYBBAFDIGX-NDEPHWFRSA-N,4,train
LCDFBLQZHZCJQE-DEDYPNTBSA-N,1,test
LCDOURUENWKEAD-WNRNVDISSA-N,2,train
LCMITKKRKVHZDJ-UHFFFAOYSA-N,1,test
LDGDDRDPNUGELX-UHFFFAOYSA-N,1,test
LDGORKJXEGHFBK-UHFFFAOYSA-N,1,test
LDIIACNKONNAKC-ZHACJKMWSA-N,1,test
LDOQXEUJTAHDNS-UHFFFAOYSA-N,2,train
LDRGEOHTADJCMG-UHFFFAOYSA-N,1,test
LEOAPPUQLNSKKM-UHFFFAOYSA-O,1,test
LFMPWJJCTJFRIQ-UHFFFAOYSA-N,1,test
LFWFCHMDFSYISD-UHFFFAOYSA-N,1,test
LGGRUTTWKKNPBL-UHFFFAOYSA-N,1,test
LGIYYLQDDURTPC-UHFFFAOYSA-N,1,test
LGXCSHCYSGNVRU-UHFFFAOYSA-N,1,test
LHEPJLPPJGFRTK-UHFFFAOYSA-N,1,test
LHHRNILYPUULMY-UHFFFAOYSA-N,1,test
LJASCSHXLYLOCF-UHFFFAOYSA-N,1,test
LJFVPOWFRVHVCE-UHFFFAOYSA-N,1,test
LJMKYGLQLOCVOX-UHFFFAOYSA-N,1,test
LJOHFNXUZYVXKU-GIDUJCDVSA-N,1,test
LKLNTTMWFRNYLE-UHFFFAOYSA-N,1,test
LKYPBIDVZVMEJC-UHFFFAOYSA-N,1,test
LLCXJIQXTXEQID-UHFFFAOYSA-N,1,test
LLKFJYQNMVLNQH-UHFFFAOYSA-N,1,test
LLPHDNIUYBFXKR-UHFFFAOYSA-N,4,train
LLQHPOGBHSQGIS-UHFFFAOYSA-N,1,test
LLRQWHTWQOOTRV-UHFFFAOYSA-N,2,train
LMCOXFRMYOOHTQ-UHFFFAOYSA-N,1,test
LMDWOGWJYVSXEP-UHFFFAOYSA-N,1,test
LMRYKOITXGPOTD-GNQZZEJZSA-P,1,test
LNJNVHASYGIIGW-AERCQKQUSA-N,1,test
LNLUVPQAOVPJBA-UHFFFAOYSA-N,1,test
LNSQBUNVLVSCFP-UHFFFAOYSA-N,1,test
LNVQBBHYPGFSMX-UHFFFAOYSA-N,5,train
LOCRPLULLFDVSN-UHFFFAOYSA-N,3,train
LOMLPRNAQQELSF-UHFFFAOYSA-N,1,test
LORLQYHGPSTDNK-UHFFFAOYSA-N,1,test
LORWXMAHQNWARL-UHFFFAOYSA-N,1,test
LPIFXILUEMBTCX-BKKCBISKSA-N,1,test
LPRUNAQVOWSBJG-HPZPYXEMSA-N,1,test
LPWVTUMTKDCCNP-UHFFFAOYSA-N,1,test
LQEPEEBJMGRUTB-UHFFFAOYSA-O,1,test
LRCIAPHTAFIGJP-UHFFFAOYSA-N,1,test
LRDCLONACLGVJA-UHFFFAOYSA-N,1,test
LRFVTYWOQMYALW-UHFFFAOYSA-N,4,train
LRSCIYPDEMDQMT-UHFFFAOYSA-N,1,test
LRXKXDGJVHZGBH-UHFFFAOYSA-N,1,test
LSFWUJRQMXZSOC-UHFFFAOYSA-N,1,test
LSHSFAITCUQCLP-UHFFFAOYSA-N,3,train
LSSXTHMZSGISCG-UHFFFAOYSA-N,1,test
LSUCCSWVSLIXFS-UHFFFAOYSA-N,1,test
LSUCCSWVSLIXFS-UHFFFAOYSA-P,1,test
LTBJYPJFZDDCOG-UHFFFAOYSA-N,1,test
LUHTXESUYWNUHX-VQHVLOKHSA-O,1,test
LUKPNRXQTALJFU-VAWYXSNFSA-N,8,train
LULBMSHNEMZDRJ-XAZDILKDSA-N,1,test
LUVYNKKPQOBDEC-UHFFFAOYSA-N,19,train
LVXOVQNGTKABGZ-UHFFFAOYSA-N,2,train
LWFQNJAPVYTWRX-UHFFFAOYSA-N,1,test
LWQJZEVGFMLOFK-UHFFFAOYSA-N,12,train
LWVUZOJDTADSJC-UHFFFAOYSA-N,1,test
LWYDBOHLFCMJNH-UHFFFAOYSA-N,1,test
LXDZCXRWZBSWSC-UHFFFAOYSA-N,1,test
LXGYQONCQFKEMB-UHFFFAOYSA-P,1,test
LXHLLMBSBHOUQL-UHFFFAOYSA-N,1,test
LXVCDZVNBBFHGI-UHFFFAOYSA-N,1,test
LXVLXTOGEZKUHJ-UHFFFAOYSA-N,1,test
LYKSSAAPEDIAHE-UHFFFAOYSA-N,1,test
LYSYREGAWZUWGY-UHFFFAOYSA-N,1,test
LYTOTCHMODLODP-UHFFFAOYSA-N,1,test
LZILEQYIQFONPP-UHFFFAOYSA-N,1,test
LZVYOGAQFAUJQK-UHFFFAOYSA-N,1,test
LZXDAZVSVXMDSO-VUTHCHCSSA-N,6,train
MAEVORUJDMVVKA-UHFFFAOYSA-N,1,test
MAKIKOJCBLJSBI-XCVCLJGOSA-N,1,test
MANMACDKCIDQAF-OZOXKJRCSA-N,1,test
MAPNJCFFJAFKCI-UHFFFAOYSA-N,1,test
MAPUWPDSUZHELW-UHFFFAOYSA-N,4,train
MAQLCQISUAKZHH-UHFFFAOYSA-N,1,test
MBLGSNIMYVNSQY-VEILYXNESA-N,1,test
MBQLAHYLZRKMBE-UHFFFAOYSA-N,1,test
MBSJCNKRIOGOKH-UHFFFAOYSA-N,1,test
MCBSFPOHLGSBCO-UHFFFAOYSA-N,2,train
MCPRSRMRWSYGJU-UHFFFAOYSA-O,1,test
MCUOPHKNTJOYFP-UHFFFAOYSA-N,1,test
MCVYJIHCBHZILG-UHFFFAOYSA-N,1,test
MDBSZUMQHKZVNQ-UHFFFAOYSA-N,6,train
MDDTVJMVDHXEQM-UHFFFAOYSA-N,2,train
MDQLANNVTYKPHS-UHFFFAOYSA-N,1,test
MDZNYKIQTOGKAV-UHFFFAOYSA-O,1,test
MEQMHNDIDFKKBK-UHFFFAOYSA-N,1,test
MFEJNKBUECDJDU-UHFFFAOYSA-N,4,train
MFPAWVHAZSTHJT-CCEZHUSRSA-N,1,test
MFQWVVQBTKFUPW-UHFFFAOYSA-N,4,train
MGCVMPGXEBMMCL-UHFFFAOYSA-N,1,test
MGELODDGLGDEMO-DTQAZKPQSA-N,1,test
MGRRNVKTJVOBFR-UHFFFAOYSA-N,2,train
MGWGQFIVWOEKJL-UHFFFAOYSA-N,1,test
MGZGPQCRWVOGFE-UHFFFAOYSA-N,1,test
MHNIYXOAHVKAHP-FHWLQOOXSA-N,1,test
MHYINARESROASH-CMDGGOBGSA-N,2,train
MIALFBONYMMUFB-UHFFFAOYSA-N,1,test
MIGORCBCNUSMCM-UHFFFAOYSA-N,1,test
MIIFHVXEAJWDFO-UHFFFAOYSA-N,3,train
MIJXWCITRPAPHN-FMIVXFBMSA-O,1,test
MIQDFIINRMWWAK-VAWYXSNFSA-N,6,train
MIQLQMAVPHSMFC-UHFFFAOYSA-N,1,test
MIQVJQGPYICMPP-UHFFFAOYSA-N,1,test
MJAAADNHPZZOGV-UHFFFAOYSA-N,1,test
MJBVDDUQDWQHJK-UHFFFAOYSA-N,1,test
MJGVCCPVNPTNCM-UHFFFAOYSA-N,1,test
MJILJJIYWSPFOM-UHFFFAOYSA-N,1,test
MJJPABBWHSSTTI-UHFFFAOYSA-N,2,train
MJLRCLAZMGKDEF-UHFFFAOYSA-N,1,test
MJMQVXPRWMGQGF-UHFFFAOYSA-N,1,test
MJYGKWGLRNBBFB-HMAPJEAMSA-N,1,test
MKBDTZUFCAKILN-UHFFFAOYSA-N,1,test
MKXCTUCBIJGEMG-UHFFFAOYSA-N,2,train
MKXMFZOCSSEJCV-UHFFFAOYSA-N,1,test
MLCSJKYEAXGMNU-UHFFFAOYSA-N,1,test
MLLIICHDNZVKPP-UHFFFAOYSA-O,1,test
MLNJQWXAKYYVFO-UHFFFAOYSA-N,3,train
MLRBVLBULRUZSF-UHFFFAOYSA-N,1,test
MMDGFXNXTCVVQZ-UHFFFAOYSA-N,6,train
MMWUNHFZUYXYTK-UHFFFAOYSA-N,1,test
MNFPDDOXBZTXJT-UHFFFAOYSA-N,1,test
MNJYPJBWHILNMT-UHFFFAOYSA-N,2,train
MNTHQQORHVKLKJ-NRWPOFLRSA-N,1,test
MNUPLPUTMVVFAK-UHFFFAOYSA-N,1,test
MOJHDDTXIJMHAS-UHFFFAOYSA-N,2,train
MOMVTGBGFTXRIQ-UHFFFAOYSA-N,2,train
MPAHDNFCERDKSX-UHFFFAOYSA-N,1,test
MPBUSSAAMDECNY-WIYYLYMNSA-N,1,test
MPSGBKPMPBBJKL-UHFFFAOYSA-N,5,train
MQASZTRPRTVQDS-UHFFFAOYSA-N,6,train
MROACZYPNSACCS-CAPFRKAQSA-N,1,test
MRZODELYPSRORZ-UHFFFAOYSA-N,5,train
MSZFXSWPABLXFN-UHFFFAOYSA-N,1,test
MTCMTKNMZCPKLX-UHFFFAOYSA-N,2,train
MTJZJHKTZWMTHU-UHFFFAOYSA-N,1,test
MTRFEWTWIPAXLG-UHFFFAOYSA-O,1,test
MUERHLJABPQYPK-UHFFFAOYSA-N,1,test
MUPLQQBSTUZKET-UHFFFAOYSA-N,1,test
MUWJXYXJPFUMHC-HXUWFJFHSA-N,4,train
MUWJXYXJPFUMHC-UHFFFAOYSA-N,4,train
MUZIZEZCKKMZRT-UHFFFAOYSA-N,1,test
MUZKDLUPRQIISK-UHFFFAOYSA-N,1,test
MUZSOOXIIDEEQA-BDPMCISCSA-N,1,test
MVFNAHUSKVHVBL-UHFFFAOYSA-N,2,train
MVOAMTJWCFCFIN-UHFFFAOYSA-N,2,train
MVTFIBGTSXRDNV-UHFFFAOYSA-N,1,test
MVVYFVDKQLNWKX-UHFFFAOYSA-N,1,test
MWPIBDBZFHELKC-UHFFFAOYSA-N,2,train
MXESMWXWOKCZLG-UHFFFAOYSA-N,1,test
MXJKOUCXOWLJIZ-SAPNQHFASA-N,1,test
MXRJUMCOVVUCLC-UHFFFAOYSA-N,2,train
MXSHRGFGPVMCGA-UHFFFAOYSA-N,1,test
MXWGOVLVJYDLRV-UHFFFAOYSA-N,2,train
MXWNJMMFXFRHKR-UHFFFAOYSA-N,2,train
MXZTVIGIQSMVJU-OBGWFSINSA-N,1,test
MYJKEHAUGRXSIE-RBJSKKJNSA-N,1,test
MYKHEWPSSAYWKG-WIYYLYMNSA-N,1,test
MYNBXKYXIYYIKJ-UHFFFAOYSA-O,1,test
NAKZJQSHDVVYBW-UHFFFAOYSA-N,2,train
NAMHSXVCGWDOCO-UHFFFAOYSA-N,4,train
NAMSGSSCIKIOGU-UHFFFAOYSA-N,1,test
NAPQAXMGEIBAJT-UHFFFAOYSA-N,1,test
NAYIVRUMIMUOGQ-UHFFFAOYSA-N,1,test
NAZLILVDVXJSSN-UHFFFAOYSA-N,1,test
NBMHQAWRLMBPET-UHFFFAOYSA-N,15,train
NBOUWUJDTZZUSY-UHFFFAOYSA-N,1,test
NBVVRWCJMBZHFJ-UHFFFAOYSA-N,1,test
NBWIXESVYJNPLA-UHFFFAOYSA-N,3,train
NCLFIDYLRZOTLC-UHFFFAOYSA-N,1,test
NCTLDXMBTJBAHY-UHFFFAOYSA-N,19,train
NCTLDXMBTJBAHY-UHFFFAOYSA-O,1,test
NDGGVWHRGGHRQA-GCUVURNUSA-N,1,test
NDGYHTJSFXYWDD-UHFFFAOYSA-N,1,test
NDQJZSGEUOFWGU-VIBAHUMZSA-N,1,test
NDTHJEZVTDTZTP-RGEXLXHISA-N,1,test
NDTHJEZVTDTZTP-XMHGGMMESA-N,1,test
NDZJPHNYJXXGHH-UHFFFAOYSA-N,1,test
NDZRSYYYHXGKLK-UHFFFAOYSA-N,1,test
NEKNOPAJIGVRKE-UHFFFAOYSA-N,10,train
NEQSCJKQCVKGAH-FZPOJPDKSA-N,1,test
NEQVUFMZTSBHOS-UHFFFAOYSA-N,1,test
NFOOIRXYDGCVOJ-VIJSPRBVSA-N,1,test
NFPBTGUWAVUJPB-VNRATWPSSA-N,1,test
NGMMEVAJJBYSJR-OSHKVUPGSA-P,1,test
NGSSPAPFVVRZPW-UHFFFAOYSA-N,1,test
NHKNFPREKMFLOR-UHFFFAOYSA-N,1,test
NHTLSLIZIOTGBZ-UHFFFAOYSA-N,1,test
NJDZSOKILZGQAX-UHFFFAOYSA-N,2,train
NJEMLWAYICNSMV-UHFFFAOYSA-N,2,train
NJHWUYOMIXQAPR-UHFFFAOYSA-N,2,train
NJTDMKZXUVAWHE-UHFFFAOYSA-N,2,train
NJVWJGAVTXBCBA-UHFFFAOYSA-N,1,test
NKGAOXISUWKUFF-ZBJSNUHESA-N,1,test
NLDKFVWWVKTRFG-UHFFFAOYSA-N,1,test
NLEDYPRAHQTVMI-UHFFFAOYSA-N,1,test
NLOASZMJKPMPNX-UHFFFAOYSA-N,2,train
NMIHDRPHJTXEHH-UHFFFAOYSA-N,11,train
NMLCLPFJRCRERN-UHFFFAOYSA-N,1,test
NMQBEVVOJCHTGM-UHFFFAOYSA-N,1,test
NMZZPFDEUIAGIT-JDXSOMNQSA-N,1,test
NNIPQCUULGCFDQ-UHFFFAOYSA-N,1,test
NNJPSKCGFBHMTD-UHFFFAOYSA-N,1,test
NOUFYSVCMVOTOJ-UHFFFAOYSA-N,2,train
NOZRXNPVVANDGJ-UHFFFAOYSA-N,1,test
NPBDDRBKWFIKJB-BUHFOSPRSA-N,1,test
NPEHZTLUXMYGJZ-UHFFFAOYSA-N,1,test
NPGXFJUCABRJKY-UHFFFAOYSA-N,1,test
NPIBXWJMYNWBHM-UHFFFAOYSA-N,2,train
NPZKLBFCTYVTBS-UHFFFAOYSA-N,1,test
NPZNJZOHGWNLBR-UHFFFAOYSA-N,1,test
NQEOISRPUUTSTL-UHFFFAOYSA-N,7,train
NQEPTNGZABCQIJ-UHFFFAOYSA-N,1,test
NQRYJNQNLNOLGT-UHFFFAOYSA-N,1,test
NQTQALCNECBQOF-UHFFFAOYSA-O,1,test
NQVFOJBHSPODOM-UHFFFAOYSA-N,1,test
NQVWJWZAVCEBQE-UHFFFAOYSA-N,1,test
NQXQNWAFOUTKOY-UHFFFAOYSA-N,1,test
NRBYMTNRRBVKNB-UHFFFAOYSA-N,1,test
NRHMKKHAPYQNPA-UHFFFAOYSA-N,1,test
NRNVIJBJWGHRDB-UHFFFAOYSA-N,1,test
NRTUTGBOQZQBMB-UHFFFAOYSA-N,1,test
NTISYWBCRKDSDB-UHFFFAOYSA-N,10,train
NTIXCYUTHPYLGJ-UHFFFAOYSA-N,1,test
NTKQSPHDRBUJAY-UHFFFAOYSA-N,3,train
NTTPNUSGRGVLEU-UHFFFAOYSA-N,5,train
NUKSUTRZZIIMQZ-UHFFFAOYSA-N,1,test
NVDHFTXROXTURM-UHFFFAOYSA-N,1,test
NVKSGCKLTHACJP-UHFFFAOYSA-N,1,test
NVUUCSMDDBUOOH-UHFFFAOYSA-N,10,train
NWAAXZRILYPEMR-FLKHCGGNSA-O,1,test
NWEVQURHUSROFY-UHFFFAOYSA-N,1,test
NWHJOPLKLQIUDO-UHFFFAOYSA-N,1,test
NWSSBWKPPZRMSC-UHFFFAOYSA-O,1,test
NXDGHZOUZSRCDO-UHFFFAOYSA-N,1,test
NXRLTJHVRANPCV-UHFFFAOYSA-P,1,test
NYDPLXXJKZDBBI-UHFFFAOYSA-N,1,test
NYFCTSGIAUTTNF-UHFFFAOYSA-N,1,test
NYGPCERXBBZZBX-WOJGMQOQSA-N,1,test
NYIRMCGMHBUQGJ-UHFFFAOYSA-N,1,test
NYMLZIFRPNYAHS-UHFFFAOYSA-N,9,train
NZCUMPHHTZXRCK-UHFFFAOYSA-N,1,test
NZVZVGPYTICZBZ-UHFFFAOYSA-N,6,train
NZYBILDYPCVNMU-UHFFFAOYSA-N,1,test
OAWQVNVBGWRZNC-UHFFFAOYSA-N,1,test
OAZTXGCSZTVLGF-UHFFFAOYSA-N,1,test
OBJUJWLRUGLQHZ-UHFFFAOYSA-N,2,train
OCBMJTVTNDLOSK-UHFFFAOYSA-N,1,test
OCEQPLIHADUCNO-SVBPBHIXSA-N,1,test
OCKJLJDYHVBYBY-UHFFFAOYSA-N,1,test
OCLZDIKTRACRPT-HKUYNNGSSA-N,1,test
OCVMWGNMBKABQP-UHFFFAOYSA-N,1,test
OCXLVSDECGGKEI-UHFFFAOYSA-N,1,test
OCZGACDAHZKCBW-UHFFFAOYSA-N,1,test
ODNBLSHUQMAKDZ-UHFFFAOYSA-N,8,train
ODPBEOCHSYLAAK-UHFFFAOYSA-N,1,test
ODRJXAKDUXFICI-UHFFFAOYSA-N,2,train
OFDRJSHFLHELOP-UHFFFAOYSA-N,1,test
OFFDPPCITSWXJK-UHFFFAOYSA-N,1,test
OFJCZKWVZBQZJZ-UHFFFAOYSA-N,1,test
OFOSJBGHHQNQQX-UHFFFAOYSA-N,1,test
OFQUOYFZCOZNTR-UHFFFAOYSA-N,1,test
OGIHDCJXZFCUKI-UHFFFAOYSA-N,1,test
OGYIZKLYBCRMRK-UHFFFAOYSA-N,1,test
OHCXCKFPUPWCHV-DIBXZPPDSA-N,1,test
OHDDRPINWQDGEH-UHFFFAOYSA-N,2,train
OHIUTRCFRLCSIV-UHFFFAOYSA-N,6,train
OHIZMLPSIULFCV-ZZEZOPTASA-N,1,test
OHVKBQOWWXAVSU-UHFFFAOYSA-N,1,test
OICRNZHKHYSUOP-UHFFFAOYSA-N,1,test
OIIFCGIQUWUOCD-UKTHLTGXSA-N,1,test
OIMVBDJSADQAOA-UHFFFAOYSA-N,1,test
OIOJPGNLLCFCLD-UHFFFAOYSA-N,1,test
OJFJSOOTFXSIFD-UHFFFAOYSA-N,1,test
OJSAURWCBVGMDS-HYOGKJQXSA-N,1,test
OJWMSGASMSISGJ-UHFFFAOYSA-N,1,test
OKEYDYKIBXQIHJ-PWUYWRBVSA-N,1,test
OKJRPJHNPPGFPE-UHFFFAOYSA-N,6,train
OKTYPCAALOTZLW-UHFFFAOYSA-N,10,train
OLGDXFNGTFBOPC-UHFFFAOYSA-N,1,test
OLGSQAZZHZPLGV-UHFFFAOYSA-N,2,train
OLKLOVAJULLISR-UHFFFAOYSA-N,3,train
OMAOPGJSIGOCIM-KWQFWETISA-N,2,train
OMAOPGJSIGOCIM-KWQFWETISA-O,1,test
OMAOPGJSIGOCIM-UHFFFAOYSA-N,3,train
OMSJHFWKMDVZBZ-UHFFFAOYSA-N,1,test
OMSOTGLXXNYCEC-UHFFFAOYSA-N,2,train
OMUOMODZGKSORV-UVTDQMKNSA-N,4,train
ONMCHNHOMQZLSO-UHFFFAOYSA-N,2,train
ONNVQEKPEIIKAW-UHFFFAOYSA-N,3,train
OOAZAGCRCPQIGH-UHFFFAOYSA-N,3,train
OOIIDFVKSKEUOD-UHFFFAOYSA-N,1,test
OOMXYGUNQHRMPV-UHFFFAOYSA-N,1,test
OOUOFOSBPSCTLF-UHFFFAOYSA-N,2,train
OOXWDOKOBHQXBV-UHFFFAOYSA-N,1,test
OPAGCNSHRPDMMX-UHFFFAOYSA-N,3,train
OPDNPGNAIOMGJW-UHFFFAOYSA-N,2,train
OPRFDSBJETWBSK-UHFFFAOYSA-N,1,test
OPSUSLKROLFAJC-WRVBFVOHSA-N,1,test
OQBRDMWGOIOTHX-CZIZESTLSA-N,1,test
OQCKWLOIPJNBSU-UHFFFAOYSA-N,1,test
OQGIBSRLSMLBRM-UHFFFAOYSA-N,1,test
OQGWKQPKVGDXCZ-UHFFFAOYSA-N,1,test
ORAUEDBBTFLQSK-UHFFFAOYSA-N,1,test
ORTKISJGJJVTGX-DAFXYXGESA-N,1,test
OSEVWMNUMURESW-UHFFFAOYSA-O,1,test
OSGYMLNRAOROHH-UHFFFAOYSA-N,2,train
OSNBHPQSXCZVRH-UHFFFAOYSA-N,2,train
OSRZHRCGXXPISD-UHFFFAOYSA-N,1,test
OSZQGMKOCAROTI-UHFFFAOYSA-N,1,test
OTCUCAGXTNHLEI-UHFFFAOYSA-N,1,test
OTKHHYSCQTULRO-UHFFFAOYSA-N,1,test
OTKIZSHLVPXZAG-UHFFFAOYSA-N,1,test
OTTDOZLQGARJRG-UHFFFAOYSA-N,1,test
OUCWJFUDEOXQKG-UHFFFAOYSA-N,1,test
OUNZLBTXEMRQQC-UHFFFAOYSA-N,1,test
OVINVLKUIKTPJJ-UHFFFAOYSA-N,3,train
OVSULVUWCMANAO-UHFFFAOYSA-N,10,train
OWPNOJPUBBOCFW-UHFFFAOYSA-N,1,test
OWZUVXOHWWCLNL-UHFFFAOYSA-N,1,test
OXCFQBATIXKIPU-UHFFFAOYSA-N,1,test
OXTRLWYMOANZPC-JLIAJHNJSA-N,1,test
OYFQRIHSVKLETO-UHFFFAOYSA-N,1,test
OYJDQSXEKOWLQF-UHFFFAOYSA-N,1,test
OYNKGUDNFLIGLP-UHFFFAOYSA-N,4,train
OZOJQXNQWKXZBF-UHFFFAOYSA-N,1,test
OZRUPLPLEFXKJD-UHFFFAOYSA-N,1,test
OZUOWZSPTLGQBC-UHFFFAOYSA-N,1,test
OZWNMQVYKGQDCW-UHFFFAOYSA-N,3,train
PABWBTSMYNHWRV-QNGOZBTKSA-N,2,train
PAJMAAKTQTUOKT-UHFFFAOYSA-N,1,test
PAPJYYPFDSUEFY-VPPNEJQJSA-N,10,train
PBAJMQUCTXHZRY-UHFFFAOYSA-N,5,train
PBCGIIRIOLOMJH-UHFFFAOYSA-N,1,test
PBMNROLRDROASI-UHFFFAOYSA-P,1,test
PBRBBWKUUQNONR-UHFFFAOYSA-N,1,test
PBSABDPEFBGNJY-UHFFFAOYSA-N,3,train
PCJBJLDGEJNYDK-UHFFFAOYSA-N,1,test
PCNDJXKNXGMECE-UHFFFAOYSA-N,3,train
PDNCNRYLFQRSRY-UHFFFAOYSA-N,1,test
PDZMHDSORBHDFP-UHFFFAOYSA-N,6,train
PEBCGJVBTZAJDW-UHFFFAOYSA-N,19,train
PEEHJHNPSOPBHE-DHZHZOJOSA-N,2,train
PETLIYIMNMNVTM-UHFFFAOYSA-N,1,test
PEZZRWUONLGRDN-UHFFFAOYSA-N,14,train
PFDJQURLASUNSB-UHFFFAOYSA-N,1,test
PFGHYWVBZDJZPM-UHFFFAOYSA-N,3,train
PFPVREZQKIPQDX-GMAHTHKFSA-N,1,test
PFYRGBJRPBPVMS-UHFFFAOYSA-N,1,test
PGBNXXDXGXQQRQ-UHFFFAOYSA-N,1,test
PGHUZXCSVQYQGG-AATRIKPKSA-N,1,test
PHKKNMUDCVZREA-UHFFFAOYSA-N,3,train
PHORSJQGLQBIOY-UHFFFAOYSA-N,6,train
PHQOLWOIWRSJNI-UHFFFAOYSA-N,1,test
PHUULGHNENMESX-HMMYKYKNSA-N,6,train
PHWJALMIXUGHCL-UHFFFAOYSA-N,1,test
PHZFCULPFNIUPO-HNNXBMFYSA-N,2,train
PHZFCULPFNIUPO-OAHLLOKOSA-N,8,train
PHZFCULPFNIUPO-UHFFFAOYSA-N,35,train
PICDNVODQBODMG-UHFFFAOYSA-N,1,test
PISPVZFCFKIAFO-DTQAZKPQSA-N,7,train
PIWPEZJQNKKJOO-UHFFFAOYSA-N,1,test
PIWUWOLYFQAYGB-UHFFFAOYSA-N,2,train
PJEXDZXORNEZTE-RURBXUPXSA-N,1,test
PJODGASMTJZTAJ-UHFFFAOYSA-N,1,test
PJYVBMNAFDUKRW-UHFFFAOYSA-N,1,test
PKCKBHWYRVNGHE-UHFFFAOYSA-O,3,train
PKWMTTPNRFTHIX-UHFFFAOYSA-N,1,test
PKWSOCDZCJUUMT-UHFFFAOYSA-N,1,test
PLFYEFVRQHLCEE-VEILYXNESA-N,1,test
PLIHHYGGNHREHS-XPWSMXQVSA-N,1,test
PLNXUOGYAWTLID-UHFFFAOYSA-N,1,test
PMBLXLOXUGVTGB-UHFFFAOYSA-N,11,train
PMPKPQHVSFOKKI-UHFFFAOYSA-N,1,test
PMVWXOVLDYBXSN-UHFFFAOYSA-N,1,test
POCLLKLLKRLKGI-UHFFFAOYSA-N,1,test
POEDVRFNACZOFS-VOTSOKGWSA-N,1,test
POPGUCONQNKJKN-UHFFFAOYSA-N,1,test
POYGDFGWFNUJTP-UHFFFAOYSA-O,10,train
PPCLLJMDJVGGHT-UHFFFAOYSA-N,1,test
PPCLZSQPGRUGBH-UHFFFAOYSA-N,2,train
PPLHOCSIKGJWTP-UHFFFAOYSA-N,1,test
PPPXDRHTRMAHDD-INIZCTEOSA-N,3,train
PPPZECVRUPLQHR-UHFFFAOYSA-N,1,test
PPSUVVPMICBDBR-UHFFFAOYSA-N,1,test
PQBJBBLQXFSAOH-UHFFFAOYSA-N,20,train
PQBUGFNMDQCOKL-UHFFFAOYSA-N,1,test
PQNFLJBBNBOBRQ-UHFFFAOYSA-N,23,train
PQOLHMVBABPJAX-UHFFFAOYSA-N,1,test
PQWXUVNBAXVYLP-FTJBHMTQSA-N,2,train
PQWXUVNBAXVYLP-IZZNHLLZSA-N,2,train
PQWXUVNBAXVYLP-UHFFFAOYSA-N,2,train
PRTRSEDVLBBFJZ-UHFFFAOYSA-N,2,train
PRULHOMNCDTENF-UHFFFAOYSA-N,1,test
PSEFHJKVXPWPKW-UHFFFAOYSA-N,2,train
PSVRONVAUASEPN-UHFFFAOYSA-N,1,test
PTCACPKCJXNQCA-UHFFFAOYSA-N,1,test
PTKHFRNHJULJKT-UHFFFAOYSA-N,4,train
PTKZMCIWJWMWOR-NRFANRHFSA-N,1,test
PTQTWXRMDHUUQG-UHFFFAOYSA-N,1,test
PUAHQWDZHVYAGN-UHFFFAOYSA-N,8,train
PUBPSPLUBMSJBN-UHFFFAOYSA-N,1,test
PVFISWJLOVZWCE-UHFFFAOYSA-N,1,test
PVKAOBUBUDQDRR-UHFFFAOYSA-N,1,test
PVRQAFWHPUDEJT-UHFFFAOYSA-O,1,test
PWDURETWWMYYPY-UHFFFAOYSA-N,1,test
PWPZNYJSIAPFAS-UHFFFAOYSA-N,1,test
PWVCRZKYACFKRV-ZZIIXHQDSA-N,1,test
PXNRMROQFCCYRI-UHFFFAOYSA-N,1,test
PYAUTVAEUKAKHU-UHFFFAOYSA-N,1,test
PYTVRJQBTZESQO-UHFFFAOYSA-O,6,train
PYUXNNYRCHVGKZ-UHFFFAOYSA-N,1,test
PZLDMOAIURCRGS-UHFFFAOYSA-N,1,test
PZRHMLTUOQZGFU-UHFFFAOYSA-N,1,test
PZRMVJYRXKNQJW-UHFFFAOYSA-N,1,test
QADGAAYKGOIFOY-MMADZMRASA-N,1,test
QAFJHMFNIIXQFU-UHFFFAOYSA-N,1,test
QBHHBZZUNCFRDU-UHFFFAOYSA-N,1,test
QCQBZAGGYBUVDF-UHFFFAOYSA-N,1,test
QCWMDCDYHKUILA-UXHICEINSA-N,1,test
QDERUYQRVSOFNB-UHFFFAOYSA-N,3,train
QDLFCBKKECTJSK-UHFFFAOYSA-N,17,train
QDZBPHUUGXQIRE-UHFFFAOYSA-N,1,test
QDZBPHUUGXQIRE-UKJIHQRVSA-N,1,test
QEBJUDNUEAUMPD-JLPGSUDCSA-N,2,train
QEUYLKZLLHQFAX-JOOKONRKSA-N,1,test
QFXXWZCOIVFPGL-UHFFFAOYSA-N,1,test
QGAJUSBQTLQGFB-UHFFFAOYSA-N,1,test
QGCJFKITCHBFSD-UHFFFAOYSA-N,1,test
QGGZBXOADPVUPN-UHFFFAOYSA-N,1,test
QHILPYRVSJIJSN-VJBMBRPKSA-N,1,test
QINVJRRTUSSOEP-UHFFFAOYSA-N,1,test
QIVBXKAFNSVMNC-ODLFYWEKSA-N,1,test
QJGJBTMGSJXUEK-UHFFFAOYSA-N,1,test
QJPHENQDZAYGQK-YPKPFQOOSA-N,1,test
QJYDWYKRJCYXDL-BVIHQWTGSA-N,7,train
QKUKZQWITZMFJH-UHFFFAOYSA-N,1,test
QLBIXDIGRIWNRL-UHFFFAOYSA-N,1,test
QLPMDTQXZMKPNL-UHFFFAOYSA-N,1,test
QLVMBBYTMJJCGL-UHFFFAOYSA-O,2,train
QMEYZUVHEHLNEZ-WCWDXBQESA-N,1,test
QMMRHVHQOLFZMP-KGENOOAVSA-N,3,train
QMQQOVGCVPEGSA-UHFFFAOYSA-N,1,test
QMRVWNIYVWRACW-UHFFFAOYSA-N,1,test
QMTYYVPOCHGFBA-ZHACJKMWSA-O,3,train
QNXSIUBBGPHDDE-UHFFFAOYSA-N,15,train
QODGEVYNCJFDSD-XQNSMLJCSA-N,4,train
QOOVLJDEWVRXFI-FQNRMIAFSA-N,1,test
QPDYCRJIHVDOAD-UHFFFAOYSA-N,6,train
QPIABXAGJULOSK-UHFFFAOYSA-N,1,test
QPMZSAYBBBHOOQ-UHFFFAOYSA-N,1,test
QQCCOTBRJNQDJR-UHFFFAOYSA-N,1,test
QQLTXHXQFVTFDN-AFTMWWLOSA-N,1,test
QQPOIWRPDHPGOI-UHFFFAOYSA-O,3,train
QRKVKQRNWYLVQT-UHFFFAOYSA-N,1,test
QSGYQUZAEAUBMW-UHFFFAOYSA-N,1,test
QTIFXMRWBZDFPS-UHFFFAOYSA-N,1,test
QTQIQNGYCKREKA-UHFFFAOYSA-N,1,test
QTSKGKRAUSQIQD-UHFFFAOYSA-N,3,train
QTURXZOMULVQDI-UHFFFAOYSA-O,1,test
QUFGTPYSVLYXQC-UHFFFAOYSA-N,1,test
QUKURFWPODKMTL-FJGURNMVSA-N,2,train
QUSVCPDTRANDHH-UHFFFAOYSA-N,1,test
QVABANWNMXGOAK-UHFFFAOYSA-N,4,train
QVCWJIWRPGTNSS-UHFFFAOYSA-N,1,test
QVEIQLPSATUGLW-UHFFFAOYSA-N,1,test
QVMOLXHRHHMTTI-UHFFFAOYSA-N,1,test
QWDHZOFJHVXPEU-UHFFFAOYSA-N,2,train
QXCYDBYFEDOWQZ-UHFFFAOYSA-N,1,test
QXOHJPJAQVKDBR-OAHLLOKOSA-N,8,train
QXOHJPJAQVKDBR-UHFFFAOYSA-N,2,train
QXQTWBLTILRINS-SAPNQHFASA-N,1,test
QYGREQAQDURQHR-UHFFFAOYSA-N,1,test
QYWYUXDVWSNKER-UHFFFAOYSA-N,2,train
QYXQNFTXXPGTPJ-UHFFFAOYSA-N,1,test
QZIPJERAEIZSLS-FIBWVYCGSA-N,1,test
QZRBOLHGJBENEV-UHFFFAOYSA-N,1,test
RAXXELZNTBOGNW-UHFFFAOYSA-O,8,train
RBZMHPHLDPBECL-MWAVMZGNSA-N,1,test
RCDAJHPCKSOXIC-UHFFFAOYSA-N,1,test
RCLFUHIUOQTJOA-UHFFFAOYSA-N,1,test
RCURXEIDTJLNEH-DBUHGEHTSA-N,1,test
RDCNDXDRJWIAQL-UHFFFAOYSA-N,1,test
RDIMDXPJUTXLON-UHFFFAOYSA-N,1,test
RDMFHRSPDKWERA-UHFFFAOYSA-O,2,train
RDQGJUULTYCCOC-UHFFFAOYSA-N,1,test
RDTFFLFEGIKFDL-UHFFFAOYSA-N,16,train
REUPXWMWDMMODN-MHWRWJLKSA-N,7,train
REXYZBPHGWETIR-UHFFFAOYSA-N,1,test
RFJFEUOWKIHAMC-UHFFFAOYSA-N,1,test
RFJOKGIIFYOSLX-UHFFFAOYSA-N,1,test
RFXAMLDLPLCZJH-NHFJDJAPSA-N,2,train
RGKRBGOMLNQRHE-ZHZULCJRSA-N,3,train
RGQVLYRBIUCEMS-UHFFFAOYSA-N,2,train
RHDMKEZBXPYVGT-UHFFFAOYSA-N,2,train
RHDRNMKRKSLQTF-UHFFFAOYSA-N,1,test
RHVLYHCTGBXSAL-UHFFFAOYSA-N,1,test
RIANHBYIFUFFHM-UHFFFAOYSA-N,1,test
RIZHLFWUQTUAPS-VHEBQXMUSA-N,3,train
RJFOSTXNSIGOHV-UHFFFAOYSA-N,1,test
RJRFAJLLYUREMK-RGURZIINSA-N,1,test
RJRFAJLLYUREMK-UHFFFAOYSA-N,1,test
RJVDPGMAANBIGS-PKNBQFBNSA-O,1,test
RJXMSZGDQQKICG-ISLYRVAYSA-N,1,test
RJYLAUWIHNCJFR-RRAHZORUSA-N,4,train
RJYMXTYQGHBQCH-UHFFFAOYSA-N,1,test
RJYYOQMBEFFJIP-UHFFFAOYSA-N,1,test
RKCGRKYCTUEVJE-UHFFFAOYSA-N,7,train
RKOBYJYBRDZLHJ-UHFFFAOYSA-N,1,test
RKUHNKMVRIYYJA-GJARRJKISA-N,1,test
RKXBOYRQFZRSIN-UHFFFAOYSA-N,4,train
RLDJJXFBAVFUGA-UHFFFAOYSA-N,1,test
RLGKSXCGHMXELQ-ZRDIBKRKSA-O,12,train
RLNHUJGJBZYSFV-UHFFFAOYSA-N,1,test
RLWIYDVUQKJTSM-UHFFFAOYSA-N,2,train
RLZNCSIUJOYZJJ-UHFFFAOYSA-N,1,test
RMHVLBGFZUPBFB-UHFFFAOYSA-N,2,train
RMOFGAOSNXMCIZ-UHFFFAOYSA-N,1,test
RNBBYLHKCNHDMC-UHFFFAOYSA-N,5,train
RNMJVJJYCAKXFS-UHFFFAOYSA-N,2,train
ROBKVGDBQLURAF-UHFFFAOYSA-N,1,test
ROPMAAXYACZQBT-UHFFFAOYSA-O,1,test
ROPMBLFOINNFGP-UHFFFAOYSA-N,1,test
ROUMSDZFMIJNCO-UHFFFAOYSA-N,1,test
ROVPMXATPGCOPQ-UHFFFAOYSA-N,1,test
RPANZTOPYPDHPI-UHFFFAOYSA-N,1,test
RPCMVOUZHVFWHI-NIHWJDNZSA-N,1,test
RPYKRIPGSIAVQS-UHFFFAOYSA-N,1,test
RRFFUSGBGWODEN-UHFFFAOYSA-N,18,train
RRYREXCAJLJMCL-UHFFFAOYSA-N,1,test
RSEVMSVAXAZESV-UHFFFAOYSA-N,1,test
RSFASIHHCGSKEP-UHFFFAOYSA-N,1,test
RSMDWTVKHVTHAL-UHFFFAOYSA-N,4,train
RSNNTUWEOALCKI-UHFFFAOYSA-N,3,train
RSOWWSCKFZEGMT-UHFFFAOYSA-N,1,test
RSYCIJFAJNBHEE-UHFFFAOYSA-N,1,test
RTBZJWXQCNQHNM-UHFFFAOYSA-N,2,train
RTDPVOSMBHIAJV-UHFFFAOYSA-N,16,train
RTDRHAQJQZGXSJ-UHFFFAOYSA-N,1,test
RTGLFNITZWMBGU-UHFFFAOYSA-N,2,train
RTIIFSJFUWPGNM-UHFFFAOYSA-N,1,test
RTTSLBXGYIFCRM-UHFFFAOYSA-N,9,train
RTVVBGHSMVVVKR-ZTKZIYFRSA-N,1,test
RUAKBHPRJUYDHQ-UHFFFAOYSA-N,1,test
RUENGMAURQTLGQ-UHFFFAOYSA-N,3,train
RVBAUHGQSLEOSR-UHFFFAOYSA-N,8,train
RVHZRKHNPYJEEY-UHFFFAOYSA-N,1,test
RVIFLGXSBJINPW-UHFFFAOYSA-N,1,test
RVNVFDXQOFFQES-UHFFFAOYSA-N,1,test
RVTAKIVGWWKWJK-UHFFFAOYSA-N,1,test
RVZBUEBWSLHLKO-UHFFFAOYSA-N,1,test
RWCCWEUUXYIKHB-UHFFFAOYSA-N,1,test
RXBYRTSOWREATF-UHFFFAOYSA-N,71,train
RYYKOJHWHUNLOT-UHFFFAOYSA-N,1,test
RZGFESDLROXNEK-UHFFFAOYSA-N,1,test
RZIFWXQCOPSVBA-YYADALCUSA-N,1,test
RZIYGVLPPJAHFK-JJIBRWJFSA-N,1,test
RZOSCINHPANHJN-UHFFFAOYSA-N,1,test
RZTPWYWAKMREKN-UHFFFAOYSA-N,2,train
RZVHIXYEVGDQDX-UHFFFAOYSA-N,1,test
RZXZUNNYUATLPQ-UHFFFAOYSA-N,1,test
SAFHZFSRVDFRNP-PKAZHMFMSA-N,3,train
SAKRLMMAMOUNKR-UHFFFAOYSA-N,1,test
SAKWNBGLNVCIJR-UHFFFAOYSA-N,2,train
SAUVKKAPUZOTHE-UHFFFAOYSA-N,1,test
SBANHXFJJRKKMN-UHFFFAOYSA-N,1,test
SBILQUBKQUBSRU-UHFFFAOYSA-N,1,test
SBKBEDMRMXTWFQ-UHFFFAOYSA-N,1,test
SBLDBTJGYINGFN-UHFFFAOYSA-N,1,test
SBWJOUKTWPKMLG-ZHACJKMWSA-N,1,test
SBXOBUMXYFRCBO-UHFFFAOYSA-N,2,train
SCEVFJUWLLRELN-UHFFFAOYSA-N,1,test
SCHZXZPFGJTWJB-UHFFFAOYSA-N,10,train
SCQBDADQAVXTMZ-UHFFFAOYSA-N,1,test
SDKXGQOQSQDQBT-AFUMVMLFSA-N,1,test
SDRSWRQKYSRVAD-UHFFFAOYSA-N,1,test
SDYUXZXBOSJBHM-AATRIKPKSA-N,1,test
SDYUXZXBOSJBHM-WAYWQWQTSA-N,1,test
SEZFNTZQMWJIAI-FLIBITNWSA-N,1,test
SFFRPEOBTXIOJR-UHFFFAOYSA-N,1,test
SFSYFLJDJQTPNM-UHFFFAOYSA-N,1,test
SGCSTIXSMUGSOQ-UHFFFAOYSA-N,1,test
SGGOMSQMONCIIY-UHFFFAOYSA-N,1,test
SGIRALQRNVQBBG-UHFFFAOYSA-N,3,train
SHCYGIJBHRLDQT-UHFFFAOYSA-N,1,test
SHFCIWCRLOISRA-UHFFFAOYSA-N,1,test
SHRDVLUJLDYXSO-NSHDSACASA-N,1,test
SHSAGNIXIDZUQJ-UHFFFAOYSA-N,1,test
SIISFRLGYDVIRG-UHFFFAOYSA-N,4,train
SIMGOTNNVXRWAF-UHFFFAOYSA-N,1,test
SIVRCFKUZDWTJH-UHFFFAOYSA-N,2,train
SIYCFRXZXWCSIN-UHFFFAOYSA-N,1,test
SJCMRPCRFNFHCL-UHFFFAOYSA-N,1,test
SJNZMXPJQGTFGM-UHFFFAOYSA-N,1,test
SJZOAVOKRIVTGW-UHFFFAOYSA-N,1,test
SKHKOZVGQSVQQA-DHZHZOJOSA-N,1,test
SKILGDQGSNDMPO-UHFFFAOYSA-N,1,test
SKYIFQCTLQKILO-UHFFFAOYSA-N,2,train
SLWUABGTWDNENO-KWQFWETISA-N,1,test
SLWUABGTWDNENO-UHFFFAOYSA-N,1,test
SLZRUURKUVNJHO-UHFFFAOYSA-N,1,test
SMWDFEZZVXVKRB-UHFFFAOYSA-N,2,train
SMWDFEZZVXVKRB-UHFFFAOYSA-O,10,train
SNARGSJQPGYJPK-UHFFFAOYSA-N,3,train
SNFAEUZNFIYGNA-UHFFFAOYSA-N,2,train
SNLGXENXRSMKPZ-UHFFFAOYSA-N,1,test
SNUUJGQQDVERLM-UHFFFAOYSA-N,1,test
SOARTDIDZFKTKX-UHFFFAOYSA-N,1,test
SODDJOOZEVURLA-UHFFFAOYSA-N,1,test
SPDAGUHXTBGUQT-UHFFFAOYSA-N,1,test
SPOAEXCLKJDYCF-UHFFFAOYSA-N,1,test
SPQFEAQCQQEGLU-UHFFFAOYSA-N,1,test
SPYJBESQZMDZSA-UHFFFAOYSA-N,2,train
SPZDHPMAWREVNW-UHFFFAOYSA-N,1,test
SQIANBUOIQPBJW-UHFFFAOYSA-N,1,test
SQIQHULSEGHZJY-UHFFFAOYSA-N,1,test
SQIWVUIDKFUELN-UHFFFAOYSA-N,1,test
SQXQVLHHMMAJIL-UHFFFAOYSA-N,5,train
SQXUZVAZCVIHFU-UHFFFAOYSA-N,7,train
SREHLCDERLVEFU-UHFFFAOYSA-N,1,test
SSMGPKXGPNTFEL-UHFFFAOYSA-N,3,train
SSRMKEPFFMWMTN-UHFFFAOYSA-N,1,test
SSSNYUZIEYTSMK-UHFFFAOYSA-N,1,test
SSWRCTPOIBESLJ-UHFFFAOYSA-N,1,test
STCSLEWFMHPGFM-QFFDILLMSA-N,2,train
STEXUOBWQLSVBF-XMHGGMMESA-N,12,train
STKGPMACGGTVAE-UHFFFAOYSA-N,1,test
STOKSOGOBDVDSS-UHFFFAOYSA-N,1,test
STXASRHDDYKCPI-UHFFFAOYSA-N,1,test
STZVWDKGDFRNCG-UHFFFAOYSA-N,1,test
SVAAENNVLVWYJB-UHFFFAOYSA-N,1,test
SVBJFROCZXYNSY-UHFFFAOYSA-N,7,train
SVWWISPUCMTYSV-UHFFFAOYSA-N,1,test
SWAXJSBSRJXHAC-UHFFFAOYSA-N,2,train
SWBGVEITZMQLIH-UHFFFAOYSA-N,1,test
SWCJRPRGZRYPLE-DUOMIRJXSA-N,1,test
SWDBFIRETZDEPQ-UHFFFAOYSA-N,1,test
SWDWTXRWCMLESV-MHPPCMCBSA-N,1,test
SWDWTXRWCMLESV-OMNKOJBGSA-N,1,test
SWDWTXRWCMLESV-UHFFFAOYSA-N,1,test
SWMZMBJRZBWPHB-UHFFFAOYSA-N,1,test
SWZRIMBMJKPHQJ-UHFFFAOYSA-N,1,test
SXDJCGXQZGFHAN-VAWYXSNFSA-N,7,train
SXMKBXWHFCHHJR-UHFFFAOYSA-N,1,test
SXZDYJVLSXAMCA-UHFFFAOYSA-N,1,test
SYJAYDHVWRLFTK-UHFFFAOYSA-N,1,test
SYJBLKZHHVCBDQ-UHFFFAOYSA-N,1,test
SYPPXUDWANGIJA-UHFFFAOYSA-N,1,test
SYTMOMAWXWINBD-UHFFFAOYSA-N,2,train
SYTVXSVMKRXYMG-UHFFFAOYSA-N,1,test
SZSFHDVLPHPEGD-CCEZHUSRSA-N,1,test
TTZDIEOPFYIOAI-UHFFFAOYSA-N,3,train
TUAGUVROCPGBRH-HLOKYFMASA-N,2,train
TUHIUFIVIUDEFA-UHFFFAOYSA-N,1,test
TUNVQFKIOJKAON-UHFFFAOYSA-N,1,test
TVAPPUQQGZUSQJ-UHFFFAOYSA-O,3,train
TVKNXKLYVUVOCV-UHFFFAOYSA-N,2,train
TVXNBKDMGAGSDZ-UHFFFAOYSA-N,1,test
TVYZGBBYZJIGGJ-UHFFFAOYSA-N,1,test
TWJOHEVVRIJHJT-UHFFFAOYSA-N,1,test
TWPRMDZZQGEGAZ-VKAVYKQESA-N,1,test
TWPTUWWNYBYDOO-UHFFFAOYSA-N,1,test
TXHHGLULBHVWMO-UHFFFAOYSA-N,6,train
TXQBQEAKTWKEAO-UHFFFAOYSA-N,3,train
TXRPREROCFYGHX-JLHYYAGUSA-N,4,train
TXSRJQSUOUJAIH-UHFFFAOYSA-N,1,test
TXXUQZJQPBIWPG-FBMWCMRBSA-N,1,test
TXZWAJSQSQEDHC-ZHZULCJRSA-N,1,test
TYFCWXLBVLQLIM-UHFFFAOYSA-N,1,test
TYGMTYRXRCSMAH-UHFFFAOYSA-N,1,test
TZGQRNCWGBGNCJ-UHFFFAOYSA-N,1,test
TZJWHAZJXQOFMQ-UHFFFAOYSA-N,1,test
TZXNDDPYDWYKHX-PWSUYJOCSA-N,1,test
TZZOZGMWCKDXDQ-UHFFFAOYSA-N,1,test
UACIBCPNAKBWHX-AGLKQIJISA-N,1,test
UACIBCPNAKBWHX-GFTPRTEMSA-N,3,train
UAFKYYFMUBYEJQ-UHFFFAOYSA-N,1,test
UAMDSORUVLSKHS-UHFFFAOYSA-N,1,test
UAUXXZWJGLIYPF-HMAQRAJCSA-N,1,test
UAUXXZWJGLIYPF-VGPNNNQLSA-N,1,test
UBTCEVPDFNSJGT-UHFFFAOYSA-N,1,test
UBXZAJJWBCKVGQ-UHFFFAOYSA-N,1,test
UCBDHHISAFCQJE-UKTHLTGXSA-N,1,test
UCTOTJQSJOBAEG-GHRIWEEISA-N,1,test
UCTOTJQSJOBAEG-GHRIWEEISA-O,6,train
UCWHTIDKHPSLAV-UHFFFAOYSA-N,1,test
UDEJACXWCNQNDX-UHFFFAOYSA-N,1,test
UDEJACXWCNQNDX-UHFFFAOYSA-P,1,test
UESKZASDKHIJNH-UHFFFAOYSA-N,1,test
UEYCLHRCXFFCIS-GJGKFWOUSA-N,1,test
UFAZLVHMPFPAHH-UHFFFAOYSA-N,2,train
UFYBVHOUUMLJTI-UHFFFAOYSA-N,3,train
UFYZCGVAWDOVJS-VAJSGBFNSA-N,1,test
UGBLOPRVCUMQQB-UHFFFAOYSA-N,1,test
UGBNXSYMNXHJKM-UHFFFAOYSA-N,4,train
UGUPNUQNBUBESC-UHFFFAOYSA-N,2,train
UHCNDWKIQWKBPR-UHFFFAOYSA-N,1,test
UHILWSKZCOLDGP-UHFFFAOYSA-N,4,train
UHOTUSHGWTWEAM-UHFFFAOYSA-N,1,test
UHOVQNZJYSORNB-UHFFFAOYSA-N,73,train
UHPUGTCWTHYPEQ-UHFFFAOYSA-N,1,test
UHQTYBXIBDVUFQ-UHFFFAOYSA-N,1,test
UHZOUSUGNFTACG-UHFFFAOYSA-N,1,test
UICBHOXXGLYZJH-UHFFFAOYSA-N,3,train
UIEZZUILADFUAR-KYJUHHDHSA-N,1,test
UIEZZUILADFUAR-RNPORBBMSA-N,1,test
UIHMPKAPVFKAFT-UHFFFAOYSA-N,1,test
UIRLTPXGFDJICZ-UHFFFAOYSA-O,1,test
UJOBWOGCFQCDNV-UHFFFAOYSA-N,1,test
UJQBBIXNEJESPI-UHFFFAOYSA-N,1,test
UJVSUYBOENDQMG-UHFFFAOYSA-N,1,test
UJYFHDXYPAFONC-UHFFFAOYSA-N,1,test
UKCJVDQKFPALJF-UHFFFAOYSA-N,1,test
UKWXEHXXUCHMTL-UHFFFAOYSA-N,1,test
ULGZOIPRZKQQDU-UHFFFAOYSA-N,1,test
ULIWBOHRWMGXPR-UHFFFAOYSA-N,1,test
ULLJVPKUDFDJKB-FQNRMIAFSA-N,24,train
ULLJVPKUDFDJKB-FQNRMIAFSA-O,4,train
ULLJVPKUDFDJKB-UHFFFAOYSA-N,18,train
ULLJVPKUDFDJKB-UHFFFAOYSA-O,3,train
ULLJVPKUDFDJKB-VYIIXAMBSA-N,1,test
UMDZOBWQMNPPGB-UHFFFAOYSA-N,1,test
UMZDDMLTGGDCRB-UHFFFAOYSA-N,1,test
UNVOAAWEEGAXTN-UHFFFAOYSA-N,1,test
UNYJUWLOUSQGJX-RGEXLXHISA-N,2,train
UOIAPKXVDOJCGV-MWDXBVQZSA-N,1,test
UONDTBVSZIDJKA-UHFFFAOYSA-N,2,train
UONYENUNDYAGPQ-UHFFFAOYSA-N,1,test
UOUHZRIREFJDTJ-OCOZRVBESA-N,1,test
UPEPSZXXKJZXNG-UHFFFAOYSA-O,1,test
UPFUAMRNRBIMEV-FDAWAROLSA-N,1,test
UPJAFSLAGGYJTO-UHFFFAOYSA-N,1,test
UQBAAIYCOXDDQQ-UHFFFAOYSA-N,1,test
UREVBHDPQHAWDN-RXMQYKEDSA-N,1,test
UREVBHDPQHAWDN-YFKPBYRVSA-N,1,test
URJMHZSCYSXBGN-UHFFFAOYSA-N,1,test
URKBFQGIEXVNRN-UHFFFAOYSA-N,1,test
URKUVOOMGFZKSL-DARPEHSRSA-N,1,test
URSMDKUSODPTCL-UHFFFAOYSA-N,1,test
USJIDDWMHJWKRB-UHFFFAOYSA-O,2,train
USJXZZZMUUXSBK-UHFFFAOYSA-N,1,test
USUSLYRWRFTFJZ-UHFFFAOYSA-N,1,test
UTOPPHLSAAJWHX-UHFFFAOYSA-N,1,test
UTSIRBZYENXINM-UYRXBGFRSA-N,1,test
UUCWSKIRKUOACE-UHFFFAOYSA-N,1,test
UUOHJJYJQPUSRN-UHFFFAOYSA-N,1,test
UUQBDBYKPIHDLS-UHFFFAOYSA-N,2,train
UUQQRPWLTMMCSV-UHFFFAOYSA-N,1,test
UUUBORPVEFCRER-UHFFFAOYSA-N,1,test
UVALZXJXVIPTBJ-AMKOLVODSA-N,1,test
UVDYUAKOGXPKCJ-UHFFFAOYSA-N,1,test
UVYNECUSQBZMSD-UHFFFAOYSA-N,1,test
UWFZXJWPNDCUOE-UXHLAJHPSA-N,8,train
UWIUJEBCGNCCDI-JDCMOKTRSA-N,2,train
UWQOEQYFXQZWFM-UHFFFAOYSA-N,1,test
UXBVURPUSBIFGC-UHFFFAOYSA-N,8,train
UXCGNBAZQWGKDQ-IZZNHLLZSA-N,2,train
UXCXYERTOFOPQT-UHFFFAOYSA-N,1,test
UXFPBXCPHRAGKB-UHFFFAOYSA-N,1,test
UXIHSXPUZBROTR-UHFFFAOYSA-N,2,train
UXMKOLJFXKKWEQ-UHFFFAOYSA-N,2,train
UYDRVNADJTZXEM-UHFFFAOYSA-N,1,test
UYGGALTZYKSLEI-UHFFFAOYSA-N,1,test
UZEAVGVQQHZREJ-UHFFFAOYSA-N,1,test
UZXZPGSLNMHGJV-UHFFFAOYSA-N,1,test
UZYCYTRGSZTTGC-UHFFFAOYSA-N,2,train
VADVWPCYPUHXIR-UHFFFAOYSA-N,1,test
VAMTXPFDKXGZRO-UHFFFAOYSA-P,1,test
VAQPSRCIHJPJEJ-BLLLJJGKSA-N,1,test
VARHXCYGZKSOOO-UHFFFAOYSA-N,13,train
VATOZJIGHBQVFX-MUPYBJATSA-N,2,train
VBBFHHDEKPDHJO-UHFFFAOYSA-N,1,test
VBPRQJFLYMCAME-UHFFFAOYSA-P,1,test
VCFKBYXCFDZGGP-UHFFFAOYSA-N,1,test
VCUSFEPDEQONLX-UHFFFAOYSA-N,4,train
VDQFJTZEAIFARA-UHFFFAOYSA-N,1,test
VEAQYSZMSCMCGQ-UHFFFAOYSA-N,1,test
VEEUYGGNXIZQMM-UHFFFAOYSA-N,1,test
VEFIYLBMXGJEDC-UHFFFAOYSA-N,8,train
VEPPAPQOHSMECW-UHFFFAOYSA-N,2,train
VEPPAPQOHSMECW-UHUGOGIASA-N,2,train
VFERHOUHYWLGSW-YYDJUVGSSA-N,1,test
VFJMCRBOTPFVMY-UHFFFAOYSA-N,1,test
VFKNDVADZLQDOZ-UHFFFAOYSA-N,1,test
VFMMITSTDSXTMO-UHFFFAOYSA-N,1,test
VFRUSWZSBSOJCG-UHFFFAOYSA-O,1,test
VFSWDJZQQQYTJX-UHFFFAOYSA-N,1,test
VGAYEOMAXFNLKY-PGMHBOJBSA-N,3,train
VGCNXBCCOLTKPI-UHFFFAOYSA-N,2,train
VGGGTYRHDJQAQD-UHFFFAOYSA-N,1,test
VHBFFQKBGNRLFZ-UHFFFAOYSA-N,15,train
VHNMWLPIWVJYAI-UHFFFAOYSA-N,1,test
VHWJSSUZKSFJKX-CVRLYYSRSA-N,1,test
VHWMUDXEZYJXAX-UHFFFAOYSA-O,1,test
VIKPLMAMOFWNSK-UHFFFAOYSA-N,1,test
VIWFBBHZWUZKIE-UHFFFAOYSA-N,1,test
VIZNDSYPXQJMCM-UHFFFAOYSA-N,2,train
VJCSRHPAMHRBGW-UHFFFAOYSA-N,1,test
VJHQBGAGFAIABW-UHFFFAOYSA-N,2,train
VJXQYZRHHROCND-UHFFFAOYSA-N,2,train
VJYJWGAJWFCCLU-UHFFFAOYSA-N,1,test
VKEZNBQOJFJFFP-FIXISWKDSA-N,1,test
VKEZNBQOJFJFFP-UEKVPHQBSA-N,1,test
VKIJTFYGLUKRHX-UHFFFAOYSA-N,2,train
VKJZYEPEKJWSTQ-UHFFFAOYSA-N,1,test
VKNWDCRSXKCHGZ-UHFFFAOYSA-N,3,train
VLDDOTFTMZJIEM-CMDGGOBGSA-N,1,test
VLINJGAWQXONRY-UHFFFAOYSA-N,1,test
VLLRRLPCMCEADG-UHFFFAOYSA-N,1,test
VLSZPAALSJTEMI-UHFFFAOYSA-N,1,test
VMBRWDBCJZPBGV-UHFFFAOYSA-N,1,test
VMSAIXHBENMYGL-AGJHTDJMSA-N,7,train
VNXVTMNYMMXMNG-UHFFFAOYSA-P,1,test
VNYYZZUTCYXDEN-UHFFFAOYSA-N,2,train
VOBGQUFQKUDUJO-UHFFFAOYSA-O,2,train
VONJCWNKPFFSJN-UHFFFAOYSA-N,4,train
VOPNAWJUQDNWKB-UHFFFAOYSA-N,1,test
VOWHONRMOCHCGC-HTLJXXAVSA-N,1,test
VOWHONRMOCHCGC-LHIURRSHSA-N,10,train
VOWHONRMOCHCGC-LHIURRSHSA-O,1,test
VOWHONRMOCHCGC-UHFFFAOYSA-N,12,train
VOWHONRMOCHCGC-UHFFFAOYSA-O,2,train
VPMPRQLKHHOCSP-UHFFFAOYSA-N,2,train
VPTJNXMKLVQWHQ-UHFFFAOYSA-N,1,test
VQGBPCIONNQYIL-UHFFFAOYSA-N,2,train
VQHPLNYDVBCJMS-UHFFFAOYSA-N,2,train
VQSJWSIUKJFATQ-UHFFFAOYSA-O,1,test
VRLUAVDWYSTYDA-UHFFFAOYSA-N,1,test
VRYWBMTXKFQBCA-UHFFFAOYSA-N,8,train
VSQLMMNJVBKVKP-GFTPRTEMSA-N,1,test
VSQLMMNJVBKVKP-URMDTBFRSA-N,1,test
VSXPZXKLWOWDGU-NAMNSSPESA-N,1,test
VSZCXWFWDSAZPT-UHFFFAOYSA-N,1,test
VTABYHUTDXEGBC-UHFFFAOYSA-O,3,train
VTDARCCSCBZWAE-MOPGFXCFSA-N,1,test
VTDARCCSCBZWAE-RBUKOAKNSA-N,1,test
VTGOBKAEWBZVCF-UHFFFAOYSA-N,1,test
VTMJSMRJAMLHBS-UHFFFAOYSA-N,1,test
VTVFXURRUMOQCX-UHFFFAOYSA-N,2,train
VTZGYQYDBJMTAJ-UHFFFAOYSA-N,1,test
VUDMGFTYAXLBJP-UHFFFAOYSA-N,3,train
VUNRXMPUBAYQMR-UHFFFAOYSA-N,1,test
VUTKNZLZEHUNMY-UHFFFAOYSA-N,2,train
VVALFDQDPSGUHW-UHFFFAOYSA-N,1,test
VVEOYZDAMLRUQD-UHFFFAOYSA-N,1,test
VVHSKUVEDZEFPN-UHFFFAOYSA-N,1,test
VVQPLYAHXAZPHF-HMMYKYKNSA-N,12,train
VVQVFAAYWYMLIW-UHFFFAOYSA-N,2,train
VVVCUWUORGMTNG-UHFFFAOYSA-N,1,test
VVWWYMNUAXKVCF-UHFFFAOYSA-N,15,train
VVYRUKLKRCNWHE-UHFFFAOYSA-N,1,test
VWEJXLMNMJKIFU-FUDKSRODSA-N,1,test
VWLGZNUAGMXEGX-UHFFFAOYSA-N,1,test
VWPVBOVNWOJLEJ-UHFFFAOYSA-N,1,test
VWVGOALUEAHFJV-UHFFFAOYSA-N,2,train
VXFDWXQFBUGSKI-UHFFFAOYSA-N,1,test
VXIBTGIQMBJANX-UHFFFAOYSA-N,8,train
VXLRZAXUUZPXJL-UHFFFAOYSA-N,2,train
VXQFGUJASGKRMS-VXLYETTFSA-N,1,test
VXRJTAPSRDSAGT-UHFFFAOYSA-N,1,test
VXSJAPYUZPJXON-UHFFFAOYSA-N,1,test
VXTOUZSUPQQPPE-UHFFFAOYSA-N,1,test
VYPWGZVTORLPEM-UHFFFAOYSA-N,1,test
VYRLFPZCUMWHEQ-UHFFFAOYSA-N,1,test
VZFFUWWWOQZWAL-UHFFFAOYSA-N,1,test
VZFYGCGGVNFWSP-UHFFFAOYSA-N,1,test
VZIIROIDZAERNQ-UHFFFAOYSA-N,1,test
VZTQBNKNBJPYPH-UHFFFAOYSA-N,1,test
WAJVOUALTBWKPV-UHFFFAOYSA-N,1,test
WAJXNDIIKZANCA-UHFFFAOYSA-N,1,test
WALUZVFMEKNFCM-UHFFFAOYSA-N,1,test
WAPSZYCQSRLWDS-UHFFFAOYSA-N,1,test
WATGCYZSCSXVKY-UHFFFAOYSA-N,3,train
WAZZPPCZQVKIJV-UHFFFAOYSA-N,4,train
WBADLUYZHMUYCM-UHFFFAOYSA-O,1,test
WBIBUCGCVLAPQG-UHFFFAOYSA-P,1,test
WBMUVKRVRIBYJE-UHFFFAOYSA-P,1,test
WCJSIHHWFYNIQC-UHFFFAOYSA-O,1,test
WDGQGLWXVMWOHB-UHFFFAOYSA-N,2,train
WDHCJKQGINHUOE-UHFFFAOYSA-N,1,test
WDVRHFUZFUWLGS-UHFFFAOYSA-N,1,test
WDVUURYAZSPAGT-UHFFFAOYSA-N,2,train
WEJXNCZIDWRHGK-UXPWSPDFSA-N,3,train
WELCDKMCOGDZCK-UHFFFAOYSA-N,1,test
WENTUEGJRGNGKW-UHFFFAOYSA-N,1,test
WESHYJRNOPTLFY-XLWJZTARSA-N,1,test
WEWUTXFGEVHYIZ-UHFFFAOYSA-N,1,test
WFHABXAMFJTSIW-AATRIKPKSA-N,1,test
WFNBIRNJSOCNHT-UHFFFAOYSA-N,2,train
WGEJVJPDALKEOC-UHFFFAOYSA-N,1,test
WGJYTAVHUDKGNK-ZFWWWQNUSA-N,9,train
WGYOPAOYUFZMIS-UHFFFAOYSA-N,1,test
WHUJSQXNUCCIJX-UHFFFAOYSA-N,2,train
WHVZYWOSAKGOJG-UHFFFAOYSA-N,1,test
WHXABAAQSUQJBY-UHFFFAOYSA-N,1,test
WHXOOXXOFDWFLD-JXMROGBWSA-N,1,test
WHYIEUPXCLAOTN-UHFFFAOYSA-N,7,train
WIBZBHAULNIINQ-UHFFFAOYSA-N,1,test
WIBZBHAULNIINQ-UHFFFAOYSA-P,1,test
WIVOLTFGVIYIMZ-UHFFFAOYSA-N,6,train
WIVQWKBFPDKCOF-NBGIEHNGSA-N,2,train
WIXYVLRIZYZCIN-UHFFFAOYSA-N,1,test
WJCASIGPROJICW-UHFFFAOYSA-N,1,test
WJFKNYWRSNBZNX-UHFFFAOYSA-N,4,train
WJTDBRSQCOOMQI-UHFFFAOYSA-N,2,train
WKJVBSGHFVPAEU-UHFFFAOYSA-N,1,test
WKLCDAMOZPYEHF-UHFFFAOYSA-N,1,test
WKOHIRBMSXYUCL-SYIFMXBLSA-N,1,test
WKOHIRBMSXYUCL-UHFFFAOYSA-N,2,train
WKQKHFZKNGJQPU-UHFFFAOYSA-N,2,train
WKTWPRRKDHBLDJ-UHFFFAOYSA-N,1,test
WKXYTZADUXBGNK-VEDVMXKPSA-N,1,test
WLAAJJZNAFKAMK-UHFFFAOYSA-N,1,test
WLFOCPXAEKVJHV-UHFFFAOYSA-N,1,test
WLPXFUPAMVAKBE-UHFFFAOYSA-N,1,test
WLYPVMOXMPMMFD-UHFFFAOYSA-N,3,train
WLZZZKIRXUHSSI-UHFFFAOYSA-N,2,train
WMQRORZTVFOCTL-UHFFFAOYSA-N,2,train
WMVNKXATYYASHC-UHFFFAOYSA-N,1,test
WNCPQDOVHICUNG-UHFFFAOYSA-N,1,test
WNFJUFWSHLTWLJ-UHFFFAOYSA-N,1,test
WNLYOXFKVMXTBI-UHFFFAOYSA-N,1,test
WNRDMOSGJUVDLT-UHFFFAOYSA-N,1,test
WNUCJMMTJRRQRG-UHFFFAOYSA-N,1,test
WNWQLKAZJLNDJZ-UHFFFAOYSA-N,1,test
WOEXURQDMFYJPL-UHFFFAOYSA-N,1,test
WOVNHKCOXVIXBN-UHFFFAOYSA-N,1,test
WPOFAFLYGQHUBW-UHFFFAOYSA-N,1,test
WPPCUGSDZTTYQW-UHFFFAOYSA-N,1,test
WQMAGHZSMFCGDV-SFQUDFHCSA-N,1,test
WQZDGLCFDUUGFR-MDZDMXLPSA-N,1,test
WRDWNDOAIVMNKL-UHFFFAOYSA-N,1,test
WREDXEQOXOCWAK-UHFFFAOYSA-N,1,test
WREDXEQOXOCWAK-UHFFFAOYSA-P,1,test
WRTKXQQODGIRSM-LETNVAMUSA-N,2,train
WSZCWFGKBRQCMK-OAHLLOKOSA-N,1,test
WTEHSLBHHPNNTR-UHFFFAOYSA-N,1,test
WTHVYNDBLHHUQG-UHFFFAOYSA-N,1,test
WTKZEGDFNFYCGP-UHFFFAOYSA-N,11,train
WUAWIFPABARFIQ-UHFFFAOYSA-N,1,test
WUFQLZTXIWKION-UHFFFAOYSA-N,1,test
WUPXIBBAMVISOW-UHFFFAOYSA-N,1,test
WVICGACWYTXOJC-UHFFFAOYSA-N,1,test
WVNPHZUMSCQBDN-PXLXIMEGSA-N,1,test
WVOVCACDLDHRBD-UHFFFAOYSA-O,1,test
WWDYNLRLCYEISG-UHFFFAOYSA-N,1,test
WWEBTCRGCHRYFS-UHFFFAOYSA-N,1,test
WWJOZXNSXTXFDX-UHFFFAOYSA-N,2,train
WWOATZYESLZUJT-XSFVSMFZSA-N,10,train
WWOATZYESLZUJT-ZHZULCJRSA-N,1,test
WXOUYBTTWQDIOV-UHFFFAOYSA-N,1,test
WXTKBXGKRLFVQP-UHFFFAOYSA-N,1,test
WYBSTHYTYQKMRS-UHFFFAOYSA-N,1,test
WYQIPCUPNMRAKP-UHFFFAOYSA-O,1,test
WZBMGNJGAWYVMR-UHFFFAOYSA-N,1,test
WZFNJDWCRYFFMB-UHFFFAOYSA-N,1,test
WZHNHCZMUGSGNU-OBGWFSINSA-N,1,test
XACMNRBVWCIPLK-UHFFFAOYSA-N,1,test
XATVSLHMOONKQS-UHFFFAOYSA-N,1,test
XAUGWFWQVYXATQ-UHFFFAOYSA-N,1,test
XAYDDCXQBZBODU-UHFFFAOYSA-N,3,train
XBCUDBCRHRRCII-DXERQICSSA-N,1,test
XBFPQTJCJOVBJR-UHFFFAOYSA-N,1,test
XBNOFSFXALCRJV-NTCAYCPXSA-N,1,test
XCGMCCCRFJSDBJ-UHFFFAOYSA-N,1,test
XDGMPBUKARQUCK-UHFFFAOYSA-N,5,train
XDSJIKQHXRQOIP-KNTRCKAVSA-N,2,train
XEDITFPNOHYJHU-WHCXKFMVSA-N,2,train
XEWBJNBOXVLEJL-UHFFFAOYSA-N,3,train
XFCZLDDITSQBRC-UHFFFAOYSA-N,1,test
XFIFOPDJPLFQII-UHFFFAOYSA-N,1,test
XFKJDSXEQSVMRW-UHFFFAOYSA-N,3,train
XFMOIXTZMKSAPF-UHFFFAOYSA-N,1,test
XFRWLGBTTNTYLD-UHFFFAOYSA-N,1,test
XGBIWDJGWCUOLR-UHFFFAOYSA-N,1,test
XGFNUPSMSGUBHW-UHFFFAOYSA-N,1,test
XGTLJTHSJRABII-UHFFFAOYSA-N,6,train
XHAVUDYJOYCHMI-UHFFFAOYSA-N,2,train
XHISNFCRWZVULB-UHFFFAOYSA-N,4,train
XHSPRRUQWLQPRB-RCCKNPSSSA-N,2,train
XIENCHOJTXJXOY-UHFFFAOYSA-N,1,test
XIJGMMVYDINGDM-UHFFFAOYSA-N,1,test
XIXBDRAYBSRWGU-UHFFFAOYSA-N,1,test
XIXLKEWOSRYJSK-UHFFFAOYSA-N,1,test
XJALVWNRLTXILY-UHFFFAOYSA-N,1,test
XJFIAYUCPUSWHE-UHFFFAOYSA-N,1,test
XJLSQMHRWYVXBT-UHFFFAOYSA-N,1,test
XJMUBKVBGNJFRH-UHFFFAOYSA-N,2,train
XJOKTEONVKMBPL-NBFOKTCDSA-N,1,test
XJOKTEONVKMBPL-UHFFFAOYSA-N,2,train
XJOKTEONVKMBPL-WVQRXBFSSA-N,2,train
XKFREQBQWSPHAV-UHFFFAOYSA-N,1,test
XKJCXGCDYJCZFS-UHFFFAOYSA-N,1,test
XKKFXCKMPXLPKK-UHFFFAOYSA-N,3,train
XKOPPJJSUOIQCM-UHFFFAOYSA-N,1,test
XLVSJMJWAUTOHH-UHFFFAOYSA-N,3,train
XMABALKLBVDHMN-UHFFFAOYSA-N,1,test
XMCWOSWMDRNMEV-UHFFFAOYSA-N,1,test
XMIICGLXEFLORP-UHFFFAOYSA-N,1,test
XMKQIJRRQHWDGR-ORIPQNMZSA-N,1,test
XMRUHTURRZHFIZ-UHFFFAOYSA-N,2,train
XMYNTYLKGUHZIR-UHFFFAOYSA-N,2,train
XNFOYUVUCVPYHJ-UHFFFAOYSA-O,1,test
XOGBOCMKACZLKD-UHFFFAOYSA-N,1,test
XOGKUCCUYXLQCD-UHFFFAOYSA-N,3,train
XPEZPTDMSZUQAL-UHFFFAOYSA-N,1,test
XPJRKOPDDZHKQB-UHFFFAOYSA-N,3,train
XQBZGLNGUYDILV-UHFFFAOYSA-N,1,test
XRFAUWJPLYPREY-UHFFFAOYSA-N,2,train
XRHILUGZODPNTA-NECWGFRUSA-N,1,test
XRWWKTGWAYEHQQ-UHFFFAOYSA-N,1,test
XSDOUTCGNPXQDF-UHFFFAOYSA-N,3,train
XSEGOLCNHBMJAU-UHFFFAOYSA-O,1,test
XSIFHJVFGIDFTA-UHFFFAOYSA-N,1,test
XSRAKZVLHDSYCR-YWCZSCKXSA-N,3,train
XSUIFVDCVKFUQX-VAWYXSNFSA-O,2,train
XTHNESHEQKSPCM-UHFFFAOYSA-N,1,test
XTOHGLCGVPPIMS-UHFFFAOYSA-N,1,test
XTYHQGUFADGVIA-UHFFFAOYSA-N,1,test
XUCUYSNLGRYWHL-UHFFFAOYSA-N,1,test
XUDNHHKQLZSOOU-UHFFFAOYSA-N,1,test
XVIBJORNDLZYRS-UHFFFAOYSA-N,1,test
XVNKRRXASPPECQ-UHFFFAOYSA-N,2,train
XVRGYUKBPIGHFG-UHFFFAOYSA-N,1,test
XVVJYFGHYUGDNC-UHFFFAOYSA-O,1,test
XWDVGVZCDUPRMY-UHFFFAOYSA-N,1,test
XWHYLMWZWILHMT-GWQXNCQPSA-N,1,test
XWHYLMWZWILHMT-UHFFFAOYSA-N,2,train
XWILTRCLQISZDK-UHFFFAOYSA-N,3,train
XWNBLHIYRXEHPR-UHFFFAOYSA-N,2,train
XXFULCMNJCKZOU-UHFFFAOYSA-O,1,test
XXMSOWCJJWRKHL-UHFFFAOYSA-N,1,test
XXUHSYCMSYGREM-UHFFFAOYSA-N,1,test
XYBJWCKGZDRJOC-UHFFFAOYSA-N,1,test
XYGKCUFPPNMELX-UHFFFAOYSA-N,1,test
XYHRIOOWVZYHPW-UHFFFAOYSA-N,3,train
XYSHEKSGIOGNMC-DFKUXCBWSA-N,1,test
XZQCYWLQEZNNLW-UHFFFAOYSA-N,2,train
XZWPKRVTYLJQOV-UHFFFAOYSA-N,1,test
YAGBUEGHMZUAMB-UHFFFAOYSA-N,1,test
YAQNHPBYWUEFCO-UHFFFAOYSA-N,1,test
YAUOKBMIXBYWPY-UHFFFAOYSA-N,1,test
YAVSOJFGTXJEAZ-UHFFFAOYSA-N,1,test
YAWPADHEYVDXTE-UHFFFAOYSA-N,1,test
YAWRJEJWIOOMRI-UHFFFAOYSA-N,2,train
YCDNLBMUZPUINA-UHFFFAOYSA-N,11,train
YCGLFFGMIUZISY-WKRPIFTMSA-N,2,train
YCJCZVUHPAFTTR-UHFFFAOYSA-N,1,test
YCPRTONNBYYDNV-UHFFFAOYSA-N,1,test
YDPNZANIARUFGS-UHFFFAOYSA-N,1,test
YDQDLCRGBDSPDW-UHFFFAOYSA-N,1,test
YDXUFJPFHKAUJT-UHFFFAOYSA-N,1,test
YEDTVNQWFBUMMP-UHFFFAOYSA-N,1,test
YEHRIYGLOPUGQS-UHFFFAOYSA-N,1,test
YEYDWSYCQHCCII-UHFFFAOYSA-N,4,train
YFIKTVJZVZMIMY-UHFFFAOYSA-N,1,test
YFTZUNFODOMQOU-UHFFFAOYSA-N,1,test
YFWCPDCWRGTMLM-UHFFFAOYSA-N,1,test
YFWPUFIZWKLWFN-UHFFFAOYSA-N,1,test
YFXZWVUZIPQSKX-UHFFFAOYSA-N,1,test
YGCYIQMIIZWFDY-UHFFFAOYSA-N,1,test
YGDFHMALLNHJGR-YYDJUVGSSA-N,1,test
YGOWOKNKZNIBEE-UHFFFAOYSA-N,1,test
YGQKTDVOXJDMRV-UHFFFAOYSA-O,1,test
YHLZTNLQPDKTRV-UHFFFAOYSA-N,1,test
YHMQNOUAEWRSMB-UHFFFAOYSA-N,1,test
YHMUFBHKACLDAD-UHFFFAOYSA-N,1,test
YHUVAVMALJCTEP-UHFFFAOYSA-N,2,train
YHYRFYGZJRXSJH-UHFFFAOYSA-N,3,train
YIEHIIKZXHJHAT-UHFFFAOYSA-N,1,test
YIIKATLXAHKFIN-UHFFFAOYSA-N,3,train
YIKIGGAUPKBFKJ-UHFFFAOYSA-N,9,train
YIXQNFAAVIWCGK-UHFFFAOYSA-N,1,test
YIYWRZZBMJZQLB-UHFFFAOYSA-N,14,train
YJAFJAGEJWHHSY-UHFFFAOYSA-N,16,train
YJFDHGWJUUBSMM-UHFFFAOYSA-N,1,test
YJNLLZNHSDXDOD-UHFFFAOYSA-N,1,test
YKNKTKQTSHJVJU-UHFFFAOYSA-N,1,test
YKOSADJQCBRMRR-UHFFFAOYSA-N,13,train
YKYSVZHMNYROGP-UHFFFAOYSA-N,6,train
YLCVWWQFUWRBFQ-JLQXUIMWSA-N,9,train
YLNVOFZMXZZSPL-CVRLYYSRSA-N,1,test
YLQBMQCUIZJEEH-UHFFFAOYSA-N,3,train
YMJFBQQOSAAGSZ-UHFFFAOYSA-N,2,train
YMMQJFMCSBUCJB-UHFFFAOYSA-N,1,test
YMUQNRICCRNBQY-UHFFFAOYSA-N,1,test
YMUXVZVELJUUFO-UHFFFAOYSA-N,1,test
YNKWXURRTAXYIE-UHFFFAOYSA-N,2,train
YOOWQKHKSXRNQR-HMMYKYKNSA-N,1,test
YOTRKRSZYIWZER-ISLYRVAYSA-N,1,test
YOUGRKPDJMAREZ-UHFFFAOYSA-N,1,test
YPJPJVJYEPAABA-QKHZYRMWSA-N,2,train
YPLKVIAPANUJFD-UHFFFAOYSA-N,1,test
YPRKAIJELGGDDQ-FWJOYPJLSA-N,2,train
YPTPQJUCNLOPQW-DMLLMEQYSA-N,1,test
YQECNLHNFBWCNG-UHFFFAOYSA-N,10,train
YQFNHECEHPJPRC-UHFFFAOYSA-N,1,test
YRAAVIIWKQCLLK-UHFFFAOYSA-N,7,train
YREMZZRLGYQAJX-UHFFFAOYSA-N,1,test
YRJNNKXUTVFNRH-SOYKGTTHSA-N,1,test
YRSDKEGUOVVYAU-UHFFFAOYSA-N,1,test
YRTPZXMEBGTPLM-GXDHUFHOSA-N,1,test
YRTPZXMEBGTPLM-UVTDQMKNSA-N,1,test
YRUZEHRUHWMXBG-UHFFFAOYSA-N,1,test
YRWJEVUHKGNJHE-UHFFFAOYSA-N,1,test
YRYCIFUZSUMAAY-UHFFFAOYSA-N,4,train
YSLHGKKPVMONGE-UHFFFAOYSA-N,1,test
YSXBEGFTKYEHPG-UHFFFAOYSA-N,1,test
YSXQOWZLOAIQNW-UHFFFAOYSA-N,1,test
YSXYQGDIUVECGI-OMOCHNIRSA-N,1,test
YSXYQGDIUVECGI-UHFFFAOYSA-N,2,train
YSYWGTZUXIHOGJ-UHFFFAOYSA-N,1,test
YSYXTOCQZZJQPQ-YMDXCDBESA-N,1,test
YTFRNFJDILTQRO-UHFFFAOYSA-P,1,test
YTHUTSUOWVLSSH-UHFFFAOYSA-N,1,test
YTLQFZVCLXFFRK-UHFFFAOYSA-N,2,train
YTNDRRDLBRLSKQ-UHFFFAOYSA-N,1,test
YUTRBUWVLYXVFZ-UHFFFAOYSA-P,1,test
YVCOOKHGRIHQLP-UHFFFAOYSA-N,1,test
YVHQIZFBBDSLIB-LBPRGKRZSA-N,1,test
YVSGFEGOSAGMBU-UHFFFAOYSA-N,1,test
YWPGPDBCUWQOFS-OKZBNKHCSA-N,1,test
YXINUXBSKDTHDM-UHFFFAOYSA-N,2,train
YXTROGRGRSPWKL-UHFFFAOYSA-N,1,test
YXVJRNSHXRZMDO-UHFFFAOYSA-N,1,test
YYHRZDBSUJQRKI-FXAWDEMLSA-N,5,train
YYNNNHICPRTURU-UHFFFAOYSA-N,5,train
YYNRPDWLFAYZGE-UHFFFAOYSA-N,4,train
YYQJDQOYLBWLJL-POAOKBCDSA-N,3,train
YZDRSBRUONQQBH-UHFFFAOYSA-N,1,test
ZAUSWNSHRYNCTR-UHFFFAOYSA-N,2,train
ZBDSSKBPIJGPNI-UHFFFAOYSA-O,1,test
ZBJSUGDKPWWCDP-UHFFFAOYSA-N,2,train
ZBMVIVMHUGABFH-UHFFFAOYSA-N,2,train
ZBMYRGLRRRJDSK-UHFFFAOYSA-N,1,test
ZBRWAMUMBJESLJ-UHFFFAOYSA-N,1,test
ZBVHGRLWCKTLDV-UHFFFAOYSA-N,2,train
ZCCUUQDIBDJBTK-UHFFFAOYSA-N,1,test
ZCEGOFUHMHYYKP-ZDUSSCGKSA-N,1,test
ZCFTXFRNKQBBTE-UHFFFAOYSA-N,2,train
ZCFTXFRNKQBBTE-UHFFFAOYSA-P,1,test
ZCQVAGLFOBYHQJ-UHFFFAOYSA-N,1,test
ZCUGLCPNDXQRDS-UHFFFAOYSA-N,1,test
ZCUGLCPNDXQRDS-UHFFFAOYSA-O,1,test
ZDDBXKYJPCPAEW-DARPEHSRSA-N,1,test
ZDDQSNVWQNIFDW-UHFFFAOYSA-N,1,test
ZDIISGQXYRMQOL-FOCLMDBBSA-N,1,test
ZDRXODKITUOMRY-UHFFFAOYSA-N,1,test
ZDSAWBGHANWKJZ-UHFFFAOYSA-N,1,test
ZDTBBXCYGVOCRF-UHFFFAOYSA-N,1,test
ZDZXTUXDUMHCQE-UHFFFAOYSA-N,1,test
ZERKZBWFZJBWEF-UHFFFAOYSA-N,3,train
ZETZOOFGTLYZGU-UHFFFAOYSA-N,1,test
ZEVOVWBNRKGLDL-UHFFFAOYSA-N,1,test
ZEXKZNFDZZEDBE-UHFFFAOYSA-N,1,test
ZFHXEPZVGHEEOG-UHFFFAOYSA-N,1,test
ZFTBUERGLDNAPI-UHFFFAOYSA-N,1,test
ZGHYKEDJXGZSTQ-UHFFFAOYSA-N,2,train
ZGLHOBRLZGGTSA-UHFFFAOYSA-N,1,test
ZGNYWDUENAFLJX-SYYPJRJYSA-N,1,test
ZGQABPLJNQKODP-UHFFFAOYSA-N,3,train
ZHIZWWLUDBQEIU-UHFFFAOYSA-N,1,test
ZHMGJDLOIOQXOP-AVKWCDSFSA-N,1,test
ZHUSPZUMDMLPJJ-UHFFFAOYSA-N,1,test
ZHZIBLCALQIFDQ-UHFFFAOYSA-N,1,test
ZIABQGWWOHBVJI-UHFFFAOYSA-N,4,train
ZIDVXYDWJIVBSC-UHFFFAOYSA-N,3,train
ZIGYHMOSHMITBY-UHFFFAOYSA-N,4,train
ZIWCHHXALIIRHA-LWKPJOBUSA-N,1,test
ZIWCHHXALIIRHA-UHFFFAOYSA-N,1,test
ZIWHGGCFHGETOI-UHFFFAOYSA-N,8,train
ZJCILDCILOKWCX-UHFFFAOYSA-N,1,test
ZJEMMILNQUDGAY-UHFFFAOYSA-N,3,train
ZJVYZGDGAGPWGO-UHFFFAOYSA-N,1,test
ZKFLBEFBAFMKEE-LWAISHCWSA-N,1,test
ZKFPNRHTYYBOLG-UHFFFAOYSA-N,3,train
ZKLLFJOEYVRHQY-ZFWWWQNUSA-N,1,test
ZKQXQSZQKROBLG-HKWRFOASSA-N,1,test
ZLKPJIXUEUCDST-UYRXBGFRSA-N,11,train
ZMDDANKTRSYYRH-UHFFFAOYSA-N,1,test
ZMHJBQYKHSJECL-UHFFFAOYSA-N,2,train
ZMIVPHRLYCRQNU-UHFFFAOYSA-N,2,train
ZMOOFKQWPDBUEM-UHFFFAOYSA-N,2,train
ZNARRZNSRNXCPB-KHPPLWFESA-N,1,test
ZNARRZNSRNXCPB-ZHACJKMWSA-N,1,test
ZNWQSESOPIAXKB-UHFFFAOYSA-N,1,test
ZNXQRDGTQDUACI-UHFFFAOYSA-N,1,test
ZOGDQVJCRYCHIS-UHFFFAOYSA-N,1,test
ZONYXWQDUYMKFB-HNNXBMFYSA-N,2,train
ZONYXWQDUYMKFB-UHFFFAOYSA-N,1,test
ZOWPDLIMOJEBGU-FWABEYBWSA-N,1,test
ZPMXWGBWYLLQKG-LDADJPATSA-N,2,train
ZPOOXQHMBHARAH-UHFFFAOYSA-N,1,test
ZPZHFEMGZQOKFN-UHFFFAOYSA-N,2,train
ZQGLWKUQUXUBNW-UHFFFAOYSA-N,1,test
ZRCXWQRLXPFSFA-UHFFFAOYSA-P,1,test
ZRLMXVZVNJDFQC-UHFFFAOYSA-O,1,test
ZRQDTMBPMKTABL-UHFFFAOYSA-N,1,test
ZRVDIESZASJAED-UHFFFAOYSA-N,1,test
ZSHWOZAWKHAWKL-UHFFFAOYSA-N,1,test
ZSNXWIDURRQELM-UHFFFAOYSA-N,1,test
ZSQCGLVOAUBPOM-HLQWFMOUSA-N,1,test
ZSQVLBAJPVNTPW-UHFFFAOYSA-N,4,train
ZSTGNFQANZYYGW-NJNXFGOHSA-N,1,test
ZSUIZUSDLYSBLQ-UHFFFAOYSA-N,1,test
ZTEYFKCVKUXXFR-UHFFFAOYSA-N,1,test
ZTKRTTXZANSSPM-UHFFFAOYSA-N,1,test
ZTRNUWFOLAADDI-UHFFFAOYSA-N,1,test
ZTXYFBOPUZGDPH-UHFFFAOYSA-N,1,test
ZUBWDHXNBVPGFR-UHFFFAOYSA-N,1,test
ZUHROIGIDVUJBR-HNQUOIGGSA-N,1,test
ZUNZJKJIEFOIOH-UHFFFAOYSA-N,1,test
ZUPHSZUUVUZQJL-UHFFFAOYSA-N,5,train
ZVSKZLHKADLHSD-UHFFFAOYSA-N,1,test
ZVTYHQHLTNMVRA-UHFFFAOYSA-N,1,test
ZVWREYPHISEIQV-UHFFFAOYSA-N,1,test
ZWFDOEBDUQKTNF-UHFFFAOYSA-N,2,train
ZWZGJWMQIIMKKD-VNRATWPSSA-N,1,test
ZXAMHJQYPFXQDF-CAPFRKAQSA-N,1,test
ZXNYKJWIZZJZPB-UEJDYGPVSA-N,3,train
ZXTSTMWVWDUFAQ-UHFFFAOYSA-N,3,train
ZYGHJZDHTFUPRJ-UHFFFAOYSA-N,2,train
ZYHNNIQRWRFXDZ-UHFFFAOYSA-N,1,test
ZYNVCAFXAHFVII-UHFFFAOYSA-N,2,train
ZYPJYLDRGHUJBF-UHFFFAOYSA-N,1,test
ZZEMHDCXJZUSTL-UHFFFAOYSA-N,1,test
ZZMAZRAYKUEZFA-UHFFFAOYSA-N,2,train
ZZWIYXVNVZCOSL-UHFFFAOYSA-N,15,train
ZZYXEZHDTZEGCL-UHFFFAOYSA-N,2,train
__NO_SCAFFOLD__,5,train
