source_index,InChIkey,cleaned_smiles,warning,elements
1850,,,RDKit parse failed or cleaned SMILES is empty,
400,HJQWOPNMCWHTII-OIBOYYEISA-N,CNC(=O)Oc1ccc2c(c1)[C@]1(C)CC[N+](C)(C)C1N2C.COS(=O)(=O)[O-],Disconnected fragments remain after salt removal,
584,HZOTZTANVBDFOF-PBCQUBLHSA-N,CNC(=O)Oc1ccc2c(c1)[C@]1(C)CCN(C)[C@@H]1N2C.O=C(O)c1ccccc1O,Disconnected fragments remain after salt removal,
648,LZVMXWWPYZKCHX-LCOAMIHASA-N,CCCCCCNC(=O)Oc1ccc2c(c1)[C@]1(C)CCN(CCC)C1C2.Cc1ccc(C(=O)OC(C(=O)O)C(OC(=O)c2ccc(C)cc2)C(=O)O)cc1,Disconnected fragments remain after salt removal,
1477,OSZNNLWOYWAHSS-UHFFFAOYSA-M,CN(C)C(=O)Oc1cccc([N+](C)(C)C)c1.COS(=O)(=O)[O-],Disconnected fragments remain after salt removal,
1873,AIOPRUMQDAHASD-UHFFFAOYSA-N,O=C1C2=C(CCCC2)S(=O)(=O)N1c1ccncc1.[O-][Cl+3]([O-])([O-])O,Disconnected fragments remain after salt removal,
2556,OSZNNLWOYWAHSS-UHFFFAOYSA-M,CN(C)C(=O)Oc1cccc([N+](C)(C)C)c1.COS(=O)(=O)[O-],Disconnected fragments remain after salt removal,
2559,CQGHRZNZXOPOFO-UHFFFAOYSA-N,COS(=O)(=O)[O-].C[N+](C)(C)c1cccc(OC(=O)Nc2ccccc2)c1,Disconnected fragments remain after salt removal,
3446,OSZNNLWOYWAHSS-UHFFFAOYSA-M,CN(C)C(=O)Oc1cccc([N+](C)(C)C)c1.COS(=O)(=O)[O-],Disconnected fragments remain after salt removal,
3554,DZYGXSJGGFTJRZ-UHFFFAOYSA-L,COc1c(F)c[n+](CCC[n+]2cc(F)c(OC)c(F)c2)cc1F.O=S(=O)([O-])C(F)(F)F.O=S(=O)([O-])C(F)(F)F,Disconnected fragments remain after salt removal,
3555,JFDUQVSBGRJINQ-UHFFFAOYSA-M,COc1c(F)c[n+](C)cc1F.O=S(=O)([O-])C(F)(F)F,Disconnected fragments remain after salt removal,
3556,RCILLJWHFVCMFJ-UHFFFAOYSA-N,COc1cccc(C#N)[n+]1C.F[B-](F)(F)F,Disconnected fragments remain after salt removal,
3557,IXIUOPRQOBPZBE-UHFFFAOYSA-N,COc1ccc(C#N)c[n+]1C.F[B-](F)(F)F,Disconnected fragments remain after salt removal,
3558,NJWRPFBBVUCRJN-UHFFFAOYSA-N,COc1cc(C#N)cc[n+]1C.F[B-](F)(F)F,Disconnected fragments remain after salt removal,
3559,MVZRDWBAHPJFAX-UHFFFAOYSA-N,COc1ccc([N+](=O)[O-])c[n+]1C.F[B-](F)(F)F,Disconnected fragments remain after salt removal,
3560,NVKJIDUGEIZEPW-UHFFFAOYSA-N,COc1cccc(C(F)(F)F)[n+]1C.F[B-](F)(F)F,Disconnected fragments remain after salt removal,
3561,GOPOJUNHRUEADH-UHFFFAOYSA-N,COc1ccc(C(F)(F)F)c[n+]1C.F[B-](F)(F)F,Disconnected fragments remain after salt removal,
3562,XHTGCKJCACSSBM-UHFFFAOYSA-N,COc1ccc(F)c[n+]1C.F[B-](F)(F)F,Disconnected fragments remain after salt removal,
3564,KOHSSLUAOTXHJA-UHFFFAOYSA-N,COc1cccc[n+]1C.F[B-](F)(F)F,Disconnected fragments remain after salt removal,
3565,ZMKVQRBBDBSXEZ-UHFFFAOYSA-M,COc1c(F)c[n+](CCCCCOc2ccc3c(C)cc(=O)oc3c2)cc1F.O=S(=O)([O-])C(F)(F)F,Disconnected fragments remain after salt removal,
3566,XRUAEVWJKITXIG-UHFFFAOYSA-M,COc1c(F)c[n+](CCCCOc2ccc3c(C)cc(=O)oc3c2)cc1F.O=S(=O)([O-])C(F)(F)F,Disconnected fragments remain after salt removal,
3567,RMKGVUWQYULRKN-UHFFFAOYSA-M,COc1c(F)c[n+](CCCOc2ccc3c(C)cc(=O)oc3c2)cc1F.O=S(=O)([O-])C(F)(F)F,Disconnected fragments remain after salt removal,
3568,KOFNHFQRLFTDHJ-UHFFFAOYSA-M,COc1ccc(C(F)(F)F)c[n+]1CCCCCOc1ccc2c(C)cc(=O)oc2c1.O=S(=O)([O-])C(F)(F)F,Disconnected fragments remain after salt removal,
3569,FIRPLAXRQZWEEH-UHFFFAOYSA-M,COc1ccc(C(F)(F)F)c[n+]1CCCCOc1ccc2c(C)cc(=O)oc2c1.O=S(=O)([O-])C(F)(F)F,Disconnected fragments remain after salt removal,
3570,MJCLAGLRDDLAEC-UHFFFAOYSA-M,COc1ccc(C(F)(F)F)c[n+]1CCCOc1ccc2c(C)cc(=O)oc2c1.O=S(=O)([O-])C(F)(F)F,Disconnected fragments remain after salt removal,
3571,MWYNVORGIJQEOF-UHFFFAOYSA-L,COc1ccc(C(F)(F)F)c[n+]1CCCCC[n+]1cc(C(F)(F)F)ccc1OC.O=S(=O)([O-])C(F)(F)F.O=S(=O)([O-])C(F)(F)F,Disconnected fragments remain after salt removal,
3572,UFMWOXVORSENPN-UHFFFAOYSA-L,COc1ccc(C(F)(F)F)c[n+]1CCC[n+]1cc(C(F)(F)F)ccc1OC.O=S(=O)([O-])C(F)(F)F.O=S(=O)([O-])C(F)(F)F,Disconnected fragments remain after salt removal,
3574,WEAJDBKFZZKOML-UHFFFAOYSA-M,COc1cc2c(cc1OC)C(=O)C(CCCCCCCc1cccc(OC)[n+]1C)C2.O=S(=O)([O-])C(F)(F)F,Disconnected fragments remain after salt removal,
3575,UJVAAQLXSLBDKJ-UHFFFAOYSA-M,COc1cc2c(cc1OC)C(=O)C(CCCCCCc1cccc(OC)[n+]1C)C2.O=S(=O)([O-])C(F)(F)F,Disconnected fragments remain after salt removal,
3576,VBUYOKNRZXECHE-UHFFFAOYSA-M,COc1cc2c(cc1OC)C(=O)C(CCCCCc1cccc(OC)[n+]1C)C2.O=S(=O)([O-])C(F)(F)F,Disconnected fragments remain after salt removal,
3577,BSUMSWVFHNXTDM-UHFFFAOYSA-L,COc1cc2c(cc1OC)C[N+](C)(CCCCCCCc1cccc(OC)[n+]1C)CC2.O=S(=O)([O-])C(F)(F)F.O=S(=O)([O-])C(F)(F)F,Disconnected fragments remain after salt removal,
3578,NMTWMKMOKNHOOG-UHFFFAOYSA-L,COc1cc2c(cc1OC)C[N+](C)(CCCCCCc1cccc(OC)[n+]1C)CC2.O=S(=O)([O-])C(F)(F)F.O=S(=O)([O-])C(F)(F)F,Disconnected fragments remain after salt removal,
3579,DNIAPZKFQRYDIQ-UHFFFAOYSA-L,COc1cc2c(cc1OC)C[N+](C)(CCCCCc1cccc(OC)[n+]1C)CC2.O=S(=O)([O-])C(F)(F)F.O=S(=O)([O-])C(F)(F)F,Disconnected fragments remain after salt removal,
3580,WASMKRBLJDLFHW-UHFFFAOYSA-L,COc1cc2c(cc1OC)C[N+](C)(CCCCc1cccc(OC)[n+]1C)CC2.O=S(=O)([O-])C(F)(F)F.O=S(=O)([O-])C(F)(F)F,Disconnected fragments remain after salt removal,
3581,QFBURNNTMZXPOD-UHFFFAOYSA-L,COc1cccc(CCCCCCCCc2cccc(OC)[n+]2C)[n+]1C.O=S(=O)([O-])C(F)(F)F.O=S(=O)([O-])C(F)(F)F,Disconnected fragments remain after salt removal,
3582,QRYDRTQUSXTXJI-UHFFFAOYSA-L,COc1cccc(CCCCCCCc2cccc(OC)[n+]2C)[n+]1C.O=S(=O)([O-])C(F)(F)F.O=S(=O)([O-])C(F)(F)F,Disconnected fragments remain after salt removal,
3583,RHYDVDVFZJIWDU-UHFFFAOYSA-L,COc1cccc(CCCCCCc2cccc(OC)[n+]2C)[n+]1C.O=S(=O)([O-])C(F)(F)F.O=S(=O)([O-])C(F)(F)F,Disconnected fragments remain after salt removal,
3584,QTAZWBRNRWOAHK-UHFFFAOYSA-L,COc1cccc(CCCCCc2cccc(OC)[n+]2C)[n+]1C.O=S(=O)([O-])C(F)(F)F.O=S(=O)([O-])C(F)(F)F,Disconnected fragments remain after salt removal,
3585,JPPCLTDDFRWLJD-UHFFFAOYSA-L,COc1cccc(CCc2cccc(OC)[n+]2C)[n+]1C.O=S(=O)([O-])C(F)(F)F.O=S(=O)([O-])C(F)(F)F,Disconnected fragments remain after salt removal,
3586,DZYGXSJGGFTJRZ-UHFFFAOYSA-L,COc1c(F)c[n+](CCC[n+]2cc(F)c(OC)c(F)c2)cc1F.O=S(=O)([O-])C(F)(F)F.O=S(=O)([O-])C(F)(F)F,Disconnected fragments remain after salt removal,
3587,JFDUQVSBGRJINQ-UHFFFAOYSA-M,COc1c(F)c[n+](C)cc1F.O=S(=O)([O-])C(F)(F)F,Disconnected fragments remain after salt removal,
3588,RCILLJWHFVCMFJ-UHFFFAOYSA-N,COc1cccc(C#N)[n+]1C.F[B-](F)(F)F,Disconnected fragments remain after salt removal,
3589,IXIUOPRQOBPZBE-UHFFFAOYSA-N,COc1ccc(C#N)c[n+]1C.F[B-](F)(F)F,Disconnected fragments remain after salt removal,
3590,NJWRPFBBVUCRJN-UHFFFAOYSA-N,COc1cc(C#N)cc[n+]1C.F[B-](F)(F)F,Disconnected fragments remain after salt removal,
3591,MVZRDWBAHPJFAX-UHFFFAOYSA-N,COc1ccc([N+](=O)[O-])c[n+]1C.F[B-](F)(F)F,Disconnected fragments remain after salt removal,
3592,NVKJIDUGEIZEPW-UHFFFAOYSA-N,COc1cccc(C(F)(F)F)[n+]1C.F[B-](F)(F)F,Disconnected fragments remain after salt removal,
3593,GOPOJUNHRUEADH-UHFFFAOYSA-N,COc1ccc(C(F)(F)F)c[n+]1C.F[B-](F)(F)F,Disconnected fragments remain after salt removal,
3594,XHTGCKJCACSSBM-UHFFFAOYSA-N,COc1ccc(F)c[n+]1C.F[B-](F)(F)F,Disconnected fragments remain after salt removal,
3595,DYNNAWSJUCTGKF-UHFFFAOYSA-N,COc1c(F)ccc[n+]1C.F[B-](F)(F)F,Disconnected fragments remain after salt removal,
3596,KOHSSLUAOTXHJA-UHFFFAOYSA-N,COc1cccc[n+]1C.F[B-](F)(F)F,Disconnected fragments remain after salt removal,
3597,ZMKVQRBBDBSXEZ-UHFFFAOYSA-M,COc1c(F)c[n+](CCCCCOc2ccc3c(C)cc(=O)oc3c2)cc1F.O=S(=O)([O-])C(F)(F)F,Disconnected fragments remain after salt removal,
3598,XRUAEVWJKITXIG-UHFFFAOYSA-M,COc1c(F)c[n+](CCCCOc2ccc3c(C)cc(=O)oc3c2)cc1F.O=S(=O)([O-])C(F)(F)F,Disconnected fragments remain after salt removal,
3599,RMKGVUWQYULRKN-UHFFFAOYSA-M,COc1c(F)c[n+](CCCOc2ccc3c(C)cc(=O)oc3c2)cc1F.O=S(=O)([O-])C(F)(F)F,Disconnected fragments remain after salt removal,
3600,KOFNHFQRLFTDHJ-UHFFFAOYSA-M,COc1ccc(C(F)(F)F)c[n+]1CCCCCOc1ccc2c(C)cc(=O)oc2c1.O=S(=O)([O-])C(F)(F)F,Disconnected fragments remain after salt removal,
3601,FIRPLAXRQZWEEH-UHFFFAOYSA-M,COc1ccc(C(F)(F)F)c[n+]1CCCCOc1ccc2c(C)cc(=O)oc2c1.O=S(=O)([O-])C(F)(F)F,Disconnected fragments remain after salt removal,
3602,MJCLAGLRDDLAEC-UHFFFAOYSA-M,COc1ccc(C(F)(F)F)c[n+]1CCCOc1ccc2c(C)cc(=O)oc2c1.O=S(=O)([O-])C(F)(F)F,Disconnected fragments remain after salt removal,
3603,MWYNVORGIJQEOF-UHFFFAOYSA-L,COc1ccc(C(F)(F)F)c[n+]1CCCCC[n+]1cc(C(F)(F)F)ccc1OC.O=S(=O)([O-])C(F)(F)F.O=S(=O)([O-])C(F)(F)F,Disconnected fragments remain after salt removal,
3604,UFMWOXVORSENPN-UHFFFAOYSA-L,COc1ccc(C(F)(F)F)c[n+]1CCC[n+]1cc(C(F)(F)F)ccc1OC.O=S(=O)([O-])C(F)(F)F.O=S(=O)([O-])C(F)(F)F,Disconnected fragments remain after salt removal,
3605,JSAZPCMIHLNCTG-UHFFFAOYSA-M,COc1ccc(C(F)(F)F)c[n+]1CCCCCO.O=S(=O)([O-])C(F)(F)F,Disconnected fragments remain after salt removal,
3606,WEAJDBKFZZKOML-UHFFFAOYSA-M,COc1cc2c(cc1OC)C(=O)C(CCCCCCCc1cccc(OC)[n+]1C)C2.O=S(=O)([O-])C(F)(F)F,Disconnected fragments remain after salt removal,
3607,UJVAAQLXSLBDKJ-UHFFFAOYSA-M,COc1cc2c(cc1OC)C(=O)C(CCCCCCc1cccc(OC)[n+]1C)C2.O=S(=O)([O-])C(F)(F)F,Disconnected fragments remain after salt removal,
3608,VBUYOKNRZXECHE-UHFFFAOYSA-M,COc1cc2c(cc1OC)C(=O)C(CCCCCc1cccc(OC)[n+]1C)C2.O=S(=O)([O-])C(F)(F)F,Disconnected fragments remain after salt removal,
3609,BSUMSWVFHNXTDM-UHFFFAOYSA-L,COc1cc2c(cc1OC)C[N+](C)(CCCCCCCc1cccc(OC)[n+]1C)CC2.O=S(=O)([O-])C(F)(F)F.O=S(=O)([O-])C(F)(F)F,Disconnected fragments remain after salt removal,
3610,NMTWMKMOKNHOOG-UHFFFAOYSA-L,COc1cc2c(cc1OC)C[N+](C)(CCCCCCc1cccc(OC)[n+]1C)CC2.O=S(=O)([O-])C(F)(F)F.O=S(=O)([O-])C(F)(F)F,Disconnected fragments remain after salt removal,
3611,DNIAPZKFQRYDIQ-UHFFFAOYSA-L,COc1cc2c(cc1OC)C[N+](C)(CCCCCc1cccc(OC)[n+]1C)CC2.O=S(=O)([O-])C(F)(F)F.O=S(=O)([O-])C(F)(F)F,Disconnected fragments remain after salt removal,
3612,WASMKRBLJDLFHW-UHFFFAOYSA-L,COc1cc2c(cc1OC)C[N+](C)(CCCCc1cccc(OC)[n+]1C)CC2.O=S(=O)([O-])C(F)(F)F.O=S(=O)([O-])C(F)(F)F,Disconnected fragments remain after salt removal,
3613,QFBURNNTMZXPOD-UHFFFAOYSA-L,COc1cccc(CCCCCCCCc2cccc(OC)[n+]2C)[n+]1C.O=S(=O)([O-])C(F)(F)F.O=S(=O)([O-])C(F)(F)F,Disconnected fragments remain after salt removal,
3614,QRYDRTQUSXTXJI-UHFFFAOYSA-L,COc1cccc(CCCCCCCc2cccc(OC)[n+]2C)[n+]1C.O=S(=O)([O-])C(F)(F)F.O=S(=O)([O-])C(F)(F)F,Disconnected fragments remain after salt removal,
3615,RHYDVDVFZJIWDU-UHFFFAOYSA-L,COc1cccc(CCCCCCc2cccc(OC)[n+]2C)[n+]1C.O=S(=O)([O-])C(F)(F)F.O=S(=O)([O-])C(F)(F)F,Disconnected fragments remain after salt removal,
3616,QTAZWBRNRWOAHK-UHFFFAOYSA-L,COc1cccc(CCCCCc2cccc(OC)[n+]2C)[n+]1C.O=S(=O)([O-])C(F)(F)F.O=S(=O)([O-])C(F)(F)F,Disconnected fragments remain after salt removal,
3617,JPPCLTDDFRWLJD-UHFFFAOYSA-L,COc1cccc(CCc2cccc(OC)[n+]2C)[n+]1C.O=S(=O)([O-])C(F)(F)F.O=S(=O)([O-])C(F)(F)F,Disconnected fragments remain after salt removal,
5214,QJIQQDHJZNJCAK-UHFFFAOYSA-N,C[n+]1c2ccccc2c(-c2ccccc2)c2ccccc21.F[B-](F)(F)F,Disconnected fragments remain after salt removal,
5215,GEPQXJSCQZRDPR-UHFFFAOYSA-N,Cc1ccc(-c2c3ccccc3[n+](C)c3ccccc23)cc1.F[B-](F)(F)F,Disconnected fragments remain after salt removal,
5216,VDDAQULAKJCUMT-UHFFFAOYSA-O,C[n+]1c2ccccc2c(-c2ccc(N)cc2)c2ccccc21.F[B-](F)(F)F,Disconnected fragments remain after salt removal,
5217,LJYRFWOVKRFWDT-UHFFFAOYSA-N,CCN(CC)c1ccc(-c2c3ccccc3[n+](C)c3ccccc23)cc1.F[B-](F)(F)F,Disconnected fragments remain after salt removal,
5218,NBFTUVPRELWPTN-UHFFFAOYSA-O,C[n+]1c2ccccc2c(-c2ccc(NC(=O)C(F)(F)F)cc2)c2ccccc21.F[B-](F)(F)F,Disconnected fragments remain after salt removal,
5219,LVPQLHGFEFJVIY-UHFFFAOYSA-O,CC(=O)Nc1ccc(-c2c3ccccc3[n+](C)c3ccccc23)cc1.F[B-](F)(F)F,Disconnected fragments remain after salt removal,
5220,ARPIRDNTBBMMOV-UHFFFAOYSA-N,C[n+]1c2ccccc2c(-c2ccc(F)cc2)c2ccccc21.F[B-](F)(F)F,Disconnected fragments remain after salt removal,
5221,BCLZKIRWDWQUPF-UHFFFAOYSA-N,COc1ccc(-c2c3ccccc3[n+](C)c3ccccc23)cc1.F[B-](F)(F)F,Disconnected fragments remain after salt removal,
5222,YORKUFKQURBMSZ-UHFFFAOYSA-O,C[n+]1c2ccccc2c(-c2cc(C(C)(C)C)cc(C(C)(C)C)c2O)c2ccccc21.F[B-](F)(F)F,Disconnected fragments remain after salt removal,
5223,BAGSXLUDVYKVIC-UHFFFAOYSA-O,Cc1cc(-c2c3ccccc3[n+](C)c3ccccc23)cc(C)c1O.F[B-](F)(F)F,Disconnected fragments remain after salt removal,
5224,INWDKRFVPRXIOW-UHFFFAOYSA-N,Cc1cc(-c2c3ccccc3[n+](C)c3ccccc23)cc(C)c1C.F[B-](F)(F)F,Disconnected fragments remain after salt removal,
5225,IIUWPXLRLXWQNY-UHFFFAOYSA-O,C[n+]1c2ccccc2c(-c2c(O)ccc3ccccc23)c2ccccc21.F[B-](F)(F)F,Disconnected fragments remain after salt removal,
5226,ZAFVQDWBFZDZMN-UHFFFAOYSA-N,C[n+]1c2ccccc2c(-c2cccs2)c2ccccc21.F[B-](F)(F)F,Disconnected fragments remain after salt removal,
5233,OKRHHXVOEYSUHF-UHFFFAOYSA-O,C[n+]1c2ccccc2c(N)c2ccccc21.F[B-](F)(F)F,Disconnected fragments remain after salt removal,
5234,BKTZBFNYKWRXJS-UHFFFAOYSA-O,CCCCNc1c2ccccc2[n+](C)c2ccccc12.F[B-](F)(F)F,Disconnected fragments remain after salt removal,
5395,IURNUQXLRLZNBM-YLAFAASESA-N,CNC(=O)Oc1ccc2c(c1)[C@]1(C)CCN[C@@H]1N2.O=C(O)c1ccccc1O,Disconnected fragments remain after salt removal,
5397,IURNUQXLRLZNBM-YLAFAASESA-N,CNC(=O)Oc1ccc2c(c1)[C@]1(C)CCN[C@@H]1N2.O=C(O)c1ccccc1O,Disconnected fragments remain after salt removal,
5515,QVTLTOVJHONAJB-UHFFFAOYSA-N,CN(C)C(=O)Oc1cccc2c1cc(C(=O)NCCOCCO)c[n+]2C.COS(=O)(=O)[O-],Disconnected fragments remain after salt removal,
5517,LFGCRRHRHMMUPN-UHFFFAOYSA-N,CN(C)C(=O)Oc1cccc2c1cc(C(=O)NCCOCCOCCN1C(=O)c3ccccc3C1=O)c[n+]2C.O=S(=O)([O-])C(F)(F)F,Disconnected fragments remain after salt removal,
7517,ZSFKPACEHFMZRW-JCDSVUNTSA-N,CCN1/C(=C/C(C)=O)Sc2ccc(OC(=O)OCCOCCNC(=O)c3cc4c(OC(=O)N(C)C)cccc4[n+](C)c3)cc21.COS(=O)(=O)[O-],Disconnected fragments remain after salt removal,
