scope,original_standard_units,records,percent,standard_value_min,standard_value_max,standard_value_median,supported_by_current_code
raw retrieval snapshot,nM,8702,98.96508586375526,0.0,163681652.14,1535.0,True
raw retrieval snapshot,ug.mL-1,83,0.94393267371773,0.008,101480.0,10.0,False
raw retrieval snapshot,10'3pM,1,0.011372682815876264,3.46,3.46,3.46,True
raw retrieval snapshot,10'6pM,2,0.02274536563175253,1.32,1.36,1.34,True
raw retrieval snapshot,10'5pM,3,0.03411804844762879,7.91,9.26,9.14,True
raw retrieval snapshot,10^-4microM,2,0.02274536563175253,3.38,6.16,4.77,False
pre-normalization after duplicate flag removal,nM,7179,99.04801324503312,0.01095,100000.0,1420.0,True
pre-normalization after duplicate flag removal,ug.mL-1,61,0.8416114790286976,0.008,50.0,1.97,False
pre-normalization after duplicate flag removal,10'3pM,1,0.01379690949227373,3.46,3.46,3.46,True
pre-normalization after duplicate flag removal,10'6pM,2,0.02759381898454746,1.32,1.36,1.34,True
pre-normalization after duplicate flag removal,10'5pM,3,0.041390728476821195,7.91,9.26,9.14,True
pre-normalization after duplicate flag removal,10^-4microM,2,0.02759381898454746,3.38,6.16,4.77,False
