source_index,actual,predicted,residual
1484,6.88606,6.091720721062972,0.794339278937028
3113,8.38616,6.595398912609101,1.7907610873908997
45,6.03152,6.7100613726707845,-0.6785413726707841
686,5.96257,6.879798729827692,-0.9172287298276913
2931,5.89963,5.953558650341344,-0.05392865034134342
4105,6.0655,6.066561299301012,-0.001061299301011509
1778,5.211255,6.420823830600139,-1.2095688306001389
3362,5.04096,6.164667213750584,-1.123707213750584
1447,6.52288,6.520313126830195,0.002566873169804751
3076,5.18709,6.314984636327408,-1.1278946363274072
4373,7.4437,6.055209321014084,1.3884906789859155
1538,5.1607,6.28034663381598,-1.1196466338159796
500,6.16115,6.388075314692997,-0.2269253146929966
892,5.55752,6.157508910118886,-0.5999889101188858
2710,6.1549,5.789297018987449,0.3656029810125503
2955,8.90309,7.649238529385653,1.2538514706143475
1603,6.92445,7.146300872503802,-0.22185087250380153
1455,7.69897,7.019981757146509,0.6789882428534915
252,6.67778,7.616007620613175,-0.9382276206131746
1936,6.36552,8.131010468833157,-1.765490468833157
3932,6.28316,7.107289971990098,-0.8241299719900983
3158,9.13668,8.552397816060445,0.5842821839395551
4119,5.48945,6.103359571455792,-0.6139095714557925
1156,7.19382,7.014433584563214,0.17938641543678546
728,5.99443,6.116641211482001,-0.12221121148200087
4374,7.173394999999999,6.8715674806050995,0.3018275193948998
3986,7.4437,6.8715674806050995,0.5721325193949003
3987,7.49485,6.8715674806050995,0.6232825193949001
2686,5.45967,6.483385868820556,-1.023715868820556
1568,5.04576,5.977139691234186,-0.9313796912341861
4233,5.94006,5.972933204202378,-0.03287320420237805
3784,6.19382,6.496680249824204,-0.3028602498242039
1850,5.01323,5.988308037092869,-0.9750780370928691
2169,6.04096,6.063277897478778,-0.02231789747877766
663,5.72816,6.502146461298974,-0.773986461298974
4484,6.36653,6.262073155270067,0.104456844729933
2817,5.07572,6.169045513585581,-1.0933255135855813
1189,6.09691,6.879428801735576,-0.7825188017355753
3859,7.45643,6.143295083888159,1.3131349161118413
747,8.24795,7.6334188210142795,0.61453117898572
1762,5.13668,5.859315281660356,-0.7226352816603558
4436,5.31158,6.172225252591597,-0.8606452525915964
1807,8.3279,7.0009812673721585,1.326918732627841
1976,8.17393,7.631791061593873,0.5421389384061275
978,6.17783,7.06870198943266,-0.89087198943266
419,5.42022,5.7399932798348905,-0.3197732798348909
1339,5.17393,6.310170906306225,-1.1362409063062247
3561,5.29243,5.833112797509745,-0.5406827975097448
1186,5.79588,6.6526919115118766,-0.8568119115118762
185,6.65758,6.5652742902949175,0.09230570970508278
1333,6.05061,6.09725907662568,-0.04664907662568041
3361,5.16749,6.070588835230811,-0.9030988352308107
3046,8.85387,8.501735409502025,0.35213459049797535
159,5.0,5.908484800125695,-0.9084848001256951
3707,8.04576,7.26047762433369,0.7852823756663092
3489,6.56067,7.206140665243877,-0.6454706652438773
1451,7.09691,6.963593828470847,0.13331617152915332
742,6.86967,7.173946069805539,-0.3042760698055389
1202,8.55284,7.540715356611533,1.012124643388467
1337,5.5376,6.292586235035561,-0.7549862350355605
4250,8.4828,6.886838763846761,1.5959612361532383
2313,9.0655,7.6307729771040895,1.4347270228959106
1601,6.18709,6.07478201200152,0.11230798799848074
4247,7.25964,6.201773516645224,1.0578664833547764
188,9.08619,6.900419390649155,2.185770609350845
412,7.030094999999999,6.632180674570524,0.39791432542947547
3128,6.4,7.44909753844654,-1.0490975384465395
140,6.4437,6.117193571942546,0.32650642805745367
1984,5.17393,5.880837543134216,-0.706907543134216
1567,5.73283,6.519418425502262,-0.7865884255022619
1848,5.08619,5.873833020179584,-0.7876430201795834
1939,5.819455,6.1595497076228565,-0.3400947076228569
1875,5.30103,6.343482453437038,-1.042452453437038
3721,8.76955,6.266656487047113,2.5028935129528875
1947,6.697985,6.203017547875043,0.49496745212495696
4359,5.12321,6.551851976415814,-1.4286419764158138
3070,6.14509,6.920579481276007,-0.7754894812760069
4171,5.70333,5.833851814458107,-0.13052181445810707
1182,7.88606,7.237632492794157,0.6484275072058425
2168,5.00087,6.161647985562595,-1.1607779855625955
191,8.52288,6.510400729936239,2.0124792700637615
2151,6.16115,6.132027279063512,0.029122720936488378
2821,7.52288,6.7847028787748735,0.7381771212251262
3913,6.99482,6.555435111169826,0.43938488883017346
1442,7.30103,7.010286884988798,0.2907431150112023
615,6.44,6.2093186374292895,0.23068136257071092
3344,5.24872,6.036905200004344,-0.7881852000043441
3724,8.59007,8.096557551567402,0.49351244843259856
649,8.34679,7.033598128712867,1.3131918712871338
278,6.69001,6.4632923621837355,0.22671763781626453
282,7.11003,6.885101488089641,0.22492851191035879
955,6.26761,6.21806897397045,0.04954102602955057
2727,6.0,5.865086753540921,0.13491324645907898
1934,7.13966,8.160294333401817,-1.0206343334018166
503,5.88606,6.4931252823281005,-0.6070652823281009
3951,7.0,6.171514638669645,0.8284853613303547
4003,7.5376,6.590958784287,0.946641215713
3708,5.85574,6.80865140769334,-0.9529114076933398
1784,6.319135,6.391040619362243,-0.07190561936224249
1523,6.50864,8.213626977007355,-1.704986977007355
4123,7.95468,7.857644096038684,0.09703590396131556
1982,5.07058,5.867313559267889,-0.7967335592678895
3818,5.41794,6.176580685688327,-0.7586406856883272
1817,6.09691,6.822542243819823,-0.725632243819823
3924,7.23657,6.60203228213185,0.6345377178681506
2474,6.15366,6.591731195970709,-0.43807119597070887
2013,6.48812,7.075857657324595,-0.5877376573245945
1408,5.4318,6.796734627584616,-1.3649346275846161
3476,8.35556,7.633700389556831,0.7218596104431692
1548,5.8716,6.390895355131983,-0.519295355131983
1276,7.6073,7.136450047562912,0.4708499524370886
4511,8.20066,6.6161496753615125,1.5845103246384866
669,5.46725,7.171692923995014,-1.704442923995014
2469,6.59346,6.343318789056859,0.25014121094314135
1471,6.25964,6.32452633186798,-0.06488633186797976
3991,9.30103,6.085848515371494,3.2151814846285065
1964,7.84771,7.8560782950049965,-0.008368295004996362
2048,7.66555,8.50643152071854,-0.8408815207185398
2088,5.98716,6.309611034941759,-0.32245103494175886
112,7.49485,6.884837848553985,0.6100121514460142
3576,5.63676,6.150650868650095,-0.5138908686500949
2479,5.22257,5.845767001591039,-0.6231970015910386
2542,5.0,6.000575099231436,-1.000575099231436
2592,5.20691,5.555101473430399,-0.3481914734303997
1405,6.1549,6.68527886775618,-0.5303788677561805
2834,5.86646,6.291920706004079,-0.42546070600407937
3999,5.72125,6.239094729667266,-0.5178447296672655
1461,5.00877,6.056110478809719,-1.0473404788097191
3069,7.02687,7.1306721921182055,-0.10380219211820574
2709,6.52288,5.911517990845177,0.6113620091548224
845,5.89,6.314705334231832,-0.4247053342318319
1946,6.664775,6.263784011053643,0.400990988946357
1715,7.92082,6.435495214670673,1.4853247853293272
3917,6.60206,6.425138451786902,0.17692154821309813
2144,6.30715,6.197273404861032,0.10987659513896819
2319,6.65365,6.657051753206647,-0.0034017532066474843
889,6.48545,6.113687451443806,0.37176254855619373
822,6.84164,7.005793557480462,-0.16415355748046245
2606,5.17457,6.21518427859434,-1.0406142785943402
1005,6.79588,6.977804665728855,-0.18192466572885468
3723,8.61979,7.942771285440943,0.6770187145590567
3029,5.86012,6.15571006978731,-0.29559006978730995
654,7.26761,6.661064689863714,0.6065453101362861
1709,5.85,5.647808206307038,0.20219179369296203
3960,6.72125,6.427975788577727,0.2932742114222737
23,5.34679,6.470547766804911,-1.1237577668049106
37,7.39794,6.796197543827861,0.601742456172139
4093,5.93554,5.800539655184694,0.13500034481530587
1338,5.38722,6.041769614421756,-0.6545496144217555
4151,5.05502,6.333171206301182,-1.2781512063011817
4005,6.52288,6.34064703630204,0.1822329636979596
561,6.3279,6.151783789294553,0.17611621070544636
517,5.4023,6.312834024042168,-0.9105340240421675
2702,5.11805,5.996257224306015,-0.8782072243060144
1168,5.52288,6.605861708345593,-1.082981708345593
1414,7.59998,7.0673162768861575,0.5326637231138429
882,9.0,6.24585821963475,2.7541417803652504
1475,7.61979,6.3940760228395135,1.2257139771604866
50,6.42022,6.725824238797313,-0.30560423879731324
1562,6.56067,6.266578774205724,0.2940912257942756
2773,6.11976,6.057464549786061,0.062295450213939674
4162,5.55596,5.9894235363537405,-0.4334635363537407
2655,5.41794,5.951391738704914,-0.5334517387049145
3474,8.53165,7.994614720938038,0.5370352790619632
2589,6.14874,5.558573545671615,0.5901664543283847
4570,8.58336,8.010465997271796,0.572894002728205
4149,5.75696,6.480793861847999,-0.7238338618479991
2950,8.70006,7.249058443055401,1.4510015569445995
1107,6.06905,6.914846754245963,-0.8457967542459635
1130,8.09691,6.726665826867842,1.370244173132157
1459,5.25964,5.899218445257734,-0.639578445257734
3725,8.6216,7.976613878947275,0.6449861210527255
2468,8.15989,6.904353380360431,1.25553661963957
838,7.37161,6.7180105465943525,0.653599453405648
568,6.74473,6.140448925380301,0.6042810746196983
502,7.60206,6.834813601265213,0.7672463987347866
3952,7.82391,6.392091342893447,1.431818657106553
873,8.73755,7.833215057964214,0.9043349420357867
3309,5.65189,6.271856371612844,-0.6199663716128443
3480,7.30103,6.212683915308244,1.0883460846917563
3481,7.92082,6.212683915308244,1.7081360846917564
560,6.21467,6.145284969017138,0.06938503098286208
55,5.14,6.131186018471291,-0.9911860184712911
1877,5.04096,6.378879747712208,-1.337919747712208
2465,7.05502,7.092868332462421,-0.037848332462421475
1933,6.7167,8.146932095727854,-1.4302320957278534
1494,6.20901,6.245482544114989,-0.03647254411498846
1874,5.65758,6.594586865260452,-0.937006865260452
4101,5.44977,5.633333955875887,-0.18356395587588725
1561,6.72125,6.217288124661993,0.5039618753380077
1983,6.04576,5.989839916488812,0.05592008351118771
3077,7.85387,6.996777101769918,0.8570928982300821
3420,9.03152,6.555428715344342,2.4760912846556584
4562,6.94692,6.131645113838336,0.8152748861616645
749,7.76955,7.431124125372874,0.33842587462712537
839,6.91009,7.388315435317304,-0.4782254353173041
3816,6.46852,6.242020085107309,0.22649991489269095
333,7.55284,6.728060636278738,0.8247793637212615
4057,5.52288,5.755068510663765,-0.23218851066376534
2991,5.33724,5.900520338095808,-0.5632803380958071
4561,6.17522,7.181837175761189,-1.006617175761189
2304,5.16115,5.97586207800229,-0.8147120780022901
2493,7.52288,6.236721346452033,1.2861586535479672
1266,7.42022,7.860377043772286,-0.44015704377228637
352,6.92082,6.863990022857448,0.056829977142552224
1745,5.78781,6.337639946316626,-0.5498299463166259
3471,8.36151,7.988515310310312,0.37299468968968874
994,7.12494,6.407648695242133,0.7172913047578664
507,6.85699,7.044213694067949,-0.18722369406794925
957,8.59007,8.531749516109658,0.058320483890343056
1798,6.98716,6.4778412343058065,0.5093187656941938
1525,6.34199,6.798658072213218,-0.45666807221321815
952,7.14874,6.416336321534081,0.7324036784659187
1460,5.05552,6.159078472630015,-1.1035584726300156
39,7.02228,6.434338407650162,0.5879415923498383
3359,6.08092,5.919348329131971,0.16157167086802904
3712,8.40894,6.664064861825148,1.7448751381748515
1799,6.63639,6.483695488479026,0.15269451152097346
3124,8.10002,7.638466139840607,0.4615538601593938
4188,5.71287,6.219001838518163,-0.5061318385181632
1876,5.04576,6.1663986759553575,-1.120638675955358
1335,5.60206,6.301130345184629,-0.6990703451846292
3502,8.20551,8.28279873145904,-0.07728873145904025
652,7.04576,6.597045121220346,0.4487148787796533
2314,8.59176,7.557420194959166,1.034339805040835
1960,8.63827,6.384269453285653,2.254000546714347
3897,6.28316,6.154440400234159,0.1287195997658408
4092,6.26922,6.026990270548567,0.24222972945143262
3562,5.49485,5.8351612360560745,-0.34031123605607494
1187,7.63827,7.351336730854868,0.2869332691451323
1396,8.30103,6.992333337644135,1.3086966623558656
384,5.0,6.393315992418879,-1.393315992418879
1524,6.58838,8.279185264643852,-1.6908052646438518
3997,5.52288,5.968384376892807,-0.4455043768928073
1417,8.01002,7.319905989366326,0.6901140106336747
2205,6.292,5.735167891238398,0.5568321087616015
2454,6.40894,7.13650312591671,-0.7275631259167099
2957,9.36653,7.600941611681386,1.765588388318613
1332,6.20761,6.073283693697004,0.13432630630299602
780,8.47945,6.774958866850799,1.704491133149201
1620,7.28651,7.152210580246476,0.13429941975352389
3842,6.84771,6.094045565652501,0.753664434347499
2492,5.29243,6.1066588254725405,-0.81422882547254
3862,6.30103,6.584630880715599,-0.28360088071559897
3493,7.95861,8.246781836045793,-0.2881718360457928
1849,5.17393,6.039645833278623,-0.8657158332786228
4435,5.51713,6.566560501816021,-1.0494305018160208
250,7.5817,7.266763329784126,0.31493667021587335
4538,5.23582,5.9238478821470135,-0.6880278821470132
3926,9.284,6.232842035837179,3.0511579641628215
83,6.79588,6.061541694556052,0.7343383054439485
1744,5.75449,6.1415229106595515,-0.3870329106595518
314,8.4437,7.724436541524962,0.7192634584750381
2090,6.56864,6.099969894826253,0.4686701051737474
2147,5.98422,6.274497463175451,-0.29027746317545144
1270,5.45593,5.868003654565097,-0.4120736545650967
3555,5.13668,6.042760175092996,-0.9060801750929954
3954,7.33724,6.385026128997733,0.9522138710022672
577,6.5376,6.192238865632717,0.3453611343672831
3486,5.67366,5.76084221553682,-0.08718221553681982
2142,6.18111,6.254771250801148,-0.07366125080114738
290,5.74,6.652704365646998,-0.9127043656469978
4291,7.02687,6.524371896737928,0.5024981032620719
3080,5.79588,6.514543201741092,-0.7186632017410917
732,7.67778,6.375984382191796,1.301795617808204
2049,8.16115,8.470094542754845,-0.30894454275484584
1808,7.76955,7.006330320358191,0.7632196796418089
4323,5.32883,6.035104759884843,-0.7062747598848427
1546,5.33287,6.0307764564173985,-0.6979064564173987
3103,8.72125,8.465613323074576,0.25563667692542325
2363,7.17393,6.491503489536891,0.6824265104631095
2217,6.44733,7.218722895289643,-0.7713928952896429
729,5.87234,6.107121150215479,-0.23478115021547907
173,6.740745,6.620591594667892,0.1201534053321085
4154,5.48149,6.253420243354309,-0.7719302433543094
1321,6.74473,7.76220445310217,-1.01747445310217
3896,5.19511,6.441249275086125,-1.2461392750861258
42,6.55284,6.380705480996418,0.17213451900358212
3791,7.16749,6.300375225625885,0.867114774374115
3820,5.76955,6.099787174022665,-0.33023717402266506
1281,6.9393,7.704524611813727,-0.7652246118137267
1563,9.62709,6.250002050435386,3.377087949564615
3151,9.09691,7.5610970137438835,1.5358129862561158
2065,5.07572,6.301668268359458,-1.225948268359458
3683,5.06048,5.843555811342273,-0.7830758113422727
369,5.58503,6.282832327624068,-0.6978023276240686
3345,6.09151,6.276611253018722,-0.18510125301872193
1292,8.31876,7.577457578201496,0.7413024217985029
1550,6.39794,6.12453923995831,0.27340076004169056
3115,5.82391,5.939971404280411,-0.11606140428041112
2666,7.22185,7.213587506142034,0.008262493857966291
2994,5.47991,6.045606243549689,-0.5656962435496888
950,6.80134,6.6156541974411365,0.18568580255886324
2450,5.07988,5.911327418048031,-0.8314474180480307
1783,6.77258,6.41136976976468,0.3612102302353195
4481,8.33255,6.096065381800793,2.2364846181992064
2767,5.05306,6.03446340051255,-0.9814034005125496
3125,7.70006,7.633716144496691,0.0663438555033089
1062,6.56864,6.301198480248221,0.2674415197517792
4190,5.2204,5.736205277433498,-0.5158052774334987
1007,6.45593,6.138315910255696,0.3176140897443043
1944,6.271825,6.289691556225268,-0.017866556225268226
1462,5.06048,5.964678847494949,-0.9041988474949489
1445,5.1549,6.289490734714319,-1.1345907347143198
4274,6.68867,7.07779800433761,-0.38912800433760975
4527,5.03953,6.2967259137749485,-1.2571959137749484
4133,5.44563,6.4474612348624625,-1.001831234862462
2046,7.48812,8.551937095691265,-1.063817095691265
1557,5.02687,6.109771416813781,-1.0829014168137814
199,5.92082,6.284038756577723,-0.36321875657772296
1397,8.1549,7.052471358346665,1.1024286416533347
3905,5.47886,6.312852080624396,-0.8339920806243963
1235,6.63827,6.806409285377757,-0.16813928537775702
668,5.16368,7.185445664353567,-2.021765664353567
1400,7.61979,6.715823471307781,0.9039665286922194
3310,6.13077,6.462814100628997,-0.33204410062899736
2681,5.3851,6.016009557511591,-0.6309095575115906
363,6.49485,6.280455076382498,0.214394923617502
501,6.56864,6.362714599749037,0.20592540025096362
4510,5.38091,6.032594163792382,-0.6516841637923818
4161,6.49485,6.164179469961165,0.3306705300388346
148,5.20329,6.098223545934952,-0.8949335459349523
1937,6.79588,6.395884419879843,0.3999955801201578
2082,6.65365,6.6344203005024385,0.01922969949756137
3470,8.26122,7.826145490889197,0.4350745091108026
1551,6.59176,6.49723813528481,0.09452186471518953
1564,7.5544,6.825450405527079,0.7289495944729216
1118,5.50307,6.7528166064008035,-1.2497466064008034
91,6.95861,6.957603988388894,0.001006011611106139
1272,5.67778,6.556449784388158,-0.8786697843881575
4428,5.18376,6.047682503693272,-0.8639225036932716
3826,5.8962,6.075737868042203,-0.1795378680422024
1528,5.0,5.894368760965461,-0.8943687609654614
969,8.01592,8.061327164624647,-0.04540716462464722
1816,6.85387,6.857670455978538,-0.0038004559785385084
75,6.12494,6.570793889451791,-0.44585388945179183
2784,6.04769,7.101853785398544,-1.0541637853985435
1517,7.46852,7.317471966815012,0.1510480331849875
1802,6.91507,7.222591359714074,-0.307521359714074
4547,5.78357,5.988445328262515,-0.2048753282625153
1449,5.39794,6.661533310579006,-1.2635933105790063
3216,5.00261,6.144043028849759,-1.1414330288497592
3726,9.38722,7.840036520527106,1.547183479472893
446,5.43652,5.794576449543948,-0.3580564495439482
1897,7.75945,8.350190374556293,-0.5907403745562929
586,5.11,6.074541046762382,-0.9645410467623821
2317,6.58503,6.591331910047947,-0.00630191004794689
2143,6.05849,6.240937987968714,-0.18244798796871375
2954,9.02228,7.681893698933131,1.3403863010668697
3973,6.12494,6.177477647741994,-0.05253764774199432
613,7.22185,6.342695597528849,0.8791544024711513
2265,5.60206,6.375328287549012,-0.773268287549012
1510,7.85387,7.266323466992432,0.5875465330075675
1537,6.1549,5.76655284237008,0.38834715762991934
4325,6.07988,6.242262455856513,-0.16238245585651256
4445,8.04001,6.9108471034546035,1.129162896545397
160,5.52288,6.121318258356317,-0.5984382583563175
1716,7.92082,6.475854337390426,1.4449656626095742
592,5.52288,6.157265500176652,-0.6343855001766521
4433,6.09583,6.251613662637504,-0.15578366263750354
3074,6.25259,6.663285308253831,-0.41069530825383094
4477,5.3279,5.98608405256806,-0.6581840525680605
1011,6.5,7.3495422283533065,-0.8495422283533065
3722,8.73993,8.035430914431663,0.7044990855683366
648,8.22185,7.369842114178584,0.8520078858214157
3349,5.88941,7.079008245141062,-1.1895982451410623
358,7.00436,6.931227736681552,0.07313226331844813
1847,5.20066,5.7764194313030455,-0.5757594313030454
33,6.1549,6.642505103927603,-0.4876051039276037
4409,5.42829,6.074324400721116,-0.6460344007211161
650,6.46852,6.757865724199741,-0.28934572419974103
1280,6.35655,6.649296240886017,-0.2927462408860162
4386,5.94692,6.3554411523414265,-0.40852115234142605
2754,7.32003,6.634532426706034,0.6854975732939659
4132,6.27646,6.419773301191049,-0.14331330119104901
3079,5.30103,6.1938909686223225,-0.8928609686223226
2425,6.03152,6.232582539253295,-0.20106253925329476
94,7.55284,6.925139224932866,0.627700775067134
2853,8.5784,7.971612135836451,0.6067878641635494
2884,8.38828,7.188396241982186,1.1998837580178137
2540,8.20761,8.001634682360987,0.20597531763901422
1864,6.06048,6.05261993774645,0.007860062253549849
2538,7.73993,7.872703694815153,-0.13277369481515322
2473,5.92996,6.493937642392694,-0.5639776423926941
2588,5.31876,5.560199737717471,-0.24143973771747085
2080,7.24413,6.672123252046837,0.5720067479531634
574,6.67778,6.1228247738512716,0.5549552261487287
1008,7.30103,6.278919438672977,1.0221105613270227
2362,5.86328,5.906821126131422,-0.043541126131422025
1041,6.74473,6.252531356928857,0.49219864307114225
4528,6.4318,6.36523095645658,0.06656904354341986
929,7.7986,6.802956289308207,0.9956437106917937
1498,7.36653,7.360452918090341,0.0060770819096589435
4292,6.98716,6.535566603732932,0.45159339626706796
3503,9.35655,8.271705989693451,1.0848440103065489
3504,9.92082,8.270506832525184,1.6503131674748168
4343,5.71444,6.093119469301066,-0.37867946930106644
1114,6.90309,6.933642172702084,-0.03055217270208388
2855,8.64782,7.959910383362556,0.6879096166374437
935,7.59007,6.67076973782076,0.9193002621792399
4356,5.52143,7.107861572768001,-1.5864315727680012
2287,8.3363,7.660064919051241,0.676235080948759
1106,6.94692,6.877395902513783,0.06952409748621768
67,7.115494999999999,6.971074542384935,0.14442045761506428
3346,5.17328,6.839141220940085,-1.6658612209400845
2731,5.63827,5.899986819902707,-0.26171681990270645
1320,7.74473,8.072116189216745,-0.3273861892167451
4088,5.11862,5.614468925146891,-0.49584892514689116
1652,5.11407,5.910228729047157,-0.796158729047157
820,6.90309,6.98832902488968,-0.08523902488968016
3953,6.29243,6.395986638015006,-0.10355663801500548
1336,5.58503,6.354000046214248,-0.7689700462142479
515,5.74958,6.201461932631792,-0.45188193263179244
2677,6.22185,7.339978732242301,-1.118128732242301
1516,7.78252,7.311878217764084,0.4706417822359157
1352,8.1549,6.4913738516849815,1.663526148315018
77,6.40894,6.797953120289057,-0.3890131202890563
1329,9.1549,8.880001427214621,0.27489857278537855
1472,6.14267,6.214488398059392,-0.07181839805939205
1968,7.46852,6.130597517026678,1.3379224829733216
971,7.30103,8.005652727665398,-0.7046227276653978
856,5.41657,6.054782574196089,-0.6382125741960891
2809,6.67778,6.09074049861966,0.5870395013803407
351,7.85387,7.329316838036805,0.5245531619631949
3874,5.71086,6.125536116761097,-0.41467611676109684
1263,6.58336,7.6355695575904186,-1.0522095575904187
253,7.66154,7.825231899426943,-0.16369189942694362
3969,6.26761,6.336751474777408,-0.06914147477740773
3904,7.38722,6.283597214034754,1.1036227859652463
1128,7.00436,6.107683963215006,0.896676036784994
1042,6.05061,6.204196137894683,-0.153586137894683
3903,5.40671,6.2846141331502325,-0.8779041331502322
3127,7.0,7.558734413155141,-0.5587344131551406
4153,8.09691,8.268968488716192,-0.17205848871619267
4186,5.26841,6.1788628271323045,-0.9104528271323042
966,7.85387,8.171948412832212,-0.31807841283221183
2934,5.21396,6.268819612165785,-1.0548596121657852
944,5.62525,5.929295576771628,-0.30404557677162813
1823,5.36552,5.9244863629831,-0.5589663629831003
4252,6.41417,6.929678319190969,-0.5155083191909684
2961,5.32606,6.048828673247842,-0.7227686732478418
3560,5.88606,6.265027179858779,-0.3789671798587797
580,7.55284,6.45298818682879,1.0998518131712096
4185,6.52288,6.245768908198865,0.27711109180113436
3936,9.67985,7.57182594450696,2.10802405549304
370,7.20761,6.716236127842757,0.4913738721572427
819,6.87615,6.924523652417936,-0.04837365241793634
1962,8.68613,7.967179158342818,0.7189508416571826
585,6.30103,6.10603373277897,0.19499626722102992
1879,5.63451,6.294324855814593,-0.6598148558145933
27,6.08092,6.39973581936138,-0.31881581936138037
4507,6.26761,6.006575831989987,0.26103416801001345
1331,6.22915,5.861456341352637,0.3676936586473625
4208,5.635015,6.515631282266866,-0.8806162822668657
3947,5.28432,6.198812065927923,-0.9144920659279228
796,5.50864,6.020694994793611,-0.512054994793611
1456,5.22185,6.22840457016026,-1.0065545701602598
1457,5.69897,6.22840457016026,-0.5294345701602596
2424,5.23136,6.2522724163969245,-1.020912416396925
4539,5.09259,5.882404119669663,-0.7898141196696624
194,8.05061,6.598179271134595,1.452430728865406
1614,7.0716,7.167356053390049,-0.09575605339004856
3809,6.05552,5.558234403491508,0.49728559650849125
3511,5.14267,6.106434596534792,-0.9637645965347925
4331,5.36292,6.296441279141029,-0.9335212791410292
3972,5.34199,6.106115816840974,-0.7641258168409744
3877,6.56067,6.439249417562618,0.12142058243738241
2992,5.3098,6.147781482678548,-0.8379814826785479
3311,6.29243,6.352867495455191,-0.06043749545519095
58,5.19,6.038759636526822,-0.8487596365268217
4229,6.36051,6.040078945644166,0.32043105435583374
3510,5.42713,6.0915967628565575,-0.6644667628565575
3572,5.31069,5.689890287955919,-0.37920028795591865
2150,6.72125,6.0939253109834,0.6273246890166
1353,8.09098,6.745108924207848,1.345871075792152
662,8.09098,6.8116852138896755,1.2792947861103245
1399,7.79588,6.972639728337927,0.8232402716620735
1477,7.16749,6.221773367083305,0.945716632916695
2133,5.61618,6.265208144987004,-0.6490281449870041
1261,7.08092,7.630386010298057,-0.5494660102980573
3880,6.63827,6.418161414231663,0.22010858576833758
1558,5.25181,6.223450837163615,-0.9716408371636147
3727,9.20066,8.006820941108673,1.1938390588913261
2591,5.57675,5.710963496197605,-0.1342134961976056
3810,5.0,5.956131687825507,-0.9561316878255068
1296,8.56864,8.086067951123864,0.48257204887613625
2956,7.27572,7.488020888294328,-0.2123008882943287
195,6.31876,6.972457790411934,-0.6536977904119334
1446,5.09691,6.52033870836922,-1.4234287083692196
4273,6.6332,6.985756243391788,-0.3525562433917875
3508,6.92082,6.187431178707884,0.7333888212921158
1717,5.78781,6.0611191786263525,-0.2733091786263522
38,7.09691,6.5397244371822,0.5571855628178
3876,6.18177,6.472373146821796,-0.29060314682179555
4512,9.0655,6.939882667883562,2.1256173321164384
4332,5.195735,6.194879085921039,-0.9991440859210394
1466,7.12494,6.498647104134817,0.6262928958651823
3149,7.42022,7.572085225351355,-0.15186522535135527
453,5.89963,6.603349687358448,-0.7037196873584479
1501,7.69897,7.521399554805575,0.17757044519442466
3466,6.80883,7.697005929610193,-0.8881759296101928
719,6.21467,6.630888291945824,-0.4162182919458237
718,5.61618,6.630888291945824,-1.0147082919458237
603,6.08092,6.630888291945824,-0.5499682919458238
4078,7.95861,6.554498049295444,1.4041119507045563
1940,6.647905,6.217348521062083,0.43055647893791704
1324,7.33724,8.225750545544665,-0.8885105455446647
4294,7.02687,6.775391241970336,0.2514787580296636
3455,6.40494,7.395410184499913,-0.9904701844999133
4513,7.29158,8.227170112308695,-0.9355901123086952
4157,7.046835,7.2963536469984644,-0.2495186469984647
1810,6.92082,6.996571422743896,-0.07575142274389624
3768,7.70553,6.177936188531346,1.5275938114686545
3209,6.39794,5.96388703623872,0.43405296376128
2137,6.5867,6.0593931245387616,0.5273068754612389
3575,5.38902,6.044008476929307,-0.6549884769293071
1814,7.69897,6.951290538485232,0.7476794615147684
2320,6.93181,6.717880320828513,0.21392967917148642
4476,5.34679,6.0539997035678175,-0.7072097035678171
2806,6.0348,6.273062921617603,-0.23826292161760332
1977,5.08619,6.022166274493936,-0.9359762744939362
19,5.42022,6.697950698023601,-1.2777306980236016
2604,7.43063,6.135660286077374,1.294969713922626
3478,8.97469,7.417633354601253,1.557056645398748
683,7.41567,7.744392168967184,-0.3287221689671833
4002,5.46852,6.010777877342316,-0.5422578773423163
2167,5.82391,6.1990002112424305,-0.3750902112424308
3840,5.24336,6.276765838644589,-1.0334058386445886
745,8.29414,6.633301802147293,1.6608381978527076
581,5.21,5.953544997730827,-0.7435449977308268
2015,6.81531,7.193838279550889,-0.3785282795508884
769,5.97,6.6482851826667,-0.6782851826667002
1583,6.64397,6.345624013504187,0.29834598649581334
1584,7.14874,6.368106896067027,0.7806331039329732
2952,5.4828,6.28672899432043,-0.8039289943204295
3355,5.5784,5.924294079556416,-0.34589407955641605
203,8.07572,6.488567522241638,1.5871524777583623
3535,6.49485,6.242736128793702,0.2521138712062978
853,6.63676,6.631875993451664,0.004884006548335762
774,6.77001,6.924048593874176,-0.1540385938741755
771,6.91999,7.160348634481134,-0.24035863448113393
2782,5.03306,6.938899075947503,-1.9058390759475028
1736,5.23582,5.499322495844206,-0.2635024958442056
2170,5.77211,6.102310306623693,-0.33020030662369315
1967,7.25964,5.996976094086955,1.262663905913045
3137,6.34294,7.4205979162858515,-1.077657916285852
3843,6.66555,6.1555666181312265,0.5099833818687731
43,5.82391,6.497897844048473,-0.6739878440484732
3494,8.10292,8.255165623470466,-0.152245623470467
4104,5.14388,5.581561031956516,-0.4376810319565161
933,5.26201,6.654418262021059,-1.3924082620210587
934,5.38091,6.654418262021059,-1.2735082620210587
1468,6.20761,6.422089180836216,-0.2144791808362161
651,6.72125,6.636097572782646,0.08515242721735472
2303,5.29243,5.93340121606776,-0.6409712160677596
4080,6.97964,6.538332287062849,0.4413077129371512
239,7.56225,7.225803779788663,0.33644622021133674
685,7.48545,7.794613668724499,-0.30916366872449874
4074,5.11862,6.155824020342678,-1.0372040203426778
2741,6.05061,6.151263547956642,-0.10065354795664216
2771,6.18842,6.152377957234798,0.036042042765202176
1443,7.0,7.02331254722505,-0.02331254722504994
712,5.25885,7.388781879087321,-2.129931879087321
678,8.52288,7.486047915732107,1.0368320842678935
775,7.19997,6.924295543944653,0.2756744560553477
1265,8.05552,7.784790180525745,0.2707298194742549
3304,7.55284,6.272053164915872,1.280786835084128
923,9.17393,8.139335453260571,1.034594546739429
3350,7.35952,7.657563459693247,-0.29804345969324686
1637,5.825555,5.8990073170463075,-0.07345231704630795
3089,5.97881,5.875101122862014,0.10370887713798638
3104,8.28819,8.517313012086285,-0.22912301208628527
310,9.24413,8.075136596803128,1.1689934031968718
2301,5.52288,6.646465893531242,-1.1235858935312422
1026,5.52288,6.646465893531242,-1.1235858935312422
2079,7.16115,6.681954248292496,0.47919575170750406
1605,6.85699,7.277964232172972,-0.4209742321729726
3415,7.00745,6.711331281465297,0.2961187185347036
583,5.88606,6.206760157210779,-0.32070015721077905
4474,5.06098,6.313223547568681,-1.252243547568681
228,5.20066,6.441939621126343,-1.2412796211263428
1441,7.39794,7.017541845259996,0.3803981547400044
2605,5.22185,6.1118949066565,-0.8900449066564997
1718,7.03152,6.143760619706517,0.8877593802934838
832,7.76195,7.207150815955428,0.5547991840445716
241,8.26761,7.039393851572838,1.2282161484271619
2086,6.91721,6.748240330699397,0.1689696693006031
1509,7.1549,7.386393909259827,-0.23149390925982782
3450,6.77469,7.133336942327571,-0.35864694232757177
1949,6.714205,6.0900976258339,0.6241073741660994
679,8.38722,7.501685907386699,0.8855340926133
3827,6.86967,6.055553669482157,0.8141163305178436
833,8.10846,7.429272253607981,0.6791877463920182
71,4.97879,5.896375959825549,-0.9175859598255487
3044,8.60206,8.498969589758286,0.10309041024171428
4333,5.17914,6.218784125044703,-1.0396441250447026
229,6.33724,6.683576876384335,-0.34633687638433486
1164,6.96658,6.617679627151238,0.3489003728487621
1788,7.1549,6.580628915406724,0.5742710845932759
874,6.01773,6.32059578124049,-0.3028657812404898
2453,7.04624,7.0558708400302015,-0.009630840030201426
2224,8.1549,6.764513001849198,1.3903869981508015
3185,7.4318,6.605128876849294,0.8266711231507058
4443,7.55596,6.791001321075195,0.7649586789248044
184,7.02687,6.806344183765461,0.22052581623453893
1431,7.28001,7.16951452956117,0.11049547043882946
3414,6.8146,6.704016118542555,0.1105838814574458
567,5.60206,6.150523144921373,-0.5484631449213735
3937,6.56225,6.413591474141706,0.14865852585829398
243,7.08302,7.074674404328731,0.008345595671269024
1779,6.644945,6.711398109205382,-0.06645310920538172
2564,6.34679,6.348591534238979,-0.0018015342389787747
3078,5.61979,6.0157968296805375,-0.39600682968053746
2813,5.70115,6.19554400603195,-0.49439400603194983
3961,5.1549,6.908667950648351,-1.753767950648351
487,6.92082,6.938265250267293,-0.0174452502672926
4327,5.439715,6.236684537415224,-0.7969695374152241
4202,5.47301,5.662002936045198,-0.18899293604519762
3048,8.88606,8.541096738150472,0.34496326184952864
1262,6.75449,7.650652301976824,-0.8961623019768243
494,7.52288,6.7552526460134965,0.7676273539865033
3347,5.59007,6.7552526460134965,-1.1651826460134966
4170,5.85699,5.904260801800289,-0.04727080180028942
4565,6.37675,5.836430357089544,0.5403196429104566
1811,6.56864,6.914672088173926,-0.34603208817392606
3122,8.50004,7.600827263156656,0.899212736843344
2318,5.98464,6.635592052163961,-0.6509520521639613
1309,5.79317,7.083840841366427,-1.2906708413664267
2222,5.39794,6.690226164241883,-1.292286164241883
2808,6.21467,6.092334535720026,0.1223354642799741
714,5.0048,6.498686274318327,-1.493886274318327
340,7.0,7.065104161123395,-0.06510416112339534
3180,6.60206,6.0904519906512045,0.5116080093487954
2823,7.69897,6.969041212906095,0.7299287870939049
1357,5.36653,6.206988781814493,-0.8404587818144931
578,5.21,5.873629382178044,-0.6636293821780441
563,5.28,5.903018732030632,-0.6230187320306317
4427,5.33913,6.06195374417196,-0.7228237441719605
244,7.79187,7.214385082789306,0.5774849172106942
3300,7.7167,6.269877418756105,1.4468225812438957
1719,7.36653,6.269877418756105,1.0966525812438954
2068,6.34361,6.631529180387517,-0.28791918038751696
779,8.48004,6.902747686921322,1.5772923130786785
3447,6.76955,6.326621192430466,0.4429288075695341
2047,7.76195,8.51435725614027,-0.7524072561402706
1177,8.65758,7.451588785209187,1.2059912147908127
1632,8.28567,7.59307456643967,0.6925954335603297
3682,5.65758,6.141245335860262,-0.4836653358602616
3453,6.5064,7.256778032395961,-0.750378032395961
2831,5.08725,5.973198551091019,-0.885948551091019
3732,5.39794,6.188470067385999,-0.7905300673859985
3134,7.5376,7.323664951282806,0.21393504871719404
2811,6.5376,6.088975221185094,0.4486247788149065
2996,6.20761,6.3560818450203405,-0.1484718450203406
2418,6.12205,6.267108507917014,-0.1450585079170139
2077,6.02826,6.673897672279533,-0.6456376722795323
3559,6.09151,6.094131517276485,-0.0026215172764842976
154,6.72125,6.6702509611410985,0.05099903885890189
4569,7.284,7.40424254286437,-0.12024254286437053
3499,7.31966,7.909135999362083,-0.5894759993620831
2153,6.10237,5.955692182182173,0.1466778178178263
4329,5.37479,6.293625285949099,-0.9188352859490987
134,6.14874,6.339182881536637,-0.19044288153663658
3667,7.64397,7.946470517303171,-0.3025005173031703
1818,6.0,6.272866380313819,-0.27286638031381916
56,5.35,6.06604124229905,-0.7160412422990508
4429,5.0,5.91041973620219,-0.91041973620219
3919,7.88606,7.35549123499226,0.5305687650077395
480,7.30103,6.84615473644921,0.45487526355078955
1790,6.02506,6.450893691725282,-0.4258336917252823
1782,7.134205,6.408642155628877,0.7255628443711224
3998,5.38722,6.294543382391975,-0.9073233823919749
928,8.85078,6.974745656320436,1.8760343436795646
205,6.081145,6.200993099212952,-0.11984809921295181
727,7.13312,6.151896230301621,0.9812237696983788
1881,8.29757,7.472766767366394,0.8248032326336068
1966,5.20066,6.311362263813848,-1.110702263813848
4362,5.37779,6.236187652049615,-0.8583976520496153
571,7.13077,6.240625515515029,0.8901444844849706
3894,5.59482,6.454728144846517,-0.8599081448465169
490,6.18709,6.339088768948965,-0.1519987689489648
3845,6.64782,6.017429920531266,0.630390079468734
1294,8.72125,7.738708590330015,0.9825414096699845
943,5.67778,6.013939511992919,-0.3361595119929186
3672,7.09691,6.386242746294074,0.7106672537059264
3671,9.48149,6.964379044802196,2.517110955197805
3100,8.44249,6.5833361547122,1.8591538452877998
1791,5.5391,6.353483448869412,-0.8143834488694113
4434,7.04096,6.377411405690144,0.663548594309856
589,6.58503,6.122063324621849,0.4629666753781505
1358,5.44855,6.1676658472718495,-0.7191158472718495
1275,5.35655,6.293660716658459,-0.9371107166584585
1751,6.31069,6.70301098684958,-0.3923209868495796
4004,8.0,6.424398355237465,1.5756016447625347
872,8.17718,7.132545158241562,1.0446348417584375
2289,6.56915,7.003218991108415,-0.4340689911084157
4249,6.92082,6.432787594825346,0.4880324051746543
1194,9.31876,8.323986264751817,0.9947737352481827
359,7.04576,7.00985944980203,0.03590055019796967
1185,7.76955,7.058398269364122,0.7111517306358781
1240,7.88606,6.7064343575071375,1.1796256424928622
366,8.02687,7.364387848039248,0.6624821519607522
1127,6.8962,6.684076707535862,0.2121232924641383
1965,5.60206,6.266477256556292,-0.664417256556292
237,7.93181,7.8526338721205455,0.07917612787945405
1458,6.09691,6.358910319150736,-0.2620003191507356
251,7.09909,6.99147797681752,0.10761202318248042
3051,5.49485,6.065321608973779,-0.5704716089737794
3841,7.0,6.045499541846288,0.9545004581537118
3144,6.31876,6.280871295904,0.03788870409599987
777,8.18,7.008404907291579,1.1715950927084204
772,8.24003,7.248636867490031,0.9913931325099696
1692,5.07,5.659769569654335,-0.5897695696543348
1439,6.30103,6.918990349180722,-0.6179603491807217
146,6.18177,6.10186213683025,0.07990786316975029
1402,7.49485,6.930920915581776,0.5639290844182234
462,5.527355,5.972505196889044,-0.44515019688904367
3928,9.13668,7.594214598599535,1.5424654014004648
4129,6.27474,6.400479680035729,-0.12573968003572844
3050,6.10791,6.120542517308797,-0.012632517308796665
165,5.98297,6.103822771717031,-0.1208527717170309
1351,6.30103,6.280728070083889,0.020301929916111128
1095,7.16749,7.012130613851886,0.15535938614811418
2926,7.35556,6.434173796257407,0.9213862037425926
3858,5.34679,6.129635819612459,-0.7828458196124588
2451,5.89466,5.848927879768053,0.04573212023194717
1800,7.01323,6.649493502739172,0.36373649726082835
4001,5.82391,6.092712678935996,-0.2688026789359963
731,5.49435,6.1956504336269,-0.7013004336269004
1063,6.35655,6.320322992847655,0.036227007152345614
2898,6.96497,7.570303711400717,-0.6053337114007169
1430,7.79997,7.271165364657763,0.5288046353422367
4244,6.71897,5.996292917753428,0.7226770822465713
3340,5.05849,5.950693240869837,-0.8922032408698373
4470,5.23359,6.286652800031886,-1.0530628000318858
4478,6.04576,6.203890228257777,-0.158130228257777
4475,7.14874,6.017391269912959,1.1313487300870415
3786,6.09745,6.298167270301445,-0.20071727030144437
3505,9.56864,8.268058022212534,1.3005819777874663
3464,7.81816,7.770136616725006,0.04802338327499367
1334,5.88606,6.301926117492471,-0.41586611749247115
1559,7.30103,6.344986676910881,0.9560433230891192
1269,5.04096,6.302154503344418,-1.2611945033444183
1527,5.00877,6.013571908096692,-1.0048019080966917
741,7.14206,7.361374752292031,-0.21931475229203112
1245,5.39794,6.309431185434697,-0.9114911854346968
4210,5.767,6.131728135085797,-0.36472813508579627
238,7.90658,7.362591954035168,0.5439880459648316
3846,6.08619,6.01916988517687,0.06702011482312997
594,9.52288,7.673604091845252,1.8492759081547483
2135,7.74473,6.3352326941373285,1.4094973058626712
717,7.42022,6.941594600296374,0.47862539970362583
1004,6.82391,6.993397260092751,-0.16948726009275106
3669,7.91721,8.009325592712438,-0.09211559271243797
1448,5.04576,6.473556693094955,-1.4277966930949555
4264,6.29229,6.631340282037948,-0.33905028203794796
2467,7.73755,7.102704143594396,0.6348458564056036
1813,7.52288,6.944771243927958,0.5781087560720417
4563,6.94692,6.251550449436358,0.6953695505636421
4363,7.5376,5.96504477884249,1.5725552211575105
3183,5.02687,6.074630628993821,-1.0477606289938208
1188,5.92082,6.618255526696094,-0.6974355266960943
3668,7.93181,8.006714218638363,-0.0749042186383635
3957,5.31426,6.342963098281282,-1.028703098281282
4524,7.39794,6.647151500661878,0.750788499338122
653,6.12494,6.69170732993399,-0.5667673299339908
3728,8.90309,7.905259714791619,0.9978302852083818
4263,6.2583,6.634463490934403,-0.3761634909344025
4158,7.19382,6.497802635462749,0.6960173645372505
0,6.12494,6.094664196762713,0.030275803237286958
1057,6.60206,6.216285106166224,0.3857748938337755
2221,6.90309,7.408502646013385,-0.5054126460133856
915,5.23657,6.199950384203051,-0.9633803842030506
851,6.54303,6.528779421128496,0.01425057887150416
472,7.65758,6.90434140420252,0.7532385957974803
3383,6.51999,5.7814607297070255,0.7385292702929744
1364,6.6103,6.340891049054909,0.269408950945091
1781,6.90344,6.696746178579482,0.20669382142051784
3916,5.25964,6.538762851624022,-1.279122851624022
1416,8.43997,7.235176595415399,1.2047934045846018
362,6.65758,6.802570102699798,-0.14499010269979795
1467,7.22185,6.4955694212217,0.7262805787783
1039,6.69897,6.319493885016226,0.379476114983774
1454,8.0,7.0246967548286685,0.9753032451713315
4347,5.71444,6.161792435455952,-0.4473524354559526
1129,6.92082,6.032059161020295,0.8887608389797048
3473,8.7122,7.995963922192246,0.7162360778077534
1797,6.78781,6.7855091112459025,0.0023008887540978407
566,5.82391,6.131161910253892,-0.30725191025389265
3509,5.25337,6.104162834169659,-0.8507928341696589
4353,6.86646,6.2688596226508135,0.5976003773491865
2296,6.72946,7.288859952448709,-0.5593999524487083
3790,6.03953,6.251533473606859,-0.21200347360685878
2923,7.74473,6.313618143143156,1.4311118568568437
1518,7.54668,7.3291620706656815,0.2175179293343188
1330,8.52288,8.882335445167714,-0.359455445167713
3147,6.284,6.042918356170742,0.24108164382925779
1483,6.95861,6.4682328273337415,0.4903771726662587
2136,6.79588,6.109068561517331,0.6868114384826693
4348,5.71444,6.10362809572013,-0.38918809572013036
1367,7.0,6.355687809008963,0.6443121909910374
1247,5.0,6.276877320148567,-1.276877320148567
3417,7.96981,6.490690650824924,1.4791193491750763
1191,7.88606,6.841959134532066,1.044100865467934
2949,8.75007,7.364394955628315,1.385675044371684
187,5.35655,6.572791178381076,-1.2162411783810754
4152,7.60206,7.2518201323789055,0.35023986762109427
1604,7.04818,7.246677487284319,-0.19849748728431837
871,7.70553,7.339984169645074,0.36554583035492616
2134,6.72816,6.206605508650892,0.5215544913491081
3297,7.08092,5.808414295690753,1.2725057043092471
1315,8.35655,9.09389148440323,-0.7373414844032293
2558,6.01278,6.089571954114094,-0.07679195411409356
3962,5.76955,6.921599560829904,-1.1520495608299042
4568,7.95468,6.570739531175976,1.383940468824024
1980,6.09691,5.9945252313954205,0.10238476860457979
2812,5.93554,6.091786775122197,-0.15624677512219698
3927,8.87615,6.5538887970368425,2.3222612029631584
3099,7.5817,6.1990791773561895,1.3826208226438101
4346,5.71444,5.966933867897735,-0.2524938678977353
2085,7.34679,6.708182310998005,0.6386076890019954
1824,5.30715,5.441176065585882,-0.13402606558588204
3863,7.52244,6.217347808283046,1.3050921917169536
1328,8.82391,8.829131855033557,-0.005221855033557432
3766,7.65365,6.624711839319028,1.0289381606809718
972,7.6038,7.936703916123105,-0.3329039161231053
3483,8.89279,6.133906366541307,2.7588836334586926
3482,8.80967,6.133906366541307,2.6757636334586934
3933,6.98297,7.110649725640749,-0.12767972564074892
3837,6.04576,6.3600656288669954,-0.31430562886699587
3299,6.1261,6.3369568459466965,-0.2108568459466964
1274,6.52288,6.171421919987661,0.351458080012339
2081,6.92812,6.549591056706819,0.37852894329318065
1365,6.79371,6.283548685937134,0.5101613140628656
891,6.74232,6.022921771755299,0.7193982282447013
1410,5.52288,6.161093035906587,-0.6382130359065874
2951,5.97,6.814169501417364,-0.8441695014173645
1635,6.61979,6.092221774083552,0.5275682259164478
79,7.39794,6.979210854295197,0.4187291457048028
2225,7.22915,6.8755461689012485,0.35360383109875126
181,5.48149,6.7970649750968954,-1.3155749750968955
1693,5.77,5.74183457223788,0.0281654277621195
1613,8.34775,7.46671933288043,0.8810306671195693
3971,5.49485,6.007609713110902,-0.5127597131109027
190,5.0,6.579651631029368,-1.5796516310293676
3819,5.28233,6.222306586374457,-0.9399765863744571
1453,9.0,6.997511179187299,2.002488820812701
900,7.44977,7.216003041857522,0.2337669581424784
3785,6.00524,6.265213155371774,-0.25997315537177457
582,6.48149,6.110037848977389,0.371452151022611
1746,5.18842,6.326521361871565,-1.1381013618715654
1027,5.22185,6.413147997147896,-1.1912979971478963
773,8.24003,7.324018487670783,0.9160115123292183
1297,8.79588,8.088355504997052,0.7075244950029482
471,7.521435,7.065811296225694,0.4556237037743065
505,7.0,7.10489841276403,-0.10489841276402956
3418,8.96658,6.494873599960079,2.4717064000399214
1409,5.0,6.65033996453748,-1.6503399645374799
3098,7.51286,6.027556885614095,1.4853031143859052
395,5.47,5.946608196870484,-0.47660819687048406
1859,5.38195,6.330005692017089,-0.9480556920170891
3156,7.2321,7.459983654471431,-0.2278836544714311
1341,5.07058,6.241699971269996,-1.171119971269996
3155,7.62709,7.528301789787272,0.09878821021272799
3120,8.70006,7.739825626748691,0.9602343732513097
4087,9.284,7.617390042976953,1.6666099570230477
3056,6.85387,6.165871602252281,0.6879983977477186
4324,6.30016,6.280237309538518,0.019922690461481984
4330,5.50328,6.228417794348598,-0.7251377943485977
1722,5.17005,5.5090425003613674,-0.33899250036136763
3864,5.4828,7.00811324123062,-1.52531324123062
49,7.09691,6.7511998608061425,0.34571013919385774
1029,5.30103,6.221409730242695,-0.9203797302426953
1943,5.377875,6.207273546466001,-0.8293985464660008
176,6.48149,6.540896600723876,-0.059406600723876046
123,6.48149,6.540896600723876,-0.059406600723876046
356,6.46852,6.90508474330142,-0.43656474330142014
3298,6.6517,6.370976971281139,0.2807230287188611
53,5.03152,6.205022242956676,-1.1735022429566753
2358,6.21467,6.119801431913229,0.09486856808677135
3943,6.2636,6.244620723054161,0.01897927694583945
1540,5.23307,6.1055572385211825,-0.8724872385211828
355,6.67778,6.205612415354135,0.47216758464586484
212,6.67801,6.205612415354135,0.4723975846458641
4473,7.63078,6.331465467425194,1.2993145325748054
850,6.41623,6.460501850393015,-0.04427185039301573
3500,8.42022,8.279267778821723,0.14095222117827788
3870,5.01323,6.121754561083388,-1.1085245610833878
4245,9.36653,7.447266289403285,1.9192637105967139
2393,5.79317,6.342539707982898,-0.5493697079828976
3950,7.04576,6.24954392095605,0.7962160790439494
2223,6.88606,6.823167691327449,0.06289230867255036
1536,5.64859,6.257657060512624,-0.6090670605126238
3931,7.0,6.138595617380184,0.8614043826198161
3709,5.88406,6.118419644632223,-0.23435964463222358
4100,5.34104,5.587453113403682,-0.24641311340368244
110,8.34679,6.9592202717853855,1.3875697282146149
4514,8.93554,6.35611318981996,2.5794268101800393
1804,7.00877,7.062606619436461,-0.053836619436460786
2785,7.15927,7.0590239556172465,0.10024604438275375
960,5.22915,6.0999385902196135,-0.8707885902196137
249,7.26281,7.053403970740151,0.2094060292598492
1945,6.174285,6.165123458289029,0.009161541710970944
1539,5.1261,6.52513247071419,-1.3990324707141895
3549,6.17393,6.05881023686302,0.11511976313698025
3477,8.24872,7.915902420662187,0.33281757933781364
1010,6.0,7.541271458035829,-1.5412714580358289
2755,7.34998,6.353659493663312,0.996320506336688
4328,5.09155,6.202706043845561,-1.1111560438455612
1181,6.46852,7.31153222571361,-0.8430122257136103
1493,7.60206,6.2493646795008955,1.3526953204991043
4084,5.4045,6.251652233992752,-0.8471522339927526
579,6.04576,6.125944722119005,-0.08018472211900551
3112,6.70997,6.078310729751023,0.631659270248977
1012,5.6,7.460123026906445,-1.8601230269064457
