file,model,dataset,target,test_mae,test_rmse,test_r2,test_pearson_r,best_validation_mae,best_epoch,epochs_completed,n_train,n_validation,n_test,n_train_scaffolds,n_validation_scaffolds,n_test_scaffolds,n_rejected,n_train_descriptor_values_imputed,n_node_features,n_edge_features,n_global_features,seed,device,features,pearson_r,pearson_p,spearman_r,spearman_p,cv_neg_mae,n_features
GNN_metrics.csv,GraphRegressor,/media/notshadow/d5dd988b-c393-4302-aa45-32bcfc8463c2/WorkFolder/DrugDiscovery-BioInformatics/database/csv/Acetylcholinesterase_Homo_sapiens_cleaned_pipeline,PIC50,0.6907762801920573,0.9093135032915096,0.3534854335838485,0.6225497608244052,0.6507173230540144,48.0,68.0,3108.0,548.0,915.0,984.0,207.0,915.0,0.0,34.0,7.0,13.0,14.0,50.0,cpu,,,,,,,
LightGBM_combined_metrics.csv,LightGBM,,,0.6311637805157947,0.8223498659294474,0.4712330705051403,,,,,3656.0,,915.0,,,,,,,,,,,combined,0.6885224177350302,1.546475008751989e-129,0.6746389616524592,1.6100642359008132e-122,-0.6312806176481482,1050.0
LightGBM_descriptors_metrics.csv,LightGBM,,,0.6779812278876809,0.8775441884713803,0.3978717237350065,,,,,3656.0,,915.0,,,,,,,,,,,descriptors,0.6340025502859684,4.9704614108603215e-104,0.6082053449987285,1.1556716729682653e-93,-0.7140693228356635,15.0
LightGBM_morgan_metrics.csv,LightGBM,,,0.6529574488793862,0.8559799319888153,0.4271008215722766,,,,,3656.0,,915.0,,,,,,,,,,,morgan,0.6624960248573466,1.087259327425416e-116,0.6557742564151632,1.4034805197331318e-113,-0.6346502957432453,1036.0
RandomForest_combined_metrics.csv,RandomForest,,,0.6985074475720362,0.8717841753741802,0.4057502655129471,,,,,3656.0,,915.0,,,,,,,,,,,combined,0.6475569652093836,6.972863258329225e-110,0.6446307584411753,1.3557604776762148e-108,-0.6811626416037324,1050.0
RandomForest_descriptors_metrics.csv,RandomForest,,,0.7186067670286288,0.8983170883764867,0.3690276100002073,,,,,3656.0,,915.0,,,,,,,,,,,descriptors,0.6155398675925771,1.6338016440596862e-96,0.5948904805232051,1.1213714673443515e-88,-0.7202255652285343,15.0
RandomForest_morgan_metrics.csv,RandomForest,,,0.7053347665916955,0.884039239649548,0.388925560318366,,,,,3656.0,,915.0,,,,,,,,,,,morgan,0.6324679023658909,2.1913594786657938e-103,0.637173029723181,2.257685057583077e-105,-0.6854470845319616,1036.0
XGBoost_combined_metrics.csv,XGBoost,,,0.6044707101835658,0.7980809562013547,0.501982127042437,,,,,3656.0,,915.0,,,,,,,,,,,combined,0.710888127529159,1.0270290822037876e-141,0.6934566707903592,3.971602534783445e-132,-0.597351486785515,1050.0
XGBoost_descriptors_metrics.csv,XGBoost,,,0.6612966455209869,0.8568495595880756,0.4259361633958539,,,,,3656.0,,915.0,,,,,,,,,,,descriptors,0.6532974167325567,1.8770300648048504e-112,0.6290827524812332,5.6126208398392894e-102,-0.6993394661183535,15.0
XGBoost_morgan_metrics.csv,XGBoost,,,0.6231369457680958,0.8240264643209576,0.4690747835177804,,,,,3656.0,,915.0,,,,,,,,,,,morgan,0.6904849752975399,1.463153572758107e-130,0.6765229319538935,1.8933697216672382e-123,-0.6041709853099798,1036.0
model_comparison_metrics.csv,XGBoost,,,0.6044707101835658,0.7980809562013547,0.501982127042437,,,,,,,,,,,,,,,,,,combined,0.710888127529159,,0.6934566707903592,,-0.597351486785515,
model_comparison_metrics.csv,XGBoost,,,0.6231369457680958,0.8240264643209576,0.4690747835177804,,,,,,,,,,,,,,,,,,morgan,0.6904849752975399,,0.6765229319538935,,-0.6041709853099798,
model_comparison_metrics.csv,LightGBM,,,0.6311637805157947,0.8223498659294474,0.4712330705051403,,,,,,,,,,,,,,,,,,combined,0.6885224177350302,,0.6746389616524592,,-0.6312806176481482,
model_comparison_metrics.csv,LightGBM,,,0.6529574488793862,0.8559799319888153,0.4271008215722766,,,,,,,,,,,,,,,,,,morgan,0.6624960248573466,,0.6557742564151632,,-0.6346502957432453,
model_comparison_metrics.csv,XGBoost,,,0.6612966455209869,0.8568495595880756,0.4259361633958539,,,,,,,,,,,,,,,,,,descriptors,0.6532974167325567,,0.6290827524812332,,-0.6993394661183535,
model_comparison_metrics.csv,LightGBM,,,0.6779812278876809,0.8775441884713803,0.3978717237350065,,,,,,,,,,,,,,,,,,descriptors,0.6340025502859684,,0.6082053449987285,,-0.7140693228356635,
model_comparison_metrics.csv,RandomForest,,,0.6985074475720362,0.8717841753741802,0.4057502655129471,,,,,,,,,,,,,,,,,,combined,0.6475569652093836,,0.6446307584411753,,-0.6811626416037324,
model_comparison_metrics.csv,RandomForest,,,0.7053347665916955,0.884039239649548,0.388925560318366,,,,,,,,,,,,,,,,,,morgan,0.6324679023658909,,0.637173029723181,,-0.6854470845319616,
model_comparison_metrics.csv,RandomForest,,,0.7186067670286288,0.8983170883764867,0.3690276100002073,,,,,,,,,,,,,,,,,,descriptors,0.6155398675925771,,0.5948904805232051,,-0.7202255652285343,
